NOAM_type,WOC_type,TCC_type,LCOM5_type,number_private_visibility_methods,isStatic_type,LOC_package,NOCS_type,AMW_type,FANOUT_type,CFNAMM_type,NOMNAMM_package,NOM_package,number_static_methods,AMWNAMM_type,number_standard_design_methods,number_not_final_static_methods,LOC_type,NOMNAMM_type,WMC_type,number_not_final_not_static_methods,RFC_type,ATFD_type,WMCNAMM_type,number_private_visibility_attributes,number_protected_visibility_methods,DIT_type,num_not_final_not_static_attributes,NOA_type,number_not_abstract_not_final_methods,number_abstract_methods,LOCNAMM_type,CBO_type,NOM_type,number_final_static_methods,NIM_type,is_data_class
0,0.5,1.0,1.0,4,0,701,0,1.5,1,2,72,72,0,1.5,6,0,54,6,9,6,56,3,9,0,0,3,2,2,6,0,54,5,6,0,32.0,0
0,0.333333,1.0,0.5,0,0,701,0,2.0,0,0,72,72,0,2.0,2,0,18,2,4,2,48,0,4,0,0,3,3,4,2,0,18,5,2,0,30.0,0
0,0.571429,1.0,1.0,3,0,701,0,1.0,1,2,72,72,0,1.0,7,0,34,7,7,7,57,2,7,0,0,3,3,3,7,0,34,5,7,0,32.0,0
0,0.333333,1.0,0.0,0,0,701,0,1.0,0,0,72,72,0,1.0,1,0,4,1,1,1,49,0,1,0,0,3,2,2,1,0,4,5,1,0,32.0,0
0,0.5,1.0,1.0,3,0,701,0,2.0,2,3,72,72,0,2.0,4,0,35,4,8,4,53,0,8,0,0,3,1,1,4,0,35,5,4,0,32.0,0
0,0.5,0.0,1.0,0,0,701,0,1.5,2,3,72,72,1,1.5,2,1,16,2,3,2,41,4,3,0,0,2,0,1,3,0,16,5,2,0,25.0,0
0,0.5,1.0,1.0,1,0,701,0,2.75,3,10,72,72,0,2.75,4,0,43,4,11,4,53,1,11,0,0,3,3,3,4,0,43,6,4,0,31.0,0
0,1.0,1.0,0.333333,0,0,701,0,1.75,0,0,72,72,0,1.75,3,0,26,4,7,4,4,0,7,0,0,1,1,1,4,0,26,0,4,0,0.0,0
0,0.666667,1.0,1.0,1,0,701,0,1.333333,1,2,72,72,0,1.333333,3,0,24,3,4,3,52,0,4,0,0,3,1,1,3,0,24,5,3,0,32.0,0
0,1.0,0.2,0.6,0,0,701,0,2.333333,3,5,72,72,0,2.333333,6,0,44,6,14,7,52,5,14,0,0,3,1,1,7,0,44,7,6,0,30.0,0
0,0.5,1.0,1.0,1,0,701,0,1.0,1,1,72,72,0,1.0,2,0,15,2,2,2,51,0,2,0,0,3,1,1,2,0,15,5,2,0,32.0,0
0,1.0,0.2,0.9,0,0,701,0,5.0,5,13,72,72,0,5.0,6,0,70,6,30,6,52,2,30,3,0,3,4,7,6,0,70,7,6,0,30.0,0
0,0.05,1.0,1.0,4,0,701,0,4.2,1,6,72,72,0,4.2,5,0,83,5,21,5,57,5,21,0,0,3,19,19,5,0,83,5,5,0,32.0,0
0,0.5,1.0,1.0,2,0,701,0,1.0,2,2,72,72,0,1.0,3,0,20,3,3,3,52,0,3,0,0,3,1,1,3,0,20,5,3,0,32.0,0
0,0.5,0.1,0.75,0,0,1752,0,1.6,3,6,171,182,0,1.6,5,0,49,5,8,5,44,4,8,0,4,2,0,1,5,0,49,5,5,0,25.0,0
0,0.5,0.714286,0.708333,0,0,1752,0,1.5714290000000002,2,7,171,182,1,1.5714290000000002,7,1,72,7,11,7,14,5,11,0,3,1,4,4,8,0,72,3,7,0,0.0,0
0,1.0,0.13333299999999998,0.8888889999999999,0,0,1752,0,2.3,3,12,171,182,0,2.3,10,0,98,10,23,10,48,5,23,0,4,2,2,2,10,0,98,5,10,0,22.0,0
0,1.0,0.622222,0.7,0,0,1752,0,1.727273,0,0,171,182,3,1.727273,10,3,70,11,19,8,11,0,19,0,0,2,2,2,11,0,70,0,11,0,6.0,0
0,0.833333,0.9523809999999999,0.5,0,0,1752,0,1.857143,3,7,171,182,0,1.857143,7,0,65,7,13,7,46,1,13,0,2,2,1,3,7,0,65,5,7,0,25.0,0
1,0.6,0.345455,0.8,0,0,1752,17,3.0,18,18,171,182,4,3.2,10,4,244,10,33,8,29,0,32,0,1,1,5,5,12,0,239,1,11,0,0.0,0
0,1.0,1.0,0.5,0,0,1752,0,1.5,0,0,171,182,0,1.5,2,0,19,2,3,3,2,0,3,0,0,1,2,2,3,0,19,0,2,0,0.0,0
0,1.0,1.0,0.0,0,1,1752,0,1.0,0,0,171,182,0,1.0,1,0,5,1,1,2,28,0,1,0,0,2,0,0,2,0,5,1,1,0,10.0,0
0,1.0,1.0,0.0,0,0,2639,0,1.0,1,4,100,109,0,1.0,0,0,18,4,4,4,9,0,4,0,0,4,0,0,4,0,18,1,4,0,15.0,0
0,1.0,1.0,0.6,0,0,2639,0,2.166667,0,0,100,109,0,2.166667,1,0,50,6,13,6,6,0,13,0,0,3,3,3,6,0,50,0,6,0,14.0,0
0,1.0,1.0,0.723214,25,0,2639,2,11.310345,25,51,100,109,6,11.310345,27,6,1371,29,328,23,87,106,328,1,0,1,4,4,29,0,1371,27,29,0,0.0,0
0,1.0,1.0,0.48148100000000005,8,0,2639,0,4.7,1,1,100,109,0,4.7,9,0,243,10,47,10,12,96,47,0,0,1,3,3,10,0,243,28,10,0,0.0,0
0,0.666667,1.0,1.0,0,1,2639,0,1.0,1,1,100,109,0,1.0,0,0,14,2,2,2,3,0,2,0,0,2,1,1,2,0,14,1,2,0,0.0,0
0,0.2,1.0,1.0,0,0,1690,2,1.0,1,1,46,48,0,1.0,0,0,76,2,2,2,3,0,2,0,0,2,8,8,2,0,76,2,2,0,0.0,0
0,1.0,0.0,0.0,0,0,44,0,1.0,0,0,5,5,0,1.0,2,0,15,2,2,3,21,0,2,0,0,2,0,0,3,0,15,4,2,0,11.0,0
0,1.0,0.0,0.0,0,0,44,0,1.333333,2,2,5,5,0,1.333333,3,0,29,3,4,3,15,0,4,0,0,2,0,0,3,0,29,5,3,0,7.0,0
39,0.025,0.08717899999999999,0.9717950000000001,0,0,1293,0,1.0,3,3,27,138,0,1.0,1,0,330,1,40,41,58,15,1,20,0,1,19,20,41,0,330,9,40,0,0.0,1
18,0.28,0.243333,0.898148,0,0,1293,0,1.0,4,3,27,138,0,1.0,7,0,199,7,25,26,40,5,7,9,0,2,9,9,26,0,37,7,25,0,10.0,1
0,1.0,1.0,0.0,1,0,619,0,3.333333,2,3,28,34,1,3.333333,2,1,88,3,10,2,6,1,10,0,0,5,0,0,3,0,88,2,3,0,72.0,0
6,0.8,0.26108400000000004,0.9373040000000001,0,0,619,0,1.833333,1,1,28,34,0,1.75,23,0,518,24,55,30,31,0,42,0,0,1,6,11,30,0,390,1,30,0,0.0,0
0,1.0,1.0,0.0,0,0,619,0,1.0,1,1,28,34,0,1.0,0,0,13,1,1,1,2,0,1,0,0,4,0,0,1,0,13,1,1,0,75.0,0
9,0.709677,0.49359,0.949275,7,0,7963,3,4.8297870000000005,11,30,277,322,2,5.605263,38,0,1342,38,227,41,77,19,213,13,9,1,24,48,41,0,1264,10,47,2,0.0,0
9,0.39534899999999995,0.272895,0.980867,3,0,7963,6,5.92,10,26,277,322,7,6.243901999999999,41,5,3600,41,296,41,80,0,256,15,21,1,41,96,46,0,3405,5,50,2,0.0,0
0,1.0,0.269231,0.882353,5,0,7963,0,15.888889,9,36,277,322,0,15.888889,18,0,1097,18,286,19,61,61,286,2,12,1,0,2,19,0,1097,9,18,0,0.0,0
7,0.3,0.361111,0.8,0,1,7963,0,1.0,0,0,277,322,0,1.0,2,0,112,4,11,11,11,0,4,0,0,1,6,6,11,0,64,0,11,0,0.0,1
0,1.0,0.0,0.0,2,0,993,10,2.0,10,11,106,111,4,2.0,4,4,196,4,8,0,15,0,8,0,0,1,0,0,4,0,196,0,4,0,0.0,0
0,1.0,1.0,0.5,0,1,993,0,1.0,1,2,106,111,0,1.0,1,0,26,2,2,2,4,0,2,0,0,1,3,3,2,0,26,2,2,0,0.0,0
4,0.636364,0.418182,0.8,0,0,993,0,1.0,0,0,106,111,0,1.0,7,0,107,7,11,12,11,0,7,0,0,1,4,4,12,0,67,0,11,0,0.0,1
0,1.0,0.5,0.6,0,0,713,1,2.5,4,4,34,36,0,2.5,4,0,166,4,10,4,34,0,10,5,2,2,4,5,4,0,166,10,4,0,14.0,0
0,0.46738201,1.0,0.0,0,0,713,0,6.0,1,1,34,36,0,6.0,1,0,34,1,6,2,2,2,6,0,0,1,0,0,2,0,34,3,1,0,0.0,0
0,1.0,0.714286,0.854167,0,0,713,0,2.571429,3,4,34,36,0,2.571429,7,0,167,7,18,7,36,0,18,8,1,2,1,8,7,0,167,10,7,0,14.0,0
9,0.46738201,0.38350300000000004,0.953717,10,0,2259,7,3.8730160000000002,5,11,101,113,1,4.314815,50,1,2005,54,244,58,77,3,233,4,19,2,14,23,55,4,1910,3,63,0,38.04488778,0
7,0.5625,0.2,0.866667,0,0,659,0,1.0,0,0,32,53,0,1.0,8,0,175,9,16,16,16,0,9,7,0,1,7,7,16,0,105,4,16,0,0.0,1
0,0.0,1.0,0.0,1,0,509,0,1.0,0,0,31,45,0,1.0,0,0,38,1,1,1,1,0,1,0,0,1,0,6,1,0,38,0,1,0,0.0,0
0,1.0,0.622222,0.3,0,0,197,1,1.545455,1,1,16,16,0,1.545455,10,0,146,11,17,2,12,0,17,1,0,1,1,1,2,0,146,0,11,0,0.0,0
0,1.0,1.0,0.0,1,0,197,0,7.0,0,0,16,16,0,7.0,1,0,42,1,7,2,1,0,7,0,0,1,0,0,2,0,42,0,1,0,0.0,0
0,0.46738201,0.0,1.0,0,0,197,0,2.75,2,4,16,16,0,2.75,3,0,51,4,11,3,8,0,11,0,0,2,4,4,1,2,51,5,4,0,38.04488778,0
9,0.25,0.30303,0.857143,0,0,762,0,1.75,1,0,47,77,0,3.666667,3,0,164,3,21,13,13,0,11,7,0,1,5,7,13,0,79,1,12,0,0.0,1
1,0.75,0.2,0.866667,1,0,2893,0,7.285714,12,20,112,139,1,8.0,5,0,321,6,51,4,38,11,48,5,2,1,5,5,4,0,306,13,7,1,0.0,0
0,1.0,1.0,0.825,3,0,817,2,2.222222,4,2,26,116,2,2.222222,8,2,200,9,20,7,13,1,20,5,0,1,3,5,9,0,200,3,9,0,0.0,0
0,0.46738201,1.0,0.0,0,0,817,0,2.0,0,0,26,116,0,2.0,1,0,10,1,2,2,1,1,2,0,0,1,0,0,2,0,10,1,1,0,0.0,0
3,0.25,0.333333,0.666667,0,0,817,0,1.0,0,0,26,116,0,1.0,1,0,25,1,4,5,4,0,1,2,0,1,2,2,5,0,7,0,4,0,0.0,1
8,0.0,0.14285699999999998,0.857143,0,0,817,0,1.0,0,0,26,116,0,0.0,0,0,47,0,8,9,8,0,0,4,0,1,4,4,9,0,47,0,8,0,0.0,1
6,0.25,0.14285699999999998,0.857143,0,0,817,0,1.0,0,0,26,116,0,1.0,2,0,47,2,8,9,8,0,2,4,0,1,4,4,9,0,11,0,8,0,0.0,1
16,0.0,0.06666699999999999,0.933333,0,0,817,0,1.0,0,0,26,116,0,0.0,0,0,91,0,16,17,16,0,0,8,0,1,8,8,17,0,91,3,16,0,0.0,1
0,1.0,0.0,0.0,0,0,2303,0,1.0,2,2,159,198,0,1.0,4,0,29,5,5,5,18,0,5,0,3,6,0,0,5,0,29,9,5,0,45.0,0
1,0.75,1.0,0.166667,0,0,2303,0,1.0,2,4,159,198,0,1.0,5,0,48,6,7,7,19,2,6,1,3,6,1,1,7,0,38,9,7,0,44.0,0
0,1.0,0.0,0.0,0,0,2303,0,1.333333,2,2,159,198,0,1.333333,5,0,39,6,8,6,18,3,8,0,3,6,0,0,6,0,39,9,6,0,44.0,0
0,0.9193549999999999,0.007519,0.996923,5,0,12655,0,11.893939,0,0,408,440,5,11.893939,62,0,1917,66,785,5,66,0,785,0,4,2,0,5,5,0,1917,1,66,5,51.0,0
0,1.0,0.0,1.0,3,0,928,2,6.857142999999999,6,8,41,41,0,6.857142999999999,6,0,301,7,48,7,23,13,48,0,0,1,6,6,7,0,301,6,7,0,0.0,0
0,1.0,1.0,0.0,0,0,928,0,1.0,0,0,41,41,0,1.0,0,0,8,2,2,2,2,0,2,0,0,3,0,0,2,0,8,0,2,0,15.0,0
0,1.0,0.0,0.0,0,1,928,0,2.0,0,0,41,41,0,2.0,2,0,12,2,4,3,2,0,4,0,0,2,0,0,3,0,12,0,2,0,2.0,0
0,1.0,0.333333,0.9642860000000001,18,0,928,3,5.181818,15,21,41,41,0,5.181818,21,0,603,22,114,22,69,25,114,0,0,1,2,4,22,0,603,15,22,0,0.0,0
2,1.0,0.3,0.94184,27,0,6579,9,2.121212,28,46,385,454,0,2.193548,30,0,1043,31,70,33,104,29,68,0,2,6,36,36,33,0,1015,23,33,0,531.0,0
0,0.0,1.0,0.0,1,0,71,0,1.0,0,0,5,5,0,1.0,0,0,38,1,1,1,1,0,1,0,0,1,0,4,1,0,38,0,1,0,0.0,0
8,0.0,0.14285699999999998,0.8888889999999999,0,0,14229,0,1.1,1,1,399,466,0,1.5,0,0,86,2,11,10,11,0,3,4,0,1,4,4,10,0,22,1,10,0,0.0,1
0,1.0,0.461538,0.894958,5,0,14229,0,13.222222,11,20,399,466,18,13.222222,18,18,1172,18,238,0,71,39,238,9,0,2,0,14,18,0,1172,21,18,0,20.0,0
7,0.22222199999999998,0.166667,0.84375,0,0,14229,0,1.0,1,1,399,466,0,1.0,2,0,86,2,9,9,18,0,2,4,0,2,4,4,9,0,30,2,9,0,8.0,1
4,0.0,0.333333,1.0,0,0,14229,0,1.0,0,0,399,466,0,0.0,0,0,95,0,4,5,4,0,0,2,0,1,9,14,5,0,63,1,4,0,0.0,1
0,0.46738201,0.363636,0.89375,4,0,3052,2,2.647059,7,19,165,176,0,2.647059,15,0,571,17,45,17,39,3,45,10,4,7,10,10,15,2,571,6,17,0,38.04488778,0
0,1.0,1.0,1.0,0,1,3052,0,4.0,2,2,165,176,0,4.0,1,0,66,2,8,2,6,2,8,2,0,6,2,2,2,0,66,2,2,0,574.0,0
0,0.46738201,0.0,1.0,1,0,3052,3,3.857143,5,7,165,176,2,3.857143,5,2,239,7,27,5,14,0,27,0,0,6,1,1,5,2,239,2,7,0,38.04488778,0
4,0.5,0.190476,0.955556,2,0,3052,1,1.4,4,7,165,176,0,1.0,5,0,149,6,14,10,27,1,6,5,0,7,5,5,10,0,91,8,10,0,541.0,0
1,0.921053,0.23968299999999998,0.959936,4,0,4151,1,3.325,17,46,154,176,38,3.384615,38,29,1243,39,133,2,94,14,132,14,0,1,0,16,31,0,1234,20,40,9,0.0,0
8,0.272727,0.14285699999999998,0.9,0,0,4404,0,1.0,0,0,154,202,0,1.0,0,0,83,3,11,11,11,0,3,4,0,1,4,4,11,0,43,0,11,0,0.0,1
0,1.0,1.0,0.0,0,0,147,0,2.0,1,1,20,20,0,2.0,1,0,8,1,2,2,10,0,2,0,0,2,0,0,2,0,8,5,1,0,6.0,0
2,0.6,0.6,0.75,0,0,1645,0,1.8,2,4,56,81,0,2.333333,3,0,95,3,9,5,27,0,7,4,0,3,4,4,5,0,75,7,5,0,18.0,0
15,0.4,0.108374,0.9523809999999999,0,0,1645,1,2.448276,9,23,56,81,0,4.0,14,0,573,14,71,29,67,6,56,10,4,3,14,15,29,0,477,12,29,0,14.0,0
6,0.25,0.380952,0.8857139999999999,0,0,1645,0,1.625,3,9,56,81,0,3.5,1,0,100,2,13,8,19,7,7,2,0,1,5,5,8,0,64,5,8,0,0.0,1
0,0.0,1.0,0.0,1,0,2309,0,1.0,0,0,78,96,0,1.0,0,0,252,1,1,1,1,0,1,0,0,1,0,48,1,0,252,0,1,0,0.0,0
0,0.875,0.22222199999999998,0.96,0,0,323,3,4.4545449999999995,15,29,16,16,0,4.4545449999999995,10,0,323,11,49,11,137,8,49,0,4,3,4,5,11,0,323,26,11,0,50.0,0
0,0.46738201,1.0,0.0,0,0,323,0,2.0,0,0,16,16,0,2.0,1,0,9,1,2,2,1,0,2,0,0,1,0,0,2,0,9,0,1,0,0.0,0
10,0.166667,0.163636,0.8909090000000001,0,0,2120,0,1.583333,2,2,99,114,1,4.0,1,1,97,2,19,11,14,1,8,0,0,1,5,5,12,0,42,2,12,0,0.0,1
0,1.0,1.0,1.0,0,0,4403,0,1.5,0,0,78,88,0,1.5,1,0,21,2,3,2,2,0,3,1,1,3,1,1,2,0,21,0,2,0,63.0,0
4,0.0,0.0,1.0,0,0,2503,0,1.0,1,1,74,131,0,1.0,0,0,127,1,5,5,19,0,1,5,0,3,5,15,5,0,89,2,5,0,13.0,1
7,0.46738201,0.032967,1.0,0,0,2503,0,1.266667,1,1,74,131,0,1.0,7,0,263,8,19,15,16,0,8,0,0,2,8,13,13,2,155,3,15,0,38.04488778,0
16,0.0,0.06666699999999999,0.9375,0,0,1904,0,1.0,0,0,49,71,0,1.0,0,0,97,1,17,17,17,0,1,8,0,1,8,8,17,0,1,0,17,0,0.0,1
0,1.0,0.755556,0.683333,2,0,752,0,3.9230769999999997,3,3,38,38,2,3.9230769999999997,12,2,218,13,51,11,19,3,51,5,0,2,4,5,13,0,218,4,13,0,3.0,0
0,1.0,1.0,0.0,0,0,752,0,2.0,0,0,38,38,0,2.0,1,0,8,1,2,2,1,0,2,0,0,1,0,0,2,0,8,0,1,0,0.0,0
89,0.385714,0.27739,0.984028,19,0,4816,0,2.938272,41,71,190,331,9,4.712329,70,6,3129,73,476,153,328,101,344,76,3,1,74,77,159,0,2065,57,162,3,0.0,0
40,0.024390000000000002,0.029268000000000002,0.9725,0,0,4816,0,1.02439,0,0,190,331,0,2.0,1,0,380,1,42,42,41,1,2,20,0,1,20,20,42,0,380,11,41,0,0.0,1
6,0.0,0.333333,0.733333,0,0,3268,0,1.333333,0,0,62,263,0,0.0,0,0,61,0,8,7,6,0,0,3,0,1,3,3,7,0,61,0,6,0,0.0,1
6,0.0,0.2,0.8,0,0,1379,0,1.0,0,0,35,52,0,0.0,0,0,26,0,6,6,6,0,0,3,0,1,3,3,6,0,26,0,6,0,0.0,1
0,1.0,0.622222,0.866667,6,0,613,5,3.5,14,23,25,28,15,3.5,15,15,561,16,56,1,42,0,56,1,0,1,0,1,16,0,561,9,16,0,0.0,0
0,0.46738201,1.0,0.0,0,0,613,0,1.0,0,0,25,28,0,1.0,1,0,6,1,1,2,1,0,1,0,0,1,0,0,2,0,6,1,1,0,0.0,0
7,0.3,0.13333299999999998,0.8611110000000001,0,0,2286,0,1.4,1,2,102,128,0,1.0,3,0,90,3,14,11,12,0,3,4,0,1,4,4,11,0,21,2,10,0,0.0,1
0,1.0,0.40579699999999996,0.8111109999999999,6,0,5146,2,4.451613,23,47,247,397,0,4.451613,30,0,1142,31,138,31,82,6,138,8,0,1,2,9,31,0,1142,27,31,0,0.0,0
6,0.0,0.2,0.833333,0,0,5146,0,1.0,1,1,247,397,0,1.0,0,0,33,1,7,7,25,1,1,3,0,2,3,3,7,0,3,3,7,0,17.0,1
7,0.0,0.14285699999999998,0.892857,0,0,5146,0,1.0,0,0,247,397,0,1.0,0,0,38,1,8,8,8,0,1,4,0,1,4,4,8,0,3,1,8,0,0.0,1
11,0.0,0.090909,0.924242,0,0,5146,0,1.0,0,0,247,397,0,1.0,0,0,56,1,12,12,12,1,1,6,0,1,6,6,12,0,1,2,12,0,0.0,1
13,0.0,0.076923,0.934066,0,0,5146,0,1.0,0,0,247,397,0,1.0,0,0,65,1,14,14,14,2,1,7,0,1,7,7,14,0,0,2,14,0,0.0,1
9,0.0,0.11111099999999999,0.911111,0,0,5146,0,1.0,0,0,247,397,0,1.0,0,0,47,1,10,10,10,0,1,5,0,1,5,5,10,0,2,1,10,0,0.0,1
0,1.0,0.0,1.0,1,0,59,1,1.833333,1,1,7,7,0,1.833333,5,0,59,6,11,6,7,0,11,1,1,4,0,1,6,0,59,0,6,0,45.0,0
0,0.46738201,1.0,0.0,0,0,59,0,1.0,0,0,7,7,0,1.0,1,0,5,1,1,2,1,0,1,0,0,1,0,0,2,0,5,1,1,0,0.0,0
2,0.75,0.722222,0.825893,7,0,1180,0,10.529411999999999,7,18,37,39,1,11.0,14,1,695,15,179,16,49,51,165,10,0,1,19,22,17,0,616,10,17,0,0.0,0
0,1.0,0.5,0.892857,3,0,1180,0,3.875,4,8,37,39,0,3.875,6,0,125,8,31,8,16,13,31,0,0,1,2,5,8,0,125,6,8,0,0.0,0
2,0.26,0.335994,0.9454370000000001,11,0,2137,0,7.138462,24,50,63,65,8,7.3333330000000005,62,8,2137,63,464,57,126,65,462,9,0,1,130,155,65,0,2127,26,65,0,0.0,0
0,1.0,1.0,1.0,12,0,1322,0,5.9375,18,26,30,30,1,5.9375,14,1,590,16,95,15,107,127,95,14,0,1,1,15,16,0,590,19,16,0,0.0,0
0,0.2,1.0,0.9973120000000001,7,0,1322,0,3.9230769999999997,14,55,30,30,2,3.9230769999999997,11,2,531,13,51,11,81,71,51,6,0,1,5,31,13,0,531,17,13,0,0.0,0
7,0.363636,0.533333,0.868132,3,0,5748,2,1.214286,3,3,263,334,0,1.285714,6,0,250,7,17,14,17,0,9,7,0,6,7,7,14,0,190,1,14,0,536.0,0
5,0.348485,0.219373,0.992743,40,0,5748,35,2.705882,62,103,263,334,22,2.84127,62,22,1867,63,184,46,197,36,179,70,0,6,61,109,68,0,1826,33,68,0,531.0,0
13,0.652174,0.12010799999999999,0.9709049999999999,18,0,6130,12,3.4406779999999997,19,32,341,466,0,3.891304,44,0,1097,46,203,59,96,6,179,27,0,2,30,32,59,0,957,9,59,0,50.0,0
0,1.0,0.0,0.0,0,0,148,0,1.0,1,1,12,12,0,1.0,2,0,12,2,2,3,3,0,2,0,0,1,0,0,3,0,12,3,2,0,0.0,0
0,1.0,1.0,0.0,1,0,148,0,1.0,2,2,12,12,0,1.0,3,0,29,4,4,4,6,0,4,4,0,1,4,4,4,0,29,3,4,0,0.0,0
5,0.375,0.642857,0.71875,0,0,3812,0,1.0,3,4,253,307,0,1.0,3,0,94,4,9,8,13,1,4,3,0,1,4,4,8,0,38,4,9,0,0.0,1
0,1.0,0.8909090000000001,0.8636360000000001,0,0,2820,0,1.75,9,20,112,121,0,1.75,11,0,290,12,21,12,34,5,21,1,1,1,1,2,12,0,290,11,12,0,0.0,0
1,0.5,1.0,1.0,0,0,2820,0,1.5,5,7,112,121,0,2.0,1,0,47,1,3,3,9,1,2,1,0,1,0,1,3,0,30,5,2,0,0.0,0
5,0.333333,0.14285699999999998,0.9375,0,1,2820,0,1.111111,0,0,112,121,0,1.25,2,0,117,4,10,9,9,0,5,3,0,1,6,6,9,0,67,0,9,0,0.0,1
8,0.875,0.471441,0.894965,1,0,5940,1,3.205479,13,67,281,330,0,3.4,62,0,1812,65,234,73,178,24,221,15,0,3,14,16,73,0,1706,19,73,0,31.0,0
0,0.14285699999999998,1.0,0.0,0,0,796,0,1.0,0,0,27,30,0,1.0,0,0,24,1,1,1,1,0,1,0,0,1,3,6,1,0,24,0,1,0,0.0,0
2,0.75,0.0,1.0,1,0,707,0,1.333333,3,6,34,39,0,1.142857,4,0,131,7,12,9,12,3,8,3,0,1,3,3,9,0,93,3,9,0,0.0,0
0,1.0,0.464286,0.8461540000000001,4,0,707,0,2.142857,0,0,34,39,0,2.142857,12,0,255,14,30,14,14,0,30,6,0,1,6,6,14,0,255,0,14,0,0.0,0
0,1.0,1.0,0.14285699999999998,0,0,1578,0,1.25,2,8,130,136,0,1.25,7,0,88,8,10,8,16,0,10,1,0,1,1,1,8,0,88,2,8,0,0.0,0
0,0.46738201,0.047619,1.0,0,0,1578,0,2.125,13,14,130,136,1,2.125,7,1,155,8,17,7,23,2,17,0,1,1,2,10,5,3,155,15,8,0,38.04488778,0
16,0.0,0.051948,0.9787879999999999,0,1,1627,0,1.304348,0,0,64,92,0,1.0,6,0,149,7,30,23,23,0,7,11,0,1,10,16,23,0,41,0,23,0,0.0,1
1,1.0,0.19230799999999998,0.9144389999999999,4,0,3957,17,10.888889,47,97,105,129,1,11.235294,16,1,2165,17,196,17,133,39,191,37,0,2,28,44,18,0,2143,45,18,0,3.0,0
0,1.0,1.0,0.0,0,0,3130,0,1.0,2,2,143,157,0,1.0,1,0,21,2,2,2,22,0,2,0,0,2,0,0,2,0,21,9,2,0,4.0,0
0,1.0,0.0,1.0,1,0,3130,0,1.0,2,1,143,157,1,1.0,2,1,31,3,3,2,11,1,3,1,0,3,0,1,3,0,31,2,3,0,6.0,0
19,0.391304,0.102798,0.980917,0,0,2771,33,1.6730770000000001,45,59,176,208,0,1.729412,84,0,1526,85,174,104,175,8,147,0,82,1,28,29,104,0,1384,16,104,0,0.0,0
5,0.5,0.11111099999999999,1.0,0,0,2771,1,1.7,4,5,176,208,0,1.6,4,0,227,5,17,10,15,1,8,1,2,5,16,17,10,0,169,4,10,0,698.0,0
8,0.0,0.0,1.0,0,0,1274,0,1.1,1,2,55,72,0,1.5,0,0,107,2,11,10,17,0,3,8,0,1,0,8,10,0,59,3,10,0,0.0,1
0,0.46738201,1.0,0.0,0,0,3219,0,2.0,1,1,471,549,0,2.0,2,0,24,2,4,2,3,0,4,0,2,1,0,1,2,0,24,1,2,0,38.04488778,0
0,0.46738201,0.0,0.0,0,0,3219,0,1.0,0,0,471,549,0,1.0,11,0,58,11,11,11,11,0,11,0,0,1,0,0,11,0,58,0,11,0,38.04488778,0
13,0.46738201,0.327635,0.926868,10,0,2074,0,3.947368,29,49,145,207,0,5.24,24,0,745,25,150,38,130,21,131,17,1,2,17,17,38,0,637,39,38,0,38.04488778,0
36,0.292929,0.11512599999999999,0.959583,3,0,12877,4,1.52809,5,4,400,545,0,1.660377,52,0,2078,53,136,89,94,3,88,59,21,5,63,97,89,0,1633,1,89,0,520.0,0
2,0.454545,0.181159,0.9702379999999999,0,0,12877,3,2.76,3,3,400,545,0,2.782609,22,0,596,23,69,25,43,0,64,0,18,2,3,7,25,0,576,2,25,0,13.0,0
7,0.392857,0.326797,0.9617549999999999,35,0,12877,1,4.8,3,3,400,545,0,5.3125,46,0,2214,48,264,55,72,32,255,23,7,2,29,46,55,0,2128,3,55,0,13.0,0
5,1.0,0.177778,0.9,0,0,12877,0,1.181818,0,0,400,545,0,1.333333,5,0,121,6,13,11,11,0,8,2,0,1,6,6,11,0,83,0,11,0,0.0,1
3,0.318182,0.35,0.963673,33,0,12877,0,4.38,3,8,400,545,0,4.595745,46,0,2044,47,219,50,73,44,216,25,7,2,36,50,50,0,2022,4,50,0,13.0,0
8,0.11111099999999999,0.14285699999999998,0.875,0,1,3009,0,1.0,0,0,94,112,0,1.0,0,0,75,1,9,9,9,0,1,0,0,1,4,4,9,0,11,0,9,0,0.0,1
0,0.28571399999999997,1.0,1.0,0,0,348,0,13.0,1,2,18,18,0,13.0,1,0,129,2,26,2,12,0,26,2,0,2,2,7,2,0,129,3,2,0,7.0,0
0,1.0,1.0,0.0,0,0,348,0,1.5,1,2,18,18,0,1.5,1,0,14,2,3,2,12,0,3,0,0,2,0,0,2,0,14,3,2,0,7.0,0
3,0.095238,0.0,1.0,0,0,132,0,1.0,1,0,3,6,0,1.0,0,0,120,2,5,5,6,0,2,3,0,1,3,19,5,0,83,2,5,0,0.0,1
13,0.13333299999999998,0.089744,0.9285709999999999,0,0,758,0,1.0,0,0,21,39,0,1.0,0,0,97,2,15,15,15,0,2,7,0,1,7,7,15,0,17,0,15,0,0.0,1
5,0.0,0.2,0.857143,0,0,758,0,1.0,0,0,21,39,0,1.0,1,0,47,3,8,8,8,0,3,3,0,1,3,3,8,0,17,0,8,0,0.0,1
0,0.8472219999999999,0.154327,0.970951,7,0,7907,0,2.680556,53,67,326,389,72,2.680556,72,70,1550,72,193,0,144,12,193,22,0,1,0,33,70,0,1550,55,72,2,0.0,0
4,0.5,0.14285699999999998,0.857143,0,0,419,0,1.0,0,0,14,21,0,1.0,4,0,49,4,8,9,8,0,4,4,0,1,4,4,9,0,25,0,8,0,0.0,1
0,0.6,1.0,0.5,0,0,598,0,1.333333,1,2,33,43,0,1.333333,2,0,31,3,4,3,9,0,4,0,0,2,2,2,3,0,31,1,3,0,4.0,0
2,0.727273,0.42674300000000004,0.9638690000000001,1,0,1238,1,4.1,12,34,46,49,0,4.263158,37,0,1127,38,164,40,88,14,162,5,22,1,14,22,40,0,1100,11,40,0,0.0,0
0,0.46738201,0.0,0.0,0,0,1238,0,2.333333,0,0,46,49,0,2.333333,3,0,29,3,7,4,3,1,7,0,0,1,0,0,4,0,29,1,3,0,0.0,0
6,0.0,0.2,0.8,0,0,12094,0,1.0,0,0,469,560,0,0.0,0,0,61,0,6,7,6,0,0,3,0,1,3,3,7,0,19,0,6,0,0.0,1
39,0.46738201,0.24011,0.9896450000000001,4,0,12094,46,2.770701,69,181,469,560,0,3.194915,118,0,3877,118,435,157,366,43,377,22,62,1,32,39,155,2,3392,31,157,0,38.04488778,0
4,0.75,0.278325,0.92619,1,0,12436,0,10.709677000000001,1,1,462,596,1,12.037037,26,1,1399,27,332,30,32,3,325,3,18,1,14,28,31,0,1357,2,31,0,0.0,0
3,0.140845,0.4,0.9865079999999999,8,0,5065,0,7.904762,27,60,266,282,1,8.222222,15,1,1381,18,166,20,115,38,148,4,1,1,3,63,21,0,1277,34,21,0,0.0,0
4,0.21739099999999997,0.535714,0.953571,0,0,1005,0,3.4444440000000003,0,0,30,38,1,5.2,4,1,177,5,31,8,9,0,26,2,0,1,14,35,9,0,161,0,9,0,0.0,0
4,0.2,0.6,0.6,0,0,3877,0,1.0,3,3,197,376,0,1.0,1,0,36,2,6,6,13,1,2,0,1,2,2,2,6,0,24,5,6,0,4.0,1
6,0.25,0.194444,0.91358,0,0,3877,0,2.0,4,3,197,376,0,3.5,3,0,106,4,20,10,17,6,14,0,2,1,9,9,10,0,80,5,10,0,0.0,1
6,0.14285699999999998,0.2,0.833333,0,1,3877,0,1.0,0,0,197,376,0,1.0,0,0,21,1,7,7,7,0,1,0,0,1,3,3,7,0,3,1,7,0,0.0,1
6,0.14285699999999998,0.2,0.666667,0,1,3877,0,1.0,0,0,197,376,0,1.0,0,0,20,1,7,7,7,0,1,0,0,1,3,3,7,0,2,0,7,0,0.0,1
0,0.0,1.0,0.0,1,0,3667,0,1.0,4,4,58,65,0,1.0,0,0,71,1,1,1,5,0,1,0,0,1,0,6,1,0,71,4,1,0,0.0,0
0,1.0,1.0,0.857143,5,0,269,0,3.0,1,1,8,8,2,3.0,8,1,269,8,24,5,9,0,24,0,0,1,0,3,6,0,269,1,8,1,0.0,0
2,0.46738201,0.0,1.0,1,0,382,0,4.272727,0,0,9,11,1,4.555556,8,1,382,9,47,10,11,0,41,0,2,1,1,1,9,2,337,0,11,0,38.04488778,0
13,0.14285699999999998,0.090909,0.9285709999999999,1,0,1713,0,1.066667,2,1,58,72,0,1.0,0,0,175,2,16,15,18,2,2,6,0,1,6,6,15,0,34,2,15,0,0.0,1
0,0.380952,0.25,0.969551,17,0,2003,2,4.76,13,31,67,73,8,4.76,25,4,1157,25,119,17,75,17,119,39,0,2,20,52,21,0,1157,14,25,4,4.0,0
4,0.2,0.0,1.0,0,0,2003,0,1.0,0,0,67,73,0,1.0,0,0,35,1,5,5,5,0,1,4,0,1,4,4,5,0,11,2,5,0,0.0,1
1,0.375,0.333333,0.980993,52,0,4599,1,6.290323,22,48,115,128,8,6.360656,60,7,2958,61,390,54,136,33,388,43,4,2,35,69,61,0,2937,29,62,1,15.0,0
10,0.0,0.11111099999999999,0.8888889999999999,0,0,1457,0,1.0,0,0,32,56,0,0.0,0,0,109,0,10,11,10,0,0,5,0,1,5,5,11,0,109,1,10,0,0.0,1
12,0.266667,0.286765,0.941176,8,0,2496,2,5.2307690000000004,4,13,46,76,0,6.928571000000001,13,0,1184,14,136,26,44,10,97,1,3,1,16,17,26,0,953,6,26,0,0.0,0
6,0.14285699999999998,0.23809499999999997,0.777778,0,0,710,0,1.0,0,0,30,43,0,1.0,1,0,44,1,7,8,7,0,1,3,0,1,3,3,8,0,14,1,7,0,0.0,1
3,0.8064520000000001,0.25243899999999997,0.9350649999999999,3,0,16067,0,4.444444,9,38,839,1014,0,4.6666669999999995,41,0,1065,42,200,45,94,28,196,0,14,4,34,37,45,0,1033,9,45,0,516.0,0
38,0.669565,0.30846599999999996,0.9758450000000001,3,0,16067,2,3.489209,17,70,839,1014,2,4.316832,97,2,2907,101,485,137,213,9,436,0,21,1,28,28,139,0,2435,17,139,0,0.0,0
17,0.055555999999999994,0.058824,0.9477120000000001,0,0,2335,0,1.0,0,0,39,117,0,1.0,0,0,179,1,18,18,18,0,1,0,0,1,9,9,18,0,43,0,18,0,0.0,1
2,0.6,1.0,0.666667,0,0,1207,0,1.4285709999999998,2,4,50,69,0,1.2,2,0,98,5,10,7,22,0,6,1,0,2,1,2,7,0,68,3,7,0,11.0,0
0,1.0,0.0,0.0,0,0,1207,0,1.5,0,0,50,69,2,1.5,2,2,44,2,3,0,2,0,3,0,0,1,0,0,2,0,44,0,2,0,0.0,0
4,0.428571,0.4,0.75,0,0,419,0,1.0,0,0,23,27,0,1.0,1,0,75,3,7,7,7,0,3,2,0,1,2,2,7,0,35,0,7,0,0.0,1
2,0.6,0.2,0.75,0,0,87,0,1.2,1,1,12,17,0,1.333333,3,0,26,3,6,5,7,1,4,0,0,1,2,2,5,0,15,1,5,0,0.0,0
7,0.125,0.14285699999999998,0.857143,0,0,423,0,1.0,0,0,23,87,0,1.0,1,0,32,1,8,8,8,0,1,4,0,1,4,4,8,0,32,0,8,0,0.0,1
6,0.0,0.2,0.8,0,1,423,0,1.0,0,0,23,87,0,0.0,0,0,24,0,6,7,6,0,0,3,0,1,3,3,7,0,24,2,6,0,0.0,1
6,0.0,0.2,0.8,0,1,1934,0,1.0,0,0,327,410,0,0.0,0,0,25,0,6,7,6,0,0,3,0,1,3,3,7,0,25,2,6,0,0.0,1
6,0.14285699999999998,0.2,0.833333,0,1,1934,0,1.0,0,0,327,410,0,1.0,0,0,29,1,7,7,7,0,1,3,0,1,3,3,7,0,29,2,7,0,0.0,1
6,0.0,0.2,0.8,0,0,210,0,1.0,0,0,16,49,0,0.0,0,0,24,0,6,7,6,0,0,3,0,1,3,3,7,0,24,2,6,0,0.0,1
6,0.0,0.2,0.8,0,0,210,0,1.0,0,0,16,49,0,0.0,0,0,23,0,6,6,6,0,0,3,0,1,3,3,6,0,23,2,6,0,0.0,1
8,0.0,0.14285699999999998,0.857143,0,0,210,0,1.0,0,0,16,49,0,0.0,0,0,31,0,8,8,8,0,0,4,0,1,4,4,8,0,31,1,8,0,0.0,1
0,0.46738201,1.0,0.0,0,0,2888,0,1.0,0,0,235,235,0,1.0,1,0,3,1,1,1,1,0,1,0,0,1,0,0,1,0,3,0,1,0,0.0,0
0,0.46738201,1.0,0.0,0,0,2888,0,1.0,2,2,235,235,0,1.0,1,0,3,1,1,1,3,0,1,0,0,1,0,0,1,0,3,3,1,0,0.0,0
0,0.0,1.0,0.0,0,0,340,0,1.0,0,0,2,2,0,1.0,0,0,230,1,1,1,1,0,1,0,1,1,0,109,1,0,230,0,1,0,0.0,0
0,0.0,1.0,0.0,0,0,340,0,1.0,0,0,2,2,0,1.0,0,0,110,1,1,1,1,12,1,0,1,1,0,33,1,0,110,1,1,0,0.0,0
0,1.0,1.0,1.0,0,0,40,0,2.0,1,1,2,2,0,2.0,1,0,40,2,4,2,3,3,4,0,0,1,3,3,2,0,40,2,2,0,0.0,0
0,1.0,1.0,0.0,3,0,1004,0,5.8,15,27,41,41,0,5.8,4,0,214,5,29,5,51,25,29,0,0,2,0,0,5,0,214,22,5,0,5.0,0
6,0.2,0.6,0.8888889999999999,1,0,2913,4,3.571429,10,13,214,322,0,1.0,0,0,272,1,25,7,21,3,1,0,1,5,6,6,7,0,96,8,7,0,520.0,1
0,1.0,0.0,0.0,0,0,473,0,3.428571,11,16,32,32,1,3.428571,7,1,151,7,24,7,37,3,24,0,0,2,0,0,8,0,151,11,7,0,10.0,0
4,0.125,0.0,1.0,0,0,44,0,1.0,0,0,3,7,0,1.0,0,0,34,1,5,5,5,0,1,0,0,1,4,7,5,0,14,1,5,0,0.0,1
3,0.909091,0.340244,0.9444440000000001,0,0,3417,1,5.953488,21,89,161,181,0,6.225,38,0,1400,40,256,43,302,34,249,1,10,3,2,3,43,0,1348,38,43,0,123.0,0
6,0.0,0.2,0.8,0,0,24196,0,1.0,0,0,1562,1857,0,0.0,0,0,31,0,6,7,6,0,0,0,0,1,3,3,7,0,1,0,6,0,0.0,1
5,0.28571399999999997,0.3,1.0,0,0,6239,0,1.142857,0,0,335,404,0,1.0,0,0,63,2,8,7,7,0,2,0,0,3,5,5,7,0,20,1,7,0,14.0,1
46,0.620438,0.272109,0.984425,3,0,16063,13,3.175325,36,80,749,950,1,3.833333,105,1,2792,108,489,153,248,20,414,20,20,1,38,47,154,0,2378,30,154,0,0.0,0
18,0.627907,0.439626,0.9644440000000001,5,0,16063,3,3.8909089999999997,21,51,749,950,0,5.243243,36,0,1299,37,214,55,120,19,194,23,0,1,25,25,55,0,1179,20,55,0,0.0,0
4,0.428571,0.23809499999999997,0.777778,0,0,467,0,1.285714,0,0,16,20,0,1.0,3,0,79,3,9,7,7,0,3,3,0,1,3,3,7,0,45,0,7,0,0.0,1
4,0.2,0.0,1.0,0,1,1875,0,1.0,0,0,40,65,0,1.0,0,0,63,1,5,5,5,0,1,4,0,1,4,4,5,0,35,0,5,0,0.0,1
10,0.090909,0.11111099999999999,0.9,0,1,5472,0,1.0,0,0,75,224,0,1.0,0,0,117,1,11,11,11,0,1,5,0,1,5,5,11,0,47,0,11,0,0.0,1
6,0.14285699999999998,0.0,1.0,0,1,7792,0,1.0,0,0,163,230,0,1.0,0,0,101,1,7,7,7,0,1,6,0,1,6,6,7,0,53,1,7,0,0.0,1
6,0.181818,0.2,1.0,0,0,7639,0,1.0,1,1,239,261,0,1.0,0,0,48,2,8,8,14,0,2,3,0,2,3,6,8,0,18,1,8,0,5.0,1
0,1.0,0.3,0.833333,2,0,7639,0,23.857143,2,14,239,261,7,23.857143,7,7,1217,7,167,0,38,17,167,1,0,1,0,1,7,0,1217,2,7,0,0.0,0
10,0.166667,0.11111099999999999,0.909091,0,1,1908,0,1.0,0,0,40,62,0,1.0,0,0,125,2,12,12,12,0,2,5,0,1,5,5,12,0,55,0,12,0,0.0,1
6,0.14285699999999998,0.0,1.0,0,1,1908,0,1.0,0,0,40,62,0,1.0,0,0,91,1,7,7,7,0,1,6,0,1,6,6,7,0,49,0,7,0,0.0,1
6,0.25,0.2,0.857143,0,1,2505,0,1.0,0,0,63,75,0,1.0,0,0,81,2,8,8,8,0,2,3,0,1,3,3,8,0,39,0,8,0,0.0,1
23,0.744186,0.347339,0.961792,7,0,4016,7,3.107527,35,71,203,326,6,3.628571,69,6,1494,70,289,87,202,27,254,33,0,1,25,33,93,0,1324,38,93,0,0.0,0
0,0.8,0.0,1.0,3,0,6189,11,25.857143,9,23,103,111,4,25.857143,7,4,5126,7,181,3,134,34,181,8,0,7,7,9,7,0,5126,25,7,0,158.0,0
0,0.8,0.0,1.0,4,0,6405,11,23.125,11,25,113,121,5,23.125,8,5,5349,8,185,3,134,34,185,8,0,7,7,9,8,0,5349,25,8,0,158.0,0
6,0.4,0.166667,0.8611110000000001,0,0,145,0,1.0,4,4,8,14,0,1.0,3,0,78,4,10,10,20,2,4,4,0,2,4,4,10,0,33,7,10,0,4.0,1
22,0.0,0.044118,0.9685309999999999,5,0,475,0,1.0,0,0,5,43,0,1.0,0,0,292,1,23,23,23,0,1,11,1,1,11,13,23,0,69,0,23,0,0.0,1
22,0.0,0.047619,0.960317,0,0,224,0,1.0,0,0,0,22,0,0.0,0,0,224,0,22,23,22,0,0,11,0,1,11,12,23,0,8,0,22,0,0.0,1
10,0.0,0.11111099999999999,0.9722219999999999,0,0,1119,0,1.0,0,0,10,136,0,0.0,0,0,89,0,10,11,10,0,0,5,0,1,5,8,11,0,9,0,10,0,0.0,1
14,0.047619,0.076923,0.994505,0,0,1119,0,1.0,0,0,10,136,0,1.0,0,0,119,1,15,15,15,0,1,7,0,1,7,13,15,0,7,0,15,0,0.0,1
14,0.052632000000000005,0.076923,0.980519,0,0,1119,0,1.0,0,0,10,136,0,1.0,0,0,115,1,15,15,15,0,1,7,0,1,7,11,15,0,3,0,15,0,0.0,1
8,0.0,0.14285699999999998,0.9523809999999999,0,0,1119,0,1.0,0,0,10,136,0,0.0,0,0,70,0,8,9,8,0,0,4,0,1,4,6,9,0,6,0,8,0,0.0,1
14,0.055555999999999994,0.076923,0.9714290000000001,0,0,1119,0,1.0,0,0,10,136,0,1.0,0,0,113,1,15,15,15,0,1,7,0,1,7,10,15,0,1,0,15,0,0.0,1
17,0.757143,0.40289899999999995,0.926126,5,0,2701,1,4.026667,38,103,126,156,1,4.913793,58,1,1890,58,302,74,264,110,285,15,0,1,14,15,75,0,1767,43,75,0,0.0,0
18,0.735294,0.41396000000000005,0.905783,13,0,2443,0,3.682927,39,96,126,144,0,4.421875,63,0,1817,64,302,82,249,90,283,19,1,1,19,19,82,0,1678,48,82,0,0.0,0
0,0.892857,0.45849799999999996,0.9226040000000001,13,0,5176,1,3.184211,22,55,166,173,0,3.184211,34,0,1241,38,121,38,212,19,121,19,0,2,9,22,38,0,1241,99,38,0,114.0,0
0,1.0,0.333333,0.94958,38,0,5176,4,5.837209,23,53,166,173,0,5.837209,41,0,1958,43,251,43,210,36,251,17,0,2,5,17,43,0,1958,94,43,0,114.0,0
0,0.9714290000000001,0.0017829999999999999,0.985714,2,0,1401,0,3.277778,1,2,64,74,36,3.277778,36,34,818,36,118,0,38,0,118,1,0,1,0,2,34,0,818,1,36,2,0.0,0
8,0.11111099999999999,0.0,1.0,0,0,1401,0,1.222222,1,2,64,74,0,3.0,0,0,34,1,11,9,11,0,3,8,0,1,8,8,9,0,10,1,9,0,0.0,1
24,0.11111099999999999,0.04,0.9615379999999999,0,0,6541,0,1.0,0,0,350,696,0,1.0,2,0,131,3,27,27,27,0,3,13,0,1,13,13,27,0,11,1,27,0,0.0,1
12,0.076923,0.090909,0.916667,0,0,6541,0,1.0,0,0,350,696,0,1.0,0,0,67,1,13,13,13,0,1,6,0,1,6,6,13,0,7,0,13,0,0.0,1
10,0.090909,0.11111099999999999,0.9,0,0,427,0,1.0,0,0,32,42,0,1.0,0,0,52,1,11,11,11,0,1,5,0,1,5,5,11,0,2,0,11,0,0.0,1
14,0.0,0.076923,0.923077,0,0,1185,0,1.0,0,0,47,109,0,0.0,0,0,68,0,14,15,14,0,0,7,0,1,7,7,15,0,68,0,14,0,0.0,1
14,0.0,0.076923,0.923077,0,0,516,0,1.0,0,0,14,56,0,0.0,0,0,68,0,14,15,14,0,0,7,0,1,7,7,15,0,68,0,14,0,0.0,1
12,0.14285699999999998,0.12121199999999999,0.942308,0,0,1803,0,2.357143,5,5,48,162,0,9.0,0,0,178,2,33,14,39,1,18,8,0,3,6,8,14,0,108,10,14,0,16.0,1
0,1.0,0.642857,0.78125,0,0,9721,0,5.555556,23,57,165,166,0,5.555556,8,0,429,9,50,9,75,36,50,4,0,1,1,4,9,0,429,26,9,0,0.0,0
1,0.666667,1.0,0.9722219999999999,0,0,9721,0,45.333333,21,137,165,166,0,67.5,1,0,413,2,136,3,140,8,135,13,0,1,15,18,3,0,407,22,3,0,0.0,0
4,0.0,0.333333,0.666667,0,0,6260,0,1.0,0,0,492,600,0,0.0,0,0,20,0,4,5,4,0,0,0,0,1,2,2,5,0,0,0,4,0,0.0,1
6,0.0,0.2,0.8,0,0,6260,0,1.0,0,0,492,600,0,0.0,0,0,28,0,6,7,6,0,0,3,0,1,3,3,7,0,28,0,6,0,0.0,1
0,0.0,1.0,0.0,1,0,3562,0,1.0,0,0,431,432,0,1.0,0,0,69,1,1,1,1,0,1,0,0,1,0,17,1,0,69,0,1,0,0.0,0
0,0.0,1.0,0.0,1,0,3562,0,1.0,0,0,431,432,0,1.0,0,0,79,1,1,1,1,0,1,0,0,1,0,42,1,0,79,0,1,0,0.0,0
14,0.0,0.076923,0.923077,0,0,5272,0,1.0,0,0,426,1009,0,0.0,0,0,59,0,14,15,14,0,0,7,0,1,7,7,15,0,59,0,14,0,0.0,1
42,0.0,0.024390000000000002,0.984991,0,0,5272,0,1.0,0,0,426,1009,0,0.0,0,0,204,0,42,43,42,0,0,21,0,1,21,26,43,0,204,1,42,0,0.0,1
14,0.0,0.076923,0.923077,0,0,5272,0,1.0,0,0,426,1009,0,0.0,0,0,59,0,14,14,14,0,0,7,0,1,7,7,14,0,59,0,14,0,0.0,1
4,0.17647100000000002,0.2,1.0,0,0,4916,0,1.142857,0,0,200,206,1,1.333333,2,1,100,3,8,6,7,0,4,5,0,1,4,15,7,0,68,0,7,0,0.0,1
1,0.46738201,0.272727,0.966084,18,0,8244,1,2.5961540000000003,19,94,356,383,1,2.6274509999999998,50,1,1320,51,135,51,162,13,134,6,11,6,14,37,46,6,1315,29,52,0,38.04488778,0
0,0.083333,1.0,0.0,0,0,5423,3,8.0,5,7,326,440,0,8.0,0,0,117,1,8,1,8,0,8,0,0,6,1,11,1,0,117,2,1,0,536.0,0
8,0.11111099999999999,0.0,1.0,0,0,266,0,1.0,8,8,39,47,0,1.0,0,0,47,1,9,9,17,0,1,9,0,1,9,9,9,0,7,10,9,0,0.0,1
6,0.0,0.0,1.0,0,1,1249,0,1.0,1,4,115,179,0,1.0,0,0,41,1,7,7,11,0,1,6,0,1,0,6,7,0,11,1,7,0,0.0,1
4,0.2,0.0,1.0,0,0,3878,0,1.0,1,0,372,507,0,1.0,0,0,55,3,7,7,8,0,3,2,0,1,0,8,7,0,35,1,7,0,0.0,1
3,0.14285699999999998,0.0,1.0,0,0,1473,0,1.0,0,0,118,146,0,1.0,0,0,22,1,4,4,4,0,1,0,0,1,3,3,4,0,7,0,4,0,0.0,1
5,0.6,0.161905,0.957168,29,0,6097,4,3.822222,32,78,431,576,0,3.75,39,0,1134,40,172,44,155,28,150,22,0,2,20,26,44,0,1029,35,45,0,8.0,0
0,1.0,0.0,0.0,0,0,921,0,1.111111,4,3,79,95,0,1.111111,8,0,82,9,10,9,20,1,10,0,0,2,0,0,9,0,82,12,9,0,3.0,0
8,0.11111099999999999,0.28571399999999997,0.875,0,0,3615,0,1.222222,0,0,319,375,0,1.0,0,0,43,1,11,9,9,0,1,4,0,1,4,4,9,0,43,2,9,0,0.0,1
4,0.5,0.333333,0.857143,0,1,1295,0,1.125,0,0,74,78,0,1.25,2,0,40,4,9,8,8,0,5,4,0,1,2,4,8,0,20,0,8,0,0.0,1
0,1.0,1.0,0.9,1,0,293,0,1.166667,0,0,28,31,0,1.166667,3,0,33,6,7,6,6,0,7,2,2,1,0,2,6,0,33,0,6,0,0.0,0
3,0.22222199999999998,0.0,1.0,0,0,366,0,1.0,0,0,32,40,0,1.0,0,0,56,2,5,5,5,0,2,3,0,1,3,7,5,0,41,0,5,0,0.0,1
7,0.125,0.0,1.0,0,0,224,0,1.0,0,0,11,24,0,1.0,0,0,47,1,8,8,8,0,1,7,0,1,7,7,8,0,12,0,8,0,0.0,1
3,0.22222199999999998,0.0,1.0,0,0,453,0,1.6,2,4,20,35,0,2.5,1,0,68,2,8,5,54,3,5,0,0,3,0,4,5,0,40,15,5,0,43.0,0
6,0.25,0.0,0.0,0,0,453,0,1.25,3,4,20,35,0,2.0,0,0,85,2,10,8,58,4,4,0,0,3,0,0,8,0,21,13,8,0,43.0,0
20,0.19230799999999998,0.202899,0.882576,0,0,3513,0,1.12,1,2,154,212,1,1.6,4,1,214,5,28,24,29,2,8,10,0,1,10,11,25,0,114,3,25,0,0.0,1
6,0.14285699999999998,0.0,0.0,0,0,738,0,1.0,1,2,23,62,0,1.0,0,0,77,1,7,7,55,6,1,0,0,3,0,0,7,0,3,15,7,0,43.0,0
6,0.14285699999999998,0.0,0.0,0,0,738,0,1.0,1,2,23,62,0,1.0,0,0,76,1,7,7,55,6,1,0,0,3,0,0,7,0,3,14,7,0,43.0,0
54,0.46738201,0.04601,0.9930469999999999,1,0,13290,0,2.504762,27,49,592,817,16,3.960784,49,16,1950,51,263,89,154,14,202,6,2,2,40,65,105,0,1339,38,105,0,38.04488778,0
0,0.06666699999999999,1.0,0.0,0,0,916,0,1.0,1,1,53,55,0,1.0,0,0,38,1,1,1,12,0,1,1,0,5,0,15,1,0,38,3,1,0,63.0,0
9,0.25,0.0,1.0,0,0,2936,0,1.0,1,1,179,197,0,1.0,1,0,147,3,12,12,13,0,3,0,0,1,10,10,12,0,57,2,12,0,0.0,1
37,0.28985500000000003,0.311475,0.9595309999999999,1,0,73431,0,4.174603,20,56,2644,3557,6,8.307692,25,6,1562,26,263,57,168,63,216,10,6,1,39,55,63,0,1079,23,63,0,0.0,0
18,0.44444399999999995,0.330216,0.955267,4,0,73431,1,5.8125,50,178,2644,3557,2,7.282609,45,2,1635,46,372,62,555,126,335,1,4,3,22,22,64,0,1395,93,64,0,154.0,0
25,0.722222,0.405045,0.9610879999999999,0,0,73431,4,5.171053,60,227,2644,3557,0,7.117647,50,0,2345,51,393,76,420,163,363,1,11,2,47,49,76,0,2147,65,76,0,35.0,0
8,0.5,0.356275,0.924216,1,0,73431,3,6.5,20,47,2644,3557,2,7.352941,32,2,1513,34,273,40,167,26,250,0,14,2,27,28,42,0,1371,29,42,0,67.0,0
19,0.833333,0.468492,0.977158,9,0,73431,1,5.338129,35,133,2644,3557,24,5.858333,108,24,3585,120,742,114,302,169,703,13,21,1,42,46,138,0,3336,39,139,0,0.0,0
3,0.46738201,0.011765000000000001,1.0,2,0,3728,4,2.325,20,30,175,200,4,2.432432,34,4,1093,37,93,36,78,13,90,5,3,1,3,18,40,0,1062,21,40,0,38.04488778,0
11,0.622642,0.262626,0.9714,6,0,5441,18,3.4905660000000003,50,91,199,224,4,3.9761900000000003,40,4,2060,42,185,49,168,35,167,26,0,5,27,39,53,0,1951,39,53,0,518.0,0
20,0.625,0.23843000000000003,0.977891,10,0,25957,6,3.282353,33,105,1029,1144,2,3.7230769999999995,64,2,2167,65,279,83,350,47,242,21,4,2,14,35,85,0,1901,54,85,0,102.0,0
21,0.757576,0.409842,0.968032,5,0,5150,2,2.854701,21,70,249,285,0,3.114583,94,0,2711,96,334,117,208,27,299,17,17,1,17,24,117,0,2424,25,117,0,0.0,0
1,0.037037,1.0,1.0,0,0,3646,0,18.0,5,7,109,149,0,23.0,0,0,229,1,36,2,10,5,23,0,0,1,25,25,2,0,170,6,2,0,0.0,0
0,0.125,1.0,0.0,0,0,1801,0,1.0,1,1,71,106,0,1.0,0,0,13,1,1,1,42,0,1,0,0,2,0,7,1,0,13,3,1,0,29.0,0
0,0.045455,1.0,0.0,0,0,1801,0,1.0,1,1,71,106,0,1.0,0,0,33,1,1,1,42,0,1,0,0,2,0,21,1,0,33,3,1,0,29.0,0
0,0.11111099999999999,1.0,0.0,0,0,1801,0,1.0,1,1,71,106,0,1.0,0,0,42,1,1,1,42,0,1,0,0,2,0,8,1,0,42,3,1,0,29.0,0
7,0.8857139999999999,0.41538500000000006,0.959259,4,0,1589,0,2.869565,30,80,67,79,1,3.051282,37,1,1091,39,132,45,217,14,119,5,7,5,5,6,46,0,997,40,46,0,98.0,0
0,1.0,0.318182,0.9444440000000001,33,0,2491,0,5.978261,20,48,72,72,3,5.978261,45,3,1837,46,275,43,102,18,275,4,0,1,3,4,46,0,1837,24,46,0,0.0,0
6,0.166667,0.6,0.714286,0,1,5628,0,1.0,0,0,265,291,0,1.0,0,0,64,2,8,8,23,0,2,0,0,2,4,4,8,0,23,0,8,0,15.0,1
5,0.181818,0.4,0.833333,0,1,5628,0,1.0,0,0,265,291,0,1.0,0,0,57,2,7,7,22,0,2,0,0,2,4,4,7,0,24,0,7,0,15.0,1
0,1.0,0.230769,0.921795,50,0,5947,1,7.848485,17,54,210,221,4,7.848485,64,4,3363,66,518,62,126,64,518,12,0,1,10,12,66,0,3363,22,66,0,0.0,0
0,0.0,1.0,0.0,1,0,2750,0,1.0,0,0,132,171,0,1.0,0,0,270,1,1,1,1,8,1,0,0,1,0,10,1,0,270,3,1,0,0.0,0
0,0.0,1.0,0.0,1,0,1448,2,1.0,0,0,73,94,0,1.0,0,0,41,1,1,1,1,0,1,0,0,1,0,7,1,0,41,0,1,0,0.0,0
8,0.702703,0.326437,0.9054049999999999,3,0,16486,1,4.315789,22,40,681,924,2,5.033333,25,2,1075,30,164,36,174,30,151,5,1,3,3,8,38,0,989,49,38,0,49.0,0
22,0.55102,0.44237600000000005,0.766038,3,0,16486,1,5.018519,23,42,681,924,5,6.53125,29,5,1614,32,271,46,158,26,209,2,1,2,14,16,51,0,1257,44,54,0,25.0,0
3,0.6,0.49090900000000004,0.8272729999999999,11,0,10173,0,8.347826,16,51,301,328,0,9.45,19,0,1054,20,192,23,86,71,189,15,0,1,16,16,23,0,1030,21,23,0,0.0,0
3,0.36,0.501894,0.692037,0,0,10173,8,13.0,67,140,301,328,0,13.032258,30,0,2633,31,442,34,219,119,404,0,22,1,94,107,34,0,2410,74,34,0,0.0,0
13,0.07142899999999999,0.0,0.876923,0,0,2883,0,1.0,0,0,54,67,0,1.0,0,0,121,1,14,14,14,0,1,0,0,1,13,13,14,0,4,1,14,0,0.0,1
8,0.2,0.333333,0.777778,0,0,574,0,1.0,0,0,31,40,0,1.0,1,0,74,2,10,10,10,0,2,4,0,1,4,4,10,0,26,0,10,0,0.0,1
1,0.833333,0.3,0.8461540000000001,8,0,8451,4,7.0,9,12,251,293,2,7.461538000000001,12,2,1176,13,98,12,40,8,97,10,0,2,10,11,14,0,1154,8,14,0,7.0,0
3,0.4375,0.577778,0.787716,22,0,3924,8,11.575758,37,85,74,84,0,12.066667,29,0,3563,30,382,33,161,87,362,51,0,1,50,57,33,0,3455,42,33,0,0.0,0
1,0.28571399999999997,1.0,0.722222,8,0,31219,0,26.636364,8,20,1184,1423,0,29.2,9,0,1257,10,293,11,43,28,292,8,0,1,8,12,11,0,1248,13,11,0,0.0,0
12,0.368421,0.224638,0.978771,16,0,1190,0,4.642857,2,5,44,56,9,6.1,28,9,1055,30,195,26,47,10,183,42,0,1,25,54,35,0,986,2,42,0,0.0,0
0,0.9767440000000001,0.06387899999999999,0.833333,0,0,12014,0,7.488372,10,36,660,710,7,7.488372,42,7,1527,43,322,36,183,47,322,0,0,3,0,1,43,0,1527,37,43,0,87.0,0
0,0.0,0.0,0.0,2,0,69768,0,14.636364000000002,30,90,2196,2620,1,14.636364000000002,10,1,1147,11,161,10,427,89,161,0,0,3,0,0,11,0,1147,77,11,0,183.0,0
10,0.48484799999999995,0.414966,0.9196129999999999,16,0,69768,0,6.298507,38,152,2196,2620,1,7.035088000000001,55,1,2216,57,422,66,268,100,401,19,0,2,35,36,67,0,2100,56,67,0,20.0,0
1,0.833333,0.005848,1.0,11,0,69768,0,12.648649,19,63,2196,2620,2,12.916667,29,2,1836,36,468,35,219,68,465,0,1,2,2,2,37,0,1825,56,37,0,71.0,0
1,0.583333,0.277778,0.8444440000000001,1,0,69768,0,50.8,28,69,2196,2620,4,56.0,8,4,2084,9,508,6,237,181,504,64,0,3,3,70,10,0,2043,68,10,0,79.0,0
0,0.0,0.005445,0.968627,27,0,69768,0,8.081395,50,193,2196,2620,2,8.081395,85,2,4973,86,695,84,755,332,695,0,0,5,0,3,86,0,4973,108,86,0,220.0,0
13,0.352941,0.130719,0.942105,0,0,69768,0,1.05,0,0,2196,2620,0,1.142857,5,0,99,7,21,20,20,2,8,6,2,1,10,10,20,0,32,2,20,0,0.0,1
14,0.814815,0.43956000000000006,0.9566959999999999,0,0,69768,0,4.814815,32,75,2196,2620,7,5.5074629999999996,64,7,1854,67,390,74,163,79,369,1,1,1,15,28,81,0,1731,48,81,0,0.0,0
2,1.0,0.28571399999999997,1.0,8,0,69768,0,13.526316,41,99,2196,2620,3,14.411764999999999,13,3,1268,17,257,16,181,123,245,0,0,2,4,4,19,0,1217,52,19,0,33.0,0
1,0.0,1.0,1.0,0,0,69768,0,1.0,0,0,2196,2620,0,1.0,0,0,47,2,3,3,3,0,2,0,0,1,9,17,3,0,33,1,3,0,0.0,0
0,1.0,0.073529,0.9523809999999999,0,0,69768,0,9.0,31,77,2196,2620,3,9.0,17,3,1261,22,198,19,224,77,198,0,0,3,4,4,22,0,1261,57,22,0,58.0,0
31,0.43076899999999996,0.15625,0.972348,1,0,69768,0,2.5970150000000003,25,42,2196,2620,6,3.972222,34,6,1012,36,174,61,123,63,143,4,0,1,30,40,67,0,849,36,67,0,0.0,0
0,0.0,0.006036,0.9444440000000001,1,0,10893,0,6.7945210000000005,49,158,121,123,0,6.7945210000000005,72,0,6908,73,496,73,396,123,496,0,1,3,0,1,73,0,6908,73,73,0,34.0,0
10,0.782609,0.23502800000000001,0.960606,0,0,2931,1,3.704918,15,43,168,188,0,4.235294000000001,50,0,1606,51,226,61,110,25,216,8,0,1,7,22,61,0,1544,21,61,0,0.0,0
0,0.0,1.0,0.0,1,0,2575,0,1.0,0,0,124,154,0,1.0,0,0,65,1,1,1,1,0,1,0,0,1,0,57,1,0,65,0,1,0,0.0,0
3,1.0,0.194444,0.947917,7,0,7389,2,8.176471000000001,25,70,283,383,1,8.928571,13,1,1040,14,139,16,140,22,125,5,8,3,1,6,17,0,933,28,17,0,33.0,0
6,0.0,0.2,0.8,0,0,1943,0,1.0,0,0,69,81,0,0.0,0,0,52,0,6,6,6,0,0,3,0,1,3,3,6,0,1,1,6,0,0.0,1
9,0.717949,0.283391,0.9707389999999999,8,0,17417,10,6.903846000000001,32,55,360,425,9,7.651163,41,8,3148,43,359,41,125,37,329,23,3,1,25,65,49,0,2982,28,52,1,0.0,0
0,0.0,1.0,0.0,1,1,17417,0,1.0,0,0,360,425,0,1.0,0,0,43,1,1,1,1,0,1,0,0,1,0,13,1,0,43,0,1,0,0.0,0
7,0.666667,0.301075,0.956782,1,0,17417,3,5.515152,18,65,360,425,0,6.346154,25,0,1801,26,182,31,145,32,165,13,17,2,14,47,31,0,1668,24,33,0,23.0,0
2,0.46738201,0.28325100000000003,0.951933,1,0,17417,0,8.066667,9,42,360,425,0,8.25,28,0,1421,28,242,30,75,20,231,4,22,1,12,33,30,0,1380,15,30,0,38.04488778,0
10,0.782609,0.477891,0.951442,3,0,8367,0,4.283019,12,82,244,299,1,5.046512,42,1,1662,43,227,52,138,46,217,15,4,1,22,40,53,0,1562,25,53,0,0.0,0
7,0.8064520000000001,0.404878,0.958965,7,0,8367,0,5.326531,27,66,244,299,0,6.047619,41,0,2030,42,261,46,130,70,254,28,10,1,41,66,46,0,1961,37,49,0,0.0,0
8,0.11111099999999999,0.14285699999999998,0.875,0,0,26974,0,1.0,0,0,888,1159,0,1.0,0,0,118,1,9,9,9,0,1,0,0,1,4,4,9,0,6,0,9,0,0.0,1
16,0.23809499999999997,0.06666699999999999,0.95,0,0,26974,0,1.0,0,0,888,1159,0,1.0,0,0,335,5,21,21,21,0,5,0,0,1,8,8,21,0,121,0,21,0,0.0,1
4,1.0,0.337979,0.9152540000000001,14,0,26974,2,3.583333,15,31,888,1159,0,3.678571,52,0,1399,56,215,60,348,23,206,0,11,5,7,8,60,0,1339,43,60,0,181.0,0
6,0.294118,0.0,1.0,0,0,26974,0,1.0,0,0,888,1159,0,1.0,0,0,127,5,11,11,11,0,5,0,0,1,6,6,11,0,77,0,11,0,0.0,1
12,0.25,0.090909,0.933333,0,0,1026,0,1.0,1,3,39,76,0,1.0,0,0,214,4,16,16,19,0,4,0,0,1,6,6,16,0,108,1,16,0,0.0,1
6,0.466667,0.4,0.9830530000000001,78,0,11366,3,6.075,68,161,275,285,0,6.324561,112,0,4156,114,729,119,345,142,721,62,13,1,80,120,119,0,4115,84,120,0,0.0,0
1,0.166667,0.47222200000000003,1.0,1,0,11366,0,15.0,16,26,275,285,1,16.2,9,1,1648,10,165,10,39,146,162,27,1,1,7,103,11,0,1624,24,11,0,0.0,0
9,0.25,0.611111,0.681818,0,0,11604,0,1.75,1,1,484,580,0,2.0,0,0,131,3,21,12,25,5,6,2,0,2,2,2,12,0,17,1,12,0,7.0,1
4,0.692308,0.48484799999999995,0.908587,7,0,9229,1,10.55,16,23,256,318,0,11.0,15,0,1078,16,211,20,52,49,176,6,0,1,5,19,20,0,852,17,20,0,0.0,0
0,1.0,0.454545,0.8860290000000001,5,0,2359,1,8.352941,10,18,80,91,0,8.352941,16,0,1128,17,142,17,42,13,142,17,0,1,14,17,17,0,1128,17,17,0,0.0,0
8,0.72973,0.375758,0.9727520000000001,7,0,15070,9,7.6666669999999995,54,137,601,750,0,8.418182,54,0,4491,55,483,62,231,174,463,59,0,1,67,132,62,0,4361,78,63,0,0.0,0
0,1.0,1.0,0.0,0,0,3051,0,1.0,1,1,282,292,1,1.0,1,1,8,1,1,0,2,0,1,0,0,1,0,0,1,0,8,1,1,0,0.0,0
4,0.125,0.2,0.9,0,0,2713,0,1.166667,0,0,217,245,0,1.5,1,0,38,2,7,6,6,0,3,0,0,1,0,4,6,0,18,0,6,0,0.0,1
0,0.083333,1.0,0.0,0,0,822,0,1.0,0,0,66,68,0,1.0,1,0,16,1,1,2,1,0,1,0,0,1,11,11,2,0,16,1,1,0,0.0,0
14,0.391304,0.22380999999999998,0.951417,0,0,19618,12,3.666667,15,32,1241,1466,0,6.538462,7,0,1469,13,99,26,103,5,85,19,3,2,15,19,26,0,1413,15,27,0,35.0,0
0,0.1,1.0,0.0,0,1,24153,1,3.0,3,12,1342,1681,0,3.0,0,0,232,1,3,1,13,0,3,0,0,2,9,9,1,0,232,2,1,0,0.0,0
9,0.571429,0.261905,0.909226,8,0,24153,1,3.068966,8,20,1342,1681,0,4.0,20,0,541,20,89,29,93,11,80,15,0,2,16,25,29,0,506,17,29,0,31.0,0
0,1.0,0.113846,0.914286,8,0,6940,3,5.888889,15,44,399,488,32,5.888889,34,32,1485,36,212,4,90,16,212,1,0,1,0,2,36,0,1485,14,36,0,0.0,0
13,0.648148,0.416425,0.948262,43,0,8738,4,6.144444,47,118,373,410,1,7.0,76,1,3392,77,553,89,260,91,539,52,0,1,45,59,90,0,3175,52,90,0,0.0,0
1,0.545455,0.428571,0.953571,13,0,3576,0,10.761905,21,50,85,97,3,11.25,19,3,1201,20,226,18,113,54,225,9,0,1,6,14,21,0,1191,25,21,0,0.0,0
26,0.6,0.14694400000000002,0.985925,4,0,50650,5,2.0,25,34,2231,2992,1,2.3870970000000002,60,1,1210,62,176,87,132,16,148,37,1,1,4,49,88,0,1063,30,88,0,0.0,0
0,1.0,1.0,0.0,1,0,50650,0,2.0,2,2,2231,2992,0,2.0,1,0,10,1,2,2,3,1,2,0,0,1,0,0,2,0,10,2,1,0,0.0,0
62,0.651042,0.106476,0.983611,5,0,50650,8,2.482587,48,135,2231,2992,2,2.805755,134,2,3652,139,499,188,470,58,390,10,9,3,33,54,190,0,2855,59,201,0,73.0,0
9,0.424242,0.471429,0.947368,6,0,11914,3,9.034483,31,58,404,472,1,12.5,18,1,1101,20,262,26,128,51,250,9,0,1,6,19,27,0,1005,31,29,0,0.0,0
3,0.88,0.378917,0.8279219999999999,14,0,11914,1,8.355556,41,110,404,472,4,8.833333,38,4,1564,42,376,41,263,53,371,7,5,3,6,7,45,0,1538,47,45,0,59.0,0
0,1.0,0.381818,0.9435899999999999,28,0,23070,4,5.275,37,67,938,1073,1,5.275,39,1,1353,40,211,39,210,66,211,10,0,6,5,10,40,0,1353,47,40,0,555.0,0
1,0.75,0.0,1.0,1,0,4694,2,1.0,4,4,455,492,1,1.0,3,1,61,4,5,3,9,0,4,1,0,4,0,1,4,0,57,2,5,0,23.0,0
0,0.46738201,1.0,0.0,0,0,4694,0,7.0,1,1,455,492,0,7.0,1,0,24,1,7,2,2,0,7,0,0,1,0,0,2,0,24,1,1,0,0.0,0
4,0.5,0.14285699999999998,0.857143,0,0,4694,0,1.0,0,0,455,492,0,1.0,4,0,17,4,8,9,8,0,4,4,0,2,4,4,9,0,5,0,8,0,4.0,1
3,0.090909,0.0,1.0,0,0,6146,0,1.0,0,0,408,432,0,1.0,0,0,45,1,4,4,4,0,1,3,0,1,3,10,4,0,20,0,4,0,0.0,1
8,0.8260870000000001,0.088627,0.9658120000000001,10,0,7044,2,3.859375,19,52,280,294,1,4.089286,53,1,1371,56,247,63,241,7,229,12,7,5,5,13,64,0,1286,51,64,0,169.0,0
5,0.571429,0.383333,0.9485709999999999,9,0,33723,24,2.6538459999999997,35,57,2415,2606,0,3.047619,20,0,1079,21,69,26,129,25,64,25,1,6,33,35,26,0,1058,28,26,0,529.0,0
10,0.090909,0.11111099999999999,0.9,0,1,33723,0,1.0,0,0,2415,2606,0,1.0,0,0,27,1,11,11,11,0,1,5,0,1,5,5,11,0,27,1,11,0,0.0,1
1,0.875,0.428571,0.9818180000000001,23,0,4772,34,2.3870970000000002,60,76,332,380,0,2.4,29,0,1881,30,74,31,116,146,72,20,0,7,2,22,31,0,1858,47,31,0,533.0,0
5,0.7391300000000001,0.785714,0.779221,0,0,7166,0,1.8695650000000001,7,9,299,371,0,2.111111,16,0,510,18,43,23,38,8,38,2,1,1,5,7,23,0,440,10,23,0,0.0,0
0,0.272727,1.0,1.0,0,0,1194,0,1.0,0,0,47,47,0,1.0,0,0,38,3,3,3,3,0,3,0,0,1,0,8,3,0,38,1,3,0,0.0,0
0,0.14285699999999998,1.0,0.0,0,0,1194,0,1.0,0,0,47,47,0,1.0,0,0,57,1,1,1,1,0,1,0,0,1,0,6,1,0,57,4,1,0,0.0,0
2,0.933333,0.490476,0.954094,4,0,27590,1,5.6666669999999995,17,39,961,1151,4,5.96,23,1,1032,25,153,19,162,26,149,16,5,3,11,31,20,0,1014,31,27,3,64.0,0
6,0.0,0.0,1.0,0,0,10542,0,1.0,0,0,754,826,0,1.0,0,0,106,1,7,7,7,0,1,6,0,1,6,6,7,0,53,1,7,0,0.0,1
8,0.0,0.14285699999999998,0.875,0,0,4557,0,1.0,0,0,84,116,0,1.0,0,0,118,1,9,9,9,0,1,4,0,1,4,4,9,0,6,0,9,0,0.0,1
6,0.0,0.0,1.0,0,0,4557,0,1.0,0,0,84,116,0,1.0,0,0,142,5,11,11,11,0,5,6,0,1,0,6,11,0,92,0,11,0,0.0,1
16,0.46738201,0.392888,0.9534370000000001,14,0,19441,2,4.951807,18,62,726,882,2,4.686567,66,2,3547,67,411,79,155,26,314,5,13,2,19,22,81,0,2997,21,83,0,38.04488778,0
2,0.9,0.346154,0.9365379999999999,3,0,6943,0,5.411765,12,23,244,292,1,6.0,14,1,1052,15,92,16,240,20,90,65,4,5,41,65,17,0,1031,24,17,0,125.0,0
2,0.933333,0.334454,0.966507,3,0,2325,1,5.846154,16,35,75,89,3,6.1081080000000005,36,3,1699,37,228,36,220,12,226,5,6,4,8,11,39,0,1676,25,39,0,92.0,0
8,0.2,0.14285699999999998,0.933333,0,0,19469,0,1.0,0,0,694,800,0,1.0,0,0,182,2,10,10,10,0,2,4,0,1,4,5,10,0,78,0,10,0,0.0,1
11,0.744186,0.44367,0.913636,1,0,9478,0,3.1333330000000004,10,17,229,319,0,3.558824,32,0,1404,34,141,44,69,13,121,12,1,2,15,15,44,0,1157,12,45,0,12.0,0
1,0.666667,1.0,0.5,0,0,790,0,1.0,0,0,66,69,0,1.0,1,0,22,2,3,3,3,0,2,1,0,1,1,1,3,0,14,0,3,0,0.0,0
10,0.333333,0.21978000000000003,0.867347,0,0,3478,0,1.133333,2,5,196,218,0,1.4,4,0,147,5,17,15,21,1,7,7,0,1,3,7,15,0,53,3,15,0,0.0,1
0,0.0,1.0,0.0,1,0,527,0,1.0,1,1,24,26,0,1.0,0,0,38,1,1,1,4,4,1,0,0,2,0,10,1,0,38,2,1,0,2.0,0
0,0.0,1.0,0.0,1,0,29751,0,1.0,1,1,1168,1195,0,1.0,0,0,32,1,1,1,4,5,1,0,0,2,0,9,1,0,32,2,1,0,2.0,0
0,0.0,1.0,0.0,1,0,29751,0,1.0,1,1,1168,1195,0,1.0,0,0,43,1,1,1,4,4,1,0,0,2,0,9,1,0,43,2,1,0,2.0,0
0,0.0,1.0,0.0,1,0,29751,0,1.0,1,1,1168,1195,0,1.0,0,0,29,1,1,1,4,3,1,0,0,2,0,8,1,0,29,2,1,0,2.0,0
0,0.0,1.0,0.0,1,0,29751,0,1.0,1,1,1168,1195,0,1.0,0,0,105,1,1,1,4,9,1,0,0,2,0,27,1,0,105,2,1,0,2.0,0
3,0.785714,0.076923,0.9038459999999999,0,0,214,0,1.0714290000000002,3,5,11,14,1,1.090909,10,1,214,11,15,13,19,0,12,4,0,1,4,4,14,0,174,4,14,0,0.0,0
0,0.46738201,0.0,0.0,0,0,420,0,1.0,2,2,39,39,0,1.0,8,0,83,8,8,0,10,6,8,0,0,2,0,0,0,0,83,4,8,0,38.04488778,0
3,0.0,0.0,1.0,0,0,1024,0,1.0,0,0,53,73,0,0.0,0,0,37,0,3,3,9,0,0,0,0,2,0,3,3,0,16,2,3,0,3.0,1
3,0.0,0.0,1.0,0,0,1024,0,1.0,0,0,53,73,0,0.0,0,0,35,0,3,3,9,0,0,0,0,2,0,3,3,0,15,3,3,0,3.0,1
3,0.0,0.0,1.0,0,0,1024,0,1.0,0,0,53,73,0,0.0,0,0,37,0,3,3,9,0,0,0,0,2,0,3,3,0,16,2,3,0,3.0,1
3,0.0,0.0,1.0,0,0,1024,0,1.0,0,0,53,73,0,0.0,0,0,37,0,3,3,9,0,0,0,0,2,0,3,3,0,16,2,3,0,3.0,1
12,0.46738201,0.260652,0.9263389999999999,7,0,3146,0,3.615385,20,85,153,195,0,4.207547,52,0,1600,53,235,14,166,14,223,14,6,1,11,14,10,4,1489,26,65,0,38.04488778,0
8,0.11111099999999999,1.0,0.1875,0,0,14767,0,1.888889,1,1,386,554,0,2.0,0,0,153,1,17,9,10,0,2,2,0,1,1,2,9,0,11,2,9,0,0.0,1
0,1.0,0.333333,0.666667,0,0,73,0,1.0,1,1,19,19,0,1.0,3,0,17,4,4,4,5,0,4,1,0,1,1,1,4,0,17,2,4,0,0.0,0
0,1.0,1.0,0.0,0,0,1128,0,3.0,3,3,74,75,0,3.0,1,0,19,1,3,1,19,1,3,0,0,3,0,1,1,0,19,12,1,0,15.0,0
4,0.2,0.333333,0.75,0,0,303,0,1.0,0,0,53,57,0,1.0,0,0,15,1,5,5,5,0,1,0,0,1,2,2,5,0,3,0,5,0,0.0,1
10,0.06666699999999999,0.177778,0.85,0,1,3199,0,1.0,0,0,180,232,0,1.0,0,0,23,1,11,11,11,0,1,0,0,1,4,4,11,0,23,0,11,0,0.0,1
6,0.14285699999999998,0.2,0.833333,0,0,3199,3,1.0,0,0,180,232,0,1.0,0,0,83,1,7,7,7,0,1,3,0,1,3,3,7,0,65,0,7,0,0.0,1
8,0.0,0.14285699999999998,0.857143,0,1,3199,0,1.0,0,0,180,232,0,0.0,0,0,18,0,8,8,8,0,0,4,0,1,4,4,8,0,18,0,8,0,0.0,1
12,0.076923,0.090909,0.916667,0,1,3199,0,1.0,0,0,180,232,0,1.0,0,0,30,1,13,13,13,0,1,6,0,1,6,6,13,0,30,0,13,0,0.0,1
10,0.0,0.2,0.833333,0,0,463,0,1.0,0,0,34,97,0,0.0,0,0,48,0,10,11,14,0,0,4,0,2,4,4,11,0,48,1,10,0,4.0,1
7,0.125,0.047619,0.97619,0,0,420,0,1.625,0,0,59,77,0,6.0,0,0,52,1,13,8,8,0,6,6,0,1,6,6,8,0,31,0,8,0,0.0,1
12,0.14285699999999998,0.090909,0.923077,0,0,1154,0,1.0,0,0,92,172,0,1.0,0,0,52,2,14,14,14,0,2,6,0,1,6,6,14,0,52,0,14,0,0.0,1
6,0.0,0.2,0.8,0,0,1154,0,1.0,0,0,92,172,0,0.0,0,0,15,0,6,6,6,0,0,3,0,1,3,3,6,0,15,0,6,0,0.0,1
12,0.076923,0.151515,0.8888889999999999,0,0,444,0,1.153846,0,0,27,54,0,1.0,0,0,57,1,15,13,13,0,1,0,0,1,6,6,13,0,57,0,13,0,0.0,1
10,0.0,0.11111099999999999,0.8888889999999999,0,0,62,0,1.0,0,0,8,30,0,0.0,0,0,22,0,10,11,10,0,0,5,0,1,5,5,11,0,22,0,10,0,0.0,1
27,0.458333,0.12903199999999998,0.964791,3,0,33993,0,2.2352939999999997,17,35,1076,1556,0,2.5365849999999996,38,0,1541,41,152,68,163,3,104,26,5,2,26,39,68,0,1078,29,68,0,60.0,0
0,1.0,0.0,0.0,3,0,2768,0,2.857143,8,9,129,165,7,2.857143,7,1,135,7,20,0,20,7,20,0,0,1,0,0,1,0,135,9,7,6,0.0,0
2,0.666667,0.666667,0.85,0,0,2768,0,1.166667,2,2,129,165,0,1.25,2,0,54,4,7,6,8,0,5,4,0,1,3,4,6,0,38,3,6,0,0.0,0
4,0.2,0.333333,0.75,0,0,2768,0,1.0,0,0,129,165,0,1.0,0,0,44,1,5,5,5,0,1,0,0,1,2,2,5,0,8,0,5,0,0.0,1
7,0.644068,0.25995799999999997,0.9717870000000001,2,0,32688,2,2.178571,15,40,1771,2040,16,2.326531,49,16,1099,49,122,34,102,14,114,12,0,1,11,29,50,0,1057,17,56,0,0.0,0
0,1.0,0.0,1.0,0,0,4524,0,1.0,3,2,182,247,0,1.0,2,0,54,2,2,3,79,1,2,1,0,5,0,1,3,0,54,24,2,0,49.0,0
21,0.16,0.259259,0.96131,0,0,4524,0,1.7241380000000002,10,16,182,247,0,3.5,7,0,533,8,50,29,110,5,28,19,4,4,22,24,29,0,322,22,29,0,41.0,0
19,0.107143,0.1,0.9880950000000001,0,0,687,0,1.045455,0,0,23,46,0,1.333333,2,0,161,3,23,22,22,0,4,10,0,1,10,16,22,0,44,1,22,0,0.0,1
0,1.0,0.006536,1.0,0,0,94,0,1.3157889999999999,5,7,19,19,0,1.3157889999999999,18,0,94,19,25,19,28,6,25,3,0,1,2,3,19,0,94,25,19,0,0.0,0
0,1.0,1.0,0.0,0,0,32189,0,1.0,2,1,1182,1188,0,1.0,0,0,27,1,1,1,888,0,1,1,0,7,0,1,1,0,27,784,1,0,101.0,0
4,0.2,0.0,1.0,0,0,85061,0,1.0,0,0,3633,4912,0,1.0,0,0,70,1,5,5,5,0,1,5,0,1,0,5,5,0,30,1,5,0,0.0,1
23,0.642857,0.041208999999999996,0.98803,0,0,85061,0,4.780952,23,88,3633,4912,0,5.743901999999999,82,0,1747,82,502,106,1108,124,471,21,1,3,23,49,106,0,1595,106,105,0,677.0,0
22,0.447917,0.128671,0.995511,0,0,85061,0,4.970149,13,44,3633,4912,0,6.555556,44,0,1692,45,333,66,1110,84,295,22,3,4,15,54,66,0,1493,105,67,0,737.0,0
0,1.0,1.0,0.0,0,0,12585,3,1.0,1,1,428,454,0,1.0,1,0,65,1,1,1,4,1,1,0,0,2,0,0,1,0,65,3,1,0,2.0,0
1,0.666667,1.0,0.833333,0,1,12585,0,1.0,1,0,428,454,0,1.0,1,0,22,2,3,3,4,1,2,0,0,1,3,3,3,0,16,2,3,0,0.0,0
6,0.14285699999999998,0.0,1.0,0,1,6490,0,1.857143,1,1,431,667,0,7.0,0,0,87,1,13,7,8,0,7,0,0,1,6,6,7,0,51,1,7,0,0.0,1
27,0.1,0.045977,0.9595239999999999,1,0,863,0,1.129032,4,6,38,73,1,2.0,4,1,287,4,35,31,37,2,8,14,0,1,14,14,32,0,44,7,31,0,0.0,1
5,0.94186,0.500947,0.956083,0,0,10160,0,4.81,33,103,233,347,7,4.915789,93,7,3545,95,481,63,212,9,467,1,14,1,43,46,70,0,3446,36,100,0,0.0,0
16,0.666667,0.26364499999999996,0.9551350000000001,12,0,36313,1,4.966667,33,50,1378,1878,0,6.159091,43,0,2091,44,298,60,144,39,271,19,1,5,29,34,60,0,1866,37,60,0,520.0,0
5,0.125,0.0,1.0,0,0,36313,0,1.166667,0,0,1378,1878,0,2.0,0,0,107,1,7,6,6,0,2,1,0,2,5,8,6,0,55,2,6,0,2.0,1
0,1.0,0.0,0.0,0,0,277,0,1.333333,3,4,17,18,0,1.333333,2,0,31,3,4,3,41,1,4,0,2,4,0,0,3,0,31,10,3,0,67.0,0
1,0.5,1.0,1.0,0,0,4448,0,2.0,2,2,199,226,0,2.0,0,0,105,1,4,2,37,0,2,3,0,6,2,3,2,0,93,10,2,0,539.0,0
0,0.882353,0.010723,0.993506,8,0,13853,0,10.589744,0,0,426,439,8,10.589744,74,0,2200,78,826,5,78,0,826,0,10,2,0,8,5,0,2200,1,78,8,50.0,0
0,0.46738201,1.0,1.0,0,0,912,0,3.0,3,5,79,80,0,3.0,1,0,25,2,6,2,7,0,6,0,1,7,2,2,2,0,25,47,2,0,38.04488778,0
0,0.25,1.0,0.0,0,1,292,0,1.0,0,0,36,36,0,1.0,0,0,8,1,1,1,1,0,1,0,0,1,3,3,1,0,8,2,1,0,0.0,0
1,0.7552989999999999,0.000169,1.0,0,0,19269,0,2.374684,77,156,957,1001,387,2.378173,392,386,4130,394,938,8,584,44,937,0,2,1,4,142,394,0,4124,94,395,1,0.0,0
0,1.0,1.0,0.0,0,0,43,0,1.0,0,0,8,8,0,1.0,0,0,7,1,1,1,1,0,1,0,0,5,0,0,1,0,7,0,1,0,15.0,0
0,1.0,1.0,0.0,0,0,43,0,1.0,0,0,8,8,0,1.0,0,0,18,4,4,4,4,0,4,0,0,4,0,0,4,0,18,0,4,0,15.0,0
8,0.75,0.48,0.903581,5,0,4370,0,3.6470589999999996,50,57,159,209,0,4.461538,23,0,1042,26,124,34,169,86,116,11,1,1,11,11,34,0,972,58,34,0,0.0,0
