FDP_method,ATFD_method,MeMCL_method,MaMCL_method,NMCS_method,LAA_method,CDISP_method,CINT_method,ATFD_type,FANOUT_method,CYCLO_method,MAXNESTING_method,LOC_method,NOAV_method,LOCNAMM_type,LOC_type,AMWNAMM_type,CFNAMM_method,AMW_type,LOC_package,LCOM5_type,TCC_type,NOLV_method,WMC_type,NOM_package,CFNAMM_type,RFC_type,WMCNAMM_type,NOMNAMM_package,CBO_type,is_feature_envy
0,0,0,0,0,1.0,1.0,1,3,1,1,1,3,1,54,54,1.5,1,1.5,701,1.0,1.0,0,9,72,2,56,9,72,5,0
0,0,0,0,0,1.0,1.0,1,3,1,1,1,3,1,54,54,1.5,1,1.5,701,1.0,1.0,0,9,72,2,56,9,72,5,0
0,0,0,0,0,0.0,1.0,1,3,1,1,1,5,2,54,54,1.5,1,1.5,701,1.0,1.0,2,9,72,2,56,9,72,5,0
1,2,0,0,0,0.0,0.0,0,3,0,2,2,11,5,54,54,1.5,0,1.5,701,1.0,1.0,3,9,72,2,56,9,72,5,0
1,2,0,0,0,0.0,0.0,0,3,0,2,2,11,5,54,54,1.5,0,1.5,701,1.0,1.0,3,9,72,2,56,9,72,5,0
1,2,0,0,0,0.0,0.0,0,3,0,2,2,11,5,54,54,1.5,0,1.5,701,1.0,1.0,3,9,72,2,56,9,72,5,0
2,5,0,0,0,0.28571399999999997,0.333333,3,5,1,5,3,29,12,35,35,5.0,3,5.0,701,0.0,1.0,8,5,72,3,52,5,72,6,1
0,0,0,0,0,0.0,1.0,1,0,1,1,1,3,2,18,18,1.0,1,1.0,2639,0.0,1.0,2,4,109,4,9,4,100,1,0
0,0,0,0,0,0.0,1.0,1,0,1,1,1,3,4,18,18,1.0,1,1.0,2639,0.0,1.0,4,4,109,4,9,4,100,1,0
0,0,0,0,0,0.0,1.0,1,0,1,1,1,3,2,18,18,1.0,1,1.0,2639,0.0,1.0,2,4,109,4,9,4,100,1,0
0,0,0,0,0,0.0,1.0,1,0,1,1,1,3,3,18,18,1.0,1,1.0,2639,0.0,1.0,3,4,109,4,9,4,100,1,0
3,10,0,0,0,0.294118,0.833333,6,106,5,6,3,33,23,1371,1371,11.310345,6,11.310345,2639,0.723214,1.0,6,328,109,51,87,328,100,27,1
2,9,0,0,0,0.166667,0.333333,3,106,1,10,4,48,17,1371,1371,11.310345,3,11.310345,2639,0.723214,1.0,6,328,109,51,87,328,100,27,1
2,56,0,0,0,0.3,0.368421,19,106,7,139,6,523,105,1371,1371,11.310345,19,11.310345,2639,0.723214,1.0,25,328,109,51,87,328,100,27,1
8,83,0,0,0,0.023528999999999998,0.6,5,173,3,75,6,257,101,828,828,6.8709679999999995,5,6.8709679999999995,1422,0.666667,1.0,16,213,54,13,44,213,54,36,1
0,0,0,0,0,0.0,0.0,0,0,0,1,1,5,1,15,15,1.0,0,1.0,44,0.0,0.0,1,2,5,0,21,2,5,4,0
0,0,0,0,0,0.0,0.0,0,0,0,1,1,4,0,15,15,1.0,0,1.0,44,0.0,0.0,1,2,5,0,21,2,5,4,0
0,0,0,0,0,0.0,0.0,0,0,0,1,1,3,0,29,29,1.333333,0,1.333333,44,0.0,0.0,0,4,5,2,15,4,5,5,0
0,0,0,0,0,1.0,0.0,0,15,0,1,1,4,1,330,330,1.0,0,1.0,1293,0.9717950000000001,0.08717899999999999,0,40,138,3,58,1,27,9,0
2,9,0,0,0,0.1,0.428571,7,13,3,23,5,176,32,538,538,2.5,3,2.5,1447,1.0,0.7843140000000001,18,45,77,5,31,45,60,6,1
0,0,0,0,0,0.0,1.0,1,1,1,3,2,18,0,88,88,3.333333,1,3.333333,619,0.0,1.0,1,10,34,3,6,10,28,2,0
1,1,0,0,0,0.0,0.5,2,1,1,4,2,27,7,88,88,3.333333,2,3.333333,619,0.0,1.0,6,10,34,3,6,10,28,2,0
1,1,0,0,0,0.0,0.5,2,1,1,3,3,12,4,88,88,3.333333,2,3.333333,619,0.0,1.0,4,10,34,3,6,10,28,2,0
0,0,0,0,0,1.0,1.0,1,0,1,1,1,7,4,390,518,1.75,1,1.833333,619,0.9373040000000001,0.26108400000000004,0,55,34,1,31,42,28,1,0
0,0,0,0,0,0.0,0.0,0,0,0,1,1,4,2,390,518,1.75,0,1.833333,619,0.9373040000000001,0.26108400000000004,2,55,34,1,31,42,28,1,0
0,0,0,0,0,1.0,0.0,0,0,0,3,3,30,14,390,518,1.75,0,1.833333,619,0.9373040000000001,0.26108400000000004,10,55,34,1,31,42,28,1,0
2,15,0,0,0,0.428571,0.454545,11,19,5,60,7,206,52,1264,1342,5.605263,11,4.8297870000000005,7963,0.949275,0.49359,19,227,322,30,77,213,277,10,1
0,0,0,0,0,1.0,0.333333,6,0,2,21,7,111,18,469,469,7.714286,6,7.714286,7963,0.9,0.3,17,54,322,10,17,54,277,1,0
1,19,0,0,0,0.095238,1.0,1,22,1,2,1,7,32,488,624,3.111111,0,2.166667,7963,0.989967,0.177866,1,52,322,13,41,28,277,9,1
5,33,0,0,0,0.0,0.333333,21,61,7,42,7,142,51,1097,1097,15.888889,16,15.888889,7963,0.882353,0.269231,12,286,322,36,61,286,277,9,1
0,0,0,0,0,0.0,1.0,1,0,1,3,3,18,9,196,196,2.0,1,2.0,993,0.0,0.0,9,8,111,11,15,8,106,0,0
0,0,0,0,0,0.0,0.0,0,0,0,1,1,8,3,196,196,2.0,0,2.0,993,0.0,0.0,3,8,111,11,15,8,106,0,0
0,0,0,0,0,0.0,0.0,0,0,0,2,2,14,1,196,196,2.0,0,2.0,993,0.0,0.0,1,8,111,11,15,8,106,0,0
0,0,0,0,0,0.0,0.9,10,0,9,2,2,31,5,196,196,2.0,10,2.0,993,0.0,0.0,6,8,111,11,15,8,106,0,0
2,5,0,0,0,0.0,0.5,2,6,1,8,3,22,7,170,197,2.5,2,2.636364,7010,1.0,0.0,2,29,464,6,18,25,451,3,1
0,0,0,0,0,1.0,1.0,4,0,4,3,5,79,15,166,166,2.5,4,2.5,713,0.6,0.5,10,10,36,4,34,10,34,10,0
0,0,0,0,0,1.0,0.0,0,0,0,4,3,15,3,166,166,2.5,0,2.5,713,0.6,0.5,1,10,36,4,34,10,34,10,0
0,0,0,0,0,1.0,0.0,0,0,0,2,2,12,7,166,166,2.5,0,2.5,713,0.6,0.5,3,10,36,4,34,10,34,10,0
0,0,0,0,0,0.0,0.0,0,0,0,1,1,3,0,166,166,2.5,0,2.5,713,0.6,0.5,0,10,36,4,34,10,34,10,0
1,2,0,0,0,0.0,1.0,1,2,1,6,3,32,6,34,34,6.0,1,6.0,713,0.0,1.0,4,6,36,1,2,6,34,3,0
0,0,0,0,0,0.636364,1.0,1,3,1,22,6,134,20,1910,2005,4.314815,1,3.8730160000000002,2259,0.953717,0.38350300000000004,10,244,113,11,77,233,101,3,0
1,3,0,0,0,0.5,0.5,4,3,2,24,6,122,25,1910,2005,4.314815,1,3.8730160000000002,2259,0.953717,0.38350300000000004,12,244,113,11,77,233,101,3,0
0,0,0,0,0,0.0,1.0,1,0,1,1,1,3,0,146,146,1.545455,1,1.545455,197,0.3,0.622222,0,17,16,1,12,17,16,0,0
0,0,0,0,0,1.0,0.0,0,0,0,2,2,6,2,146,146,1.545455,0,1.545455,197,0.3,0.622222,1,17,16,1,12,17,16,0,0
0,0,0,0,0,1.0,0.0,0,0,0,3,2,10,2,146,146,1.545455,0,1.545455,197,0.3,0.622222,1,17,16,1,12,17,16,0,0
5,10,0,0,0,0.166667,0.375,24,11,9,29,6,181,40,306,321,8.0,15,7.285714,2893,0.866667,0.2,24,51,139,20,38,48,112,13,1
6,14,2,2,1,0.06666699999999999,0.388889,18,14,7,20,8,110,33,130,130,3.714286,6,3.714286,1008,0.833333,0.06666699999999999,15,26,55,6,25,26,45,9,1
1,1,0,0,0,0.75,1.0,1,1,1,3,3,22,10,200,200,2.222222,0,2.222222,817,0.825,1.0,6,20,116,2,13,20,26,3,0
1,1,0,0,0,0.75,1.0,1,1,1,2,2,18,9,200,200,2.222222,0,2.222222,817,0.825,1.0,5,20,116,2,13,20,26,3,0
0,0,0,0,0,1.0,0.0,0,1,0,2,2,13,3,200,200,2.222222,0,2.222222,817,0.825,1.0,2,20,116,2,13,20,26,3,0
0,0,0,0,0,1.0,0.0,0,1,0,2,2,13,8,200,200,2.222222,0,2.222222,817,0.825,1.0,7,20,116,2,13,20,26,3,0
1,6,0,0,0,0.14285699999999998,0.166667,6,12,1,5,5,23,16,190,240,2.5,1,2.055556,7206,0.803922,0.428571,4,37,551,6,40,30,463,3,1
1,1,0,0,0,0.666667,1.0,1,0,1,1,1,5,4,29,29,1.0,1,1.0,2303,0.0,0.0,1,5,198,2,18,5,159,9,0
0,0,0,0,0,1.0,0.0,0,0,0,1,1,3,1,29,29,1.0,0,1.0,2303,0.0,0.0,0,5,198,2,18,5,159,9,0
0,0,0,0,0,1.0,0.0,0,0,0,1,1,3,1,29,29,1.0,0,1.0,2303,0.0,0.0,0,5,198,2,18,5,159,9,0
0,0,0,0,0,1.0,0.0,0,0,0,1,1,3,1,29,29,1.0,0,1.0,2303,0.0,0.0,0,5,198,2,18,5,159,9,0
0,0,0,0,0,0.0,1.0,1,0,1,1,1,3,0,29,29,1.0,1,1.0,2303,0.0,0.0,0,5,198,2,18,5,159,9,0
2,4,0,0,0,0.833333,1.0,2,13,2,32,6,119,31,5732,5744,8.954887,1,8.895522,12655,0.9973799999999999,0.938942,7,1192,440,20,157,1191,408,55,0
0,0,0,0,0,1.0,0.0,0,13,0,1,1,6,5,301,301,6.857142999999999,0,6.857142999999999,928,1.0,0.0,2,48,41,8,23,48,41,6,0
3,15,0,0,0,0.0,0.2,5,15,1,2,2,17,25,20,20,2.0,0,2.0,6579,0.0,1.0,6,2,454,0,6,2,385,5,1
0,0,0,0,0,1.0,0.0,0,0,0,1,1,4,4,228,228,4.181818,0,4.181818,228,0.933333,1.0,2,46,11,0,11,46,11,0,0
0,0,0,0,0,1.0,0.0,0,0,0,2,1,8,4,228,228,4.181818,0,4.181818,228,0.933333,1.0,3,46,11,0,11,46,11,0,0
0,0,0,0,0,1.0,0.0,0,0,0,2,1,7,2,228,228,4.181818,0,4.181818,228,0.933333,1.0,1,46,11,0,11,46,11,0,0
0,0,0,0,0,1.0,0.0,0,0,0,2,1,10,3,228,228,4.181818,0,4.181818,228,0.933333,1.0,2,46,11,0,11,46,11,0,0
0,0,0,0,0,1.0,0.0,0,0,0,4,2,23,4,228,228,4.181818,0,4.181818,228,0.933333,1.0,3,46,11,0,11,46,11,0,0
3,10,0,0,0,0.0,0.2,5,42,1,11,6,50,18,391,391,5.411765,5,5.411765,1345,0.0,1.0,8,92,133,23,79,92,133,39,0
5,19,0,0,0,0.394737,0.478261,23,34,11,89,8,413,61,819,819,16.666667,18,16.666667,14229,0.71875,0.533333,23,150,466,18,60,150,399,30,1
0,0,0,0,0,0.0,1.0,1,3,1,1,1,5,4,571,571,2.647059,1,2.647059,3052,0.89375,0.363636,4,45,176,19,39,45,165,6,0
0,0,0,0,0,0.0,1.0,1,3,1,1,1,5,4,571,571,2.647059,1,2.647059,3052,0.89375,0.363636,4,45,176,19,39,45,165,6,0
0,0,0,0,0,0.0,0.0,0,3,0,1,1,4,1,571,571,2.647059,0,2.647059,3052,0.89375,0.363636,1,45,176,19,39,45,165,6,0
0,0,0,0,0,0.0,0.0,0,3,0,1,1,4,1,571,571,2.647059,0,2.647059,3052,0.89375,0.363636,1,45,176,19,39,45,165,6,0
2,7,0,0,0,0.642857,0.5,22,14,11,35,6,270,62,1234,1243,3.384615,20,3.325,4151,0.959936,0.23968299999999998,42,133,176,46,94,132,154,20,0
1,9,0,0,0,0.25,0.666667,3,11,2,72,8,402,44,714,739,10.181818,3,7.3125,4404,0.866667,0.714286,32,117,202,7,24,112,154,4,1
0,0,0,0,0,0.0,1.0,1,0,1,2,1,6,1,12,12,1.5,1,1.5,147,0.0,0.0,1,3,20,1,11,3,20,5,0
0,0,0,0,0,0.0,0.0,0,0,0,1,1,3,1,12,12,1.5,0,1.5,147,0.0,0.0,1,3,20,1,11,3,20,5,0
0,0,0,0,0,0.0,1.0,1,0,1,2,1,6,1,8,8,2.0,1,2.0,147,0.0,1.0,1,2,20,1,10,2,20,5,0
0,0,0,0,0,1.0,0.0,0,0,0,1,1,4,2,75,95,2.333333,0,1.8,1645,0.75,0.6,1,9,81,4,27,7,56,7,0
0,0,0,0,0,1.0,0.0,0,0,0,1,1,4,2,75,95,2.333333,0,1.8,1645,0.75,0.6,1,9,81,4,27,7,56,7,0
0,0,0,0,0,1.0,1.0,1,0,1,1,1,6,6,75,95,2.333333,1,1.8,1645,0.75,0.6,4,9,81,4,27,7,56,7,0
0,0,0,0,0,1.0,1.0,2,0,2,4,4,29,6,75,95,2.333333,2,1.8,1645,0.75,0.6,5,9,81,4,27,7,56,7,0
0,0,0,0,0,0.0,0.0,0,2,0,31,6,160,18,248,248,10.0,0,10.0,2309,0.0,0.0,18,40,96,1,5,40,78,2,0
0,0,0,0,0,1.0,0.0,0,0,0,1,1,6,3,21,21,1.5,0,1.5,4403,1.0,1.0,2,3,88,0,2,3,78,0,0
0,0,0,0,0,1.0,0.0,0,0,0,2,1,8,2,21,21,1.5,0,1.5,4403,1.0,1.0,1,3,88,0,2,3,78,0,0
0,0,0,0,0,1.0,0.0,0,11,0,17,6,74,9,815,1323,8.416667,0,10.533333,4403,0.896552,0.636842,5,316,88,29,69,202,78,27,0
0,0,0,0,0,1.0,0.0,0,11,0,1,1,4,1,815,1323,8.416667,0,10.533333,4403,0.896552,0.636842,0,316,88,29,69,202,78,27,0
0,0,0,0,0,1.0,1.0,1,11,1,1,1,12,7,815,1323,8.416667,1,10.533333,4403,0.896552,0.636842,2,316,88,29,69,202,78,27,0
4,4,0,0,0,0.333333,1.0,10,11,10,50,8,244,33,815,1323,8.416667,6,10.533333,4403,0.896552,0.636842,32,316,88,29,69,202,78,27,1
5,7,0,0,0,0.3,0.8,15,11,12,44,8,208,36,815,1323,8.416667,8,10.533333,4403,0.896552,0.636842,29,316,88,29,69,202,78,27,1
1,1,0,0,0,0.5,0.714286,7,9,5,19,6,120,18,2758,2827,8.902439,6,8.431818,4403,0.8637870000000001,0.685606,18,371,88,42,95,365,78,33,0
0,0,0,0,0,1.0,0.0,0,3,0,2,1,6,2,218,218,3.9230769999999997,0,3.9230769999999997,752,0.683333,0.755556,1,51,38,3,19,51,38,4,0
0,0,0,0,0,1.0,0.0,0,3,0,1,1,3,2,218,218,3.9230769999999997,0,3.9230769999999997,752,0.683333,0.755556,1,51,38,3,19,51,38,4,0
0,0,0,0,0,1.0,0.0,0,3,0,3,1,6,4,218,218,3.9230769999999997,0,3.9230769999999997,752,0.683333,0.755556,2,51,38,3,19,51,38,4,0
0,0,0,0,0,1.0,0.0,0,3,0,2,2,5,1,218,218,3.9230769999999997,0,3.9230769999999997,752,0.683333,0.755556,0,51,38,3,19,51,38,4,0
0,0,0,0,0,1.0,1.0,2,1,2,7,3,98,15,175,319,3.75,2,2.4666669999999997,2259,0.923645,0.192118,8,74,161,5,36,30,103,5,0
4,10,0,0,0,0.166667,0.461538,13,15,6,11,3,84,21,255,255,4.857143,3,4.857143,304,0.75,0.14285699999999998,9,34,38,3,25,34,38,8,1
0,0,0,0,0,0.0,1.0,3,0,3,1,1,7,3,561,561,3.5,3,3.5,613,0.866667,0.622222,3,56,28,23,42,56,25,9,0
0,0,0,0,0,0.0,1.0,3,0,3,1,1,7,3,561,561,3.5,3,3.5,613,0.866667,0.622222,3,56,28,23,42,56,25,9,0
0,0,0,0,0,0.0,1.0,1,0,1,3,3,20,7,561,561,3.5,1,3.5,613,0.866667,0.622222,7,56,28,23,42,56,25,9,0
0,0,0,0,0,0.0,1.0,1,0,1,1,2,10,3,561,561,3.5,1,3.5,613,0.866667,0.622222,3,56,28,23,42,56,25,9,0
0,0,0,0,0,1.0,0.666667,6,0,4,17,6,80,18,188,248,6.428571,6,3.375,1322,0.891667,0.209524,14,54,72,11,27,45,32,7,0
0,0,0,0,0,1.0,0.28571399999999997,7,0,2,23,6,147,24,393,393,8.333333,7,8.333333,3177,0.642857,1.0,21,75,133,13,22,75,124,2,0
1,4,0,0,0,0.666667,0.684211,19,6,13,28,7,164,30,1142,1142,4.451613,19,4.451613,5146,0.8111109999999999,0.40579699999999996,18,138,397,47,82,138,247,27,0
0,0,0,0,0,1.0,0.0,0,0,0,1,1,4,4,59,59,1.833333,0,1.833333,59,1.0,0.0,3,11,7,1,7,11,7,0,0
0,0,0,0,0,0.0,0.0,0,0,0,2,2,7,2,59,59,1.833333,0,1.833333,59,1.0,0.0,2,11,7,1,7,11,7,0,0
0,0,0,0,0,0.0,0.0,0,0,0,2,2,7,2,59,59,1.833333,0,1.833333,59,1.0,0.0,2,11,7,1,7,11,7,0,0
0,0,0,0,0,0.0,1.0,1,0,1,3,3,19,4,59,59,1.833333,1,1.833333,59,1.0,0.0,5,11,7,1,7,11,7,0,0
2,6,0,0,0,0.454545,1.0,1,51,1,3,1,13,15,616,695,11.0,1,10.529411999999999,1180,0.825893,0.722222,4,179,39,18,49,165,37,10,0
2,4,0,0,0,0.636364,1.0,1,51,1,7,2,20,11,616,695,11.0,1,10.529411999999999,1180,0.825893,0.722222,0,179,39,18,49,165,37,10,0
1,3,0,0,0,0.7,0.5,2,51,1,10,3,40,11,616,695,11.0,2,10.529411999999999,1180,0.825893,0.722222,1,179,39,18,49,165,37,10,0
5,29,0,0,0,0.06451599999999999,0.230769,13,51,3,43,5,108,54,616,695,11.0,5,10.529411999999999,1180,0.825893,0.722222,15,179,39,18,49,165,37,10,1
3,17,0,0,0,0.227273,0.153846,13,51,2,52,5,136,30,616,695,11.0,8,10.529411999999999,1180,0.825893,0.722222,10,179,39,18,49,165,37,10,1
4,15,0,0,0,0.0,0.294118,17,15,5,24,4,120,28,134,147,6.75,16,4.8333330000000005,5545,1.0,0.0,13,29,382,16,88,27,274,18,1
0,0,0,0,0,1.0,0.0,0,0,0,127,11,406,48,1011,1011,14.25,0,14.25,2107,0.9878790000000001,0.681818,33,171,68,0,12,171,68,0,0
0,0,0,0,0,1.0,0.0,0,127,0,1,1,4,3,590,590,5.9375,0,5.9375,1322,1.0,1.0,1,95,30,26,107,95,30,19,0
0,0,0,0,0,1.0,0.0,0,127,0,1,1,3,1,590,590,5.9375,0,5.9375,1322,1.0,1.0,0,95,30,26,107,95,30,19,0
0,0,0,0,0,1.0,0.0,0,127,0,3,2,20,6,590,590,5.9375,0,5.9375,1322,1.0,1.0,4,95,30,26,107,95,30,19,0
4,35,0,0,0,0.166667,0.19230799999999998,26,127,5,22,7,143,99,590,590,5.9375,8,5.9375,1322,1.0,1.0,31,95,30,26,107,95,30,19,1
4,12,0,0,0,0.076923,0.22222199999999998,18,127,4,18,10,102,57,590,590,5.9375,7,5.9375,1322,1.0,1.0,28,95,30,26,107,95,30,19,1
6,24,0,0,0,0.076923,0.363636,22,27,8,87,8,374,72,495,523,21.8,14,19.0,5748,0.75,1.0,39,114,334,16,33,109,263,11,1
0,0,0,0,0,0.0,0.0,0,0,0,1,1,3,0,12,12,1.0,0,1.0,148,0.0,0.0,2,2,12,1,3,2,12,3,0
0,0,0,0,0,0.0,1.0,1,0,1,1,1,6,6,12,12,1.0,1,1.0,148,0.0,0.0,9,2,12,1,3,2,12,3,0
0,0,0,0,0,1.0,0.0,0,0,0,1,1,5,2,29,29,1.0,0,1.0,148,0.0,1.0,0,4,12,2,6,4,12,3,0
0,0,0,0,0,1.0,1.0,1,0,1,1,1,7,3,29,29,1.0,1,1.0,148,0.0,1.0,2,4,12,2,6,4,12,3,0
0,0,0,0,0,1.0,0.0,0,0,0,1,1,4,4,29,29,1.0,0,1.0,148,0.0,1.0,0,4,12,2,6,4,12,3,0
2,2,0,0,0,0.666667,1.0,2,1,2,55,7,241,42,356,372,9.666667,2,7.8333330000000005,1207,0.5,0.933333,36,94,95,9,21,87,89,4,0
3,11,0,0,0,0.153846,0.277778,18,11,5,3,2,38,27,74,74,1.4,13,1.4,1093,0.625,1.0,14,7,94,21,31,7,94,7,1
2,3,0,0,0,0.5625,0.571429,7,25,4,45,6,214,86,783,783,8.538461999999999,5,8.538461999999999,1683,0.9055559999999999,0.666667,69,111,37,24,44,111,37,12,0
2,5,0,0,0,0.6190479999999999,0.4,15,5,6,22,6,102,60,430,430,7.714286,14,7.714286,646,0.8703700000000001,1.0,37,54,28,47,56,54,27,17,0
0,0,0,0,0,1.0,0.0,0,5,0,1,1,3,2,290,290,1.75,0,1.75,2820,0.8636360000000001,0.8909090000000001,1,21,121,20,34,21,112,11,0
4,8,0,0,0,0.777778,0.3125,16,24,5,34,6,205,55,1706,1812,3.4,10,3.205479,5940,0.894965,0.471441,23,234,330,67,178,221,281,19,0
0,0,0,0,0,0.0,1.0,2,3,2,1,1,6,1,93,131,1.142857,2,1.333333,707,1.0,0.0,1,12,39,6,12,8,34,3,0
0,0,0,0,0,0.0,1.0,2,3,2,1,1,6,1,93,131,1.142857,2,1.333333,707,1.0,0.0,1,12,39,6,12,8,34,3,0
1,2,0,0,0,0.0,0.0,0,3,0,1,1,7,4,93,131,1.142857,0,1.333333,707,1.0,0.0,2,12,39,6,12,8,34,3,0
1,1,0,0,0,0.0,1.0,1,3,1,1,1,4,1,93,131,1.142857,1,1.333333,707,1.0,0.0,0,12,39,6,12,8,34,3,0
1,6,0,0,0,0.0,1.0,2,14,2,2,2,18,9,1127,1151,1.862069,2,1.806452,6459,1.0,0.0,3,56,443,29,53,54,432,11,1
1,7,0,0,0,0.0,1.0,1,8,1,1,1,20,11,307,307,2.0,1,2.0,6812,1.0,0.0,4,26,299,17,21,26,293,6,1
0,0,0,0,0,1.0,1.0,1,0,1,1,1,4,2,88,88,1.25,1,1.25,1578,0.14285699999999998,1.0,1,10,136,8,16,10,130,2,0
0,0,0,0,0,1.0,1.0,1,0,1,1,1,4,1,88,88,1.25,1,1.25,1578,0.14285699999999998,1.0,0,10,136,8,16,10,130,2,0
0,0,0,0,0,1.0,1.0,1,0,1,1,1,4,1,88,88,1.25,1,1.25,1578,0.14285699999999998,1.0,0,10,136,8,16,10,130,2,0
0,0,0,0,0,1.0,1.0,1,0,1,2,2,16,3,88,88,1.25,1,1.25,1578,0.14285699999999998,1.0,2,10,136,8,16,10,130,2,0
0,0,0,0,0,0.466667,0.263158,19,0,5,35,8,284,43,1566,1566,10.0,11,10.0,1627,0.895833,1.0,24,90,92,22,49,90,64,4,0
3,3,0,0,0,0.5,0.428571,7,7,3,21,8,104,21,776,776,4.565217,7,4.565217,2551,0.9444440000000001,0.11428599999999998,17,105,142,17,42,105,117,11,0
3,10,0,0,0,0.166667,0.571429,7,2,4,4,2,51,21,76,76,2.25,7,2.25,3957,1.0,0.333333,9,9,129,9,16,9,105,8,1
9,16,2,2,2,0.448276,0.809524,21,44,17,22,9,169,57,1538,1583,6.076923000000001,16,5.62069,1583,0.975914,0.809524,29,163,32,71,154,158,29,58,1
6,12,0,0,0,0.52381,0.416667,36,12,15,23,6,159,55,228,228,7.75,27,7.75,3757,0.733333,0.5,29,31,219,30,44,31,137,25,1
0,0,0,0,0,0.0,1.0,1,0,1,1,1,4,1,21,21,1.0,1,1.0,3130,0.0,1.0,1,2,157,2,22,2,143,9,0
0,0,0,0,0,0.0,1.0,1,1,1,1,1,3,0,31,31,1.0,1,1.0,3130,1.0,0.0,0,3,157,1,11,3,143,2,0
0,0,0,0,0,1.0,0.0,0,0,0,1,1,3,2,24,24,2.0,0,2.0,3219,0.0,1.0,1,4,549,1,3,4,471,1,0
0,0,0,0,0,1.0,1.0,1,0,1,3,2,15,6,24,24,2.0,1,2.0,3219,0.0,1.0,5,4,549,1,3,4,471,1,0
0,0,0,0,0,0.0,0.0,0,0,0,1,1,3,0,58,58,1.0,0,1.0,3219,0.0,0.0,0,11,549,0,11,11,471,0,0
3,7,2,2,3,0.14285699999999998,0.8,5,13,4,7,3,19,8,169,174,3.125,3,3.0,5633,0.875,0.14285699999999998,1,51,510,16,40,50,458,16,1
1,5,0,0,0,0.166667,0.2,5,55,1,5,3,26,13,2993,3001,6.518325,1,6.4947919999999995,5347,0.7428739999999999,0.950926,3,1247,264,56,286,1245,260,49,1
4,14,0,0,0,0.22222199999999998,0.5,26,21,13,39,6,164,46,637,745,5.24,16,3.947368,2074,0.926868,0.327635,25,150,207,49,130,131,145,39,1
0,0,0,0,0,1.0,0.0,0,3,0,1,1,124,46,1633,2078,1.660377,0,1.52809,12877,0.959583,0.11512599999999999,11,136,545,4,94,88,400,1,0
0,0,0,0,0,0.0,0.0,0,3,0,1,1,3,0,1633,2078,1.660377,0,1.52809,12877,0.959583,0.11512599999999999,0,136,545,4,94,88,400,1,0
1,30,0,0,0,0.032257999999999995,1.0,1,33,1,1,1,4,33,1312,1834,1.507937,0,1.290909,12877,0.9688629999999999,0.142318,1,142,545,11,124,95,400,3,1
0,0,0,0,0,0.0,1.0,1,0,1,39,7,125,44,150,150,20.5,1,20.5,3009,0.0,0.0,43,41,112,1,3,41,94,1,0
3,10,2,2,1,0.0,0.44444399999999995,9,10,4,2,2,29,12,31,31,2.0,7,2.0,713,0.0,1.0,1,2,67,7,20,2,49,5,1
0,0,0,0,0,1.0,1.0,1,0,1,2,1,6,6,129,129,13.0,1,13.0,348,1.0,1.0,2,26,18,2,12,26,18,3,0
3,9,0,0,0,0.181818,0.857143,7,13,6,8,3,21,12,320,353,2.75,4,2.363636,935,0.78,0.428571,1,26,68,13,32,22,56,10,1
0,0,0,0,0,0.0,0.0,0,6,0,2,2,7,1,6929,6989,5.541494,0,5.460285,10474,0.9796440000000001,0.8633719999999999,1,2681,596,10,503,2671,583,7,0
0,0,0,0,0,0.0,0.0,0,6,0,1,1,3,0,6929,6989,5.541494,0,5.460285,10474,0.9796440000000001,0.8633719999999999,0,2681,596,10,503,2671,583,7,0
0,0,0,0,0,0.0,0.0,0,6,0,1,1,3,0,6929,6989,5.541494,0,5.460285,10474,0.9796440000000001,0.8633719999999999,0,2681,596,10,503,2671,583,7,0
0,0,0,0,0,1.0,0.0,0,14,0,1,1,4,2,1100,1127,4.263158,0,4.1,1238,0.9638690000000001,0.42674300000000004,1,164,49,34,88,162,46,11,0
0,0,0,0,0,1.0,1.0,1,14,1,1,2,49,4,1100,1127,4.263158,1,4.1,1238,0.9638690000000001,0.42674300000000004,2,164,49,34,88,162,46,11,0
0,0,0,0,0,1.0,1.0,1,14,1,2,3,24,6,1100,1127,4.263158,1,4.1,1238,0.9638690000000001,0.42674300000000004,3,164,49,34,88,162,46,11,0
3,8,0,0,0,0.578947,0.466667,15,14,7,41,4,244,84,1100,1127,4.263158,8,4.1,1238,0.9638690000000001,0.42674300000000004,59,164,49,34,88,162,46,11,1
2,6,0,0,0,0.14285699999999998,0.227273,22,14,5,41,8,176,21,1100,1127,4.263158,15,4.1,1238,0.9638690000000001,0.42674300000000004,14,164,49,34,88,162,46,11,1
6,18,0,0,0,0.333333,0.290323,31,43,9,16,8,163,56,3392,3877,3.194915,18,2.770701,12094,0.9896450000000001,0.24011,22,435,560,181,366,377,469,31,1
0,0,0,0,0,1.0,0.0,0,0,0,1,1,1,1,161,177,5.2,0,3.4444440000000003,1005,0.953571,0.535714,0,31,38,0,9,26,30,0,0
0,0,0,0,0,1.0,0.0,0,0,0,1,1,1,1,161,177,5.2,0,3.4444440000000003,1005,0.953571,0.535714,0,31,38,0,9,26,30,0,0
0,0,0,0,0,1.0,0.0,0,0,0,1,1,1,2,161,177,5.2,0,3.4444440000000003,1005,0.953571,0.535714,0,31,38,0,9,26,30,0,0
2,8,0,0,0,0.0,0.333333,6,11,2,7,3,39,16,142,142,5.6666669999999995,4,5.6666669999999995,1005,0.0,0.0,9,17,38,8,16,17,30,6,1
0,0,0,0,0,1.0,0.0,0,0,0,4,3,30,8,269,269,3.0,0,3.0,269,0.857143,1.0,7,24,8,1,9,24,8,1,0
0,0,0,0,0,0.0,0.0,0,0,0,2,1,6,2,269,269,3.0,0,3.0,269,0.857143,1.0,2,24,8,1,9,24,8,1,0
1,1,0,0,0,0.769231,0.818182,11,4,9,22,5,162,28,478,581,7.285714,9,4.2,1541,0.913265,0.2,15,63,88,15,35,51,75,12,0
0,0,0,0,0,0.0,0.0,0,0,0,3,2,18,6,337,382,4.555556,0,4.272727,382,1.0,0.0,7,47,11,0,11,41,9,0,0
7,21,0,0,0,0.16,0.428571,14,29,6,48,7,210,62,517,517,8.1,9,8.1,5337,0.730159,1.0,37,81,130,15,32,81,124,13,1
3,11,0,0,0,0.214286,0.357143,14,13,5,13,6,156,40,224,224,4.0,9,4.0,5337,1.0,1.0,25,20,130,10,33,20,124,14,1
0,0,0,0,0,0.0,0.0,0,1,0,1,1,3,0,322,330,3.3,0,3.090909,4505,0.85,0.6190479999999999,0,34,221,20,232,33,181,24,0
2,2,0,0,0,0.666667,0.75,4,1,3,1,1,5,5,322,330,3.3,2,3.090909,4505,0.85,0.6190479999999999,1,34,221,20,232,33,181,24,0
1,1,0,0,0,0.0,0.25,4,5,1,25,7,138,30,517,525,10.142857000000001,3,9.0,2496,0.9523809999999999,0.333333,27,72,76,8,18,71,46,5,0
3,5,0,0,0,0.5,0.428571,14,5,6,15,6,119,26,259,264,3.857143,10,3.5,710,0.94958,0.533333,14,28,43,11,25,27,30,6,1
0,0,0,0,0,0.0,0.0,0,0,0,1,1,2,0,68,98,1.2,0,1.4285709999999998,1207,0.666667,1.0,0,10,69,4,22,6,50,3,0
0,0,0,0,0,0.0,0.0,0,0,0,1,1,3,2,68,98,1.2,0,1.4285709999999998,1207,0.666667,1.0,2,10,69,4,22,6,50,3,0
0,0,0,0,0,0.0,1.0,1,0,1,1,1,3,3,68,98,1.2,1,1.4285709999999998,1207,0.666667,1.0,3,10,69,4,22,6,50,3,0
0,0,0,0,0,1.0,0.5,8,0,4,36,4,153,31,612,612,5.714286,8,5.714286,1393,0.967949,0.309091,27,80,65,15,29,80,50,3,0
1,7,0,0,0,0.0,0.125,8,7,1,5,3,20,12,280,280,2.923077,1,2.923077,2794,0.0,0.0,6,38,60,4,25,38,46,4,1
0,0,0,0,0,0.0,1.0,1,1,1,1,1,4,2,15,26,1.333333,1,1.2,87,0.75,0.2,2,6,17,1,7,4,12,1,0
0,0,0,0,0,1.0,0.0,0,1,0,2,1,6,3,15,26,1.333333,0,1.2,87,0.75,0.2,2,6,17,1,7,4,12,1,0
4,5,0,0,0,0.28571399999999997,0.470588,17,7,8,8,2,27,15,92,92,4.6,14,4.6,252,0.5,0.333333,7,23,19,26,55,23,17,24,1
0,0,0,0,0,0.0,0.0,0,0,0,1,1,1,0,6,6,1.0,0,1.0,2888,0.0,1.0,0,1,235,0,1,1,235,0,0
0,0,0,0,0,0.0,0.0,0,0,0,1,1,1,0,6,6,1.0,0,1.0,2888,0.0,1.0,0,1,235,0,1,1,235,0,0
0,0,0,0,0,0.0,0.0,0,0,0,1,1,1,0,6,6,1.0,0,1.0,2888,0.0,1.0,0,1,235,0,1,1,235,0,0
0,0,0,0,0,1.0,0.0,0,2,0,69,7,438,34,947,947,13.545454999999999,0,13.545454999999999,5531,0.7625,0.6,27,149,246,7,18,149,237,7,0
1,1,0,0,0,0.666667,0.5,4,3,2,21,6,111,19,724,754,3.8484849999999997,4,3.771429,1466,0.45588199999999995,0.8787879999999999,16,132,79,11,46,127,77,3,0
1,3,0,0,0,0.0,1.0,1,3,1,2,1,7,4,40,40,2.0,1,2.0,40,1.0,1.0,1,4,2,1,3,4,2,2,0
0,0,0,0,0,0.0,1.0,1,25,1,1,1,3,1,214,214,5.8,1,5.8,1004,0.0,1.0,1,29,41,27,51,29,41,22,0
6,19,0,0,0,0.0,0.333333,33,25,11,17,6,143,47,214,214,5.8,22,5.8,1004,0.0,1.0,20,29,41,27,51,29,41,22,1
0,0,0,0,0,0.0,1.0,1,3,1,2,2,22,2,151,151,3.428571,1,3.428571,473,0.0,0.0,3,24,32,16,37,24,32,11,0
0,0,0,0,0,0.0,1.0,1,3,1,1,1,3,0,151,151,3.428571,1,3.428571,473,0.0,0.0,1,24,32,16,37,24,32,11,0
0,0,0,0,0,0.0,1.0,1,3,1,1,1,3,1,151,151,3.428571,1,3.428571,473,0.0,0.0,2,24,32,16,37,24,32,11,0
1,11,0,0,0,0.17647100000000002,1.0,2,12,2,2,2,10,21,261,319,1.818182,0,2.214286,903,0.86014,1.0,3,31,52,15,32,20,44,4,1
4,10,2,2,5,0.230769,0.294118,17,10,5,39,11,171,31,405,430,4.555556,10,3.7826089999999994,1082,0.921488,0.385714,18,87,69,12,42,82,54,7,1
2,8,2,2,2,0.9444440000000001,0.3125,16,34,5,33,10,121,30,1348,1400,6.225,7,5.953488,3417,0.9444440000000001,0.340244,9,256,181,89,302,249,161,38,0
0,0,0,0,0,1.0,0.0,0,0,0,1,1,5,1,45,79,1.0,0,1.285714,467,0.777778,0.23809499999999997,0,9,20,0,7,3,16,0,0
0,0,0,0,0,1.0,0.0,0,0,0,3,1,9,3,45,79,1.0,0,1.285714,467,0.777778,0.23809499999999997,1,9,20,0,7,3,16,0,0
0,0,0,0,0,1.0,0.0,0,0,0,1,1,5,2,45,79,1.0,0,1.285714,467,0.777778,0.23809499999999997,1,9,20,0,7,3,16,0,0
0,0,0,0,0,0.0,0.666667,3,0,2,7,4,137,17,233,233,3.0,3,3.0,467,0.75,0.333333,15,15,20,5,18,15,16,5,0
3,10,0,0,0,0.0,0.333333,12,10,4,25,8,235,32,239,239,25.0,4,25.0,1875,0.0,1.0,24,25,65,4,13,25,40,6,1
0,0,0,0,0,0.0,0.44444399999999995,9,2,4,21,9,177,20,1405,1405,12.5,9,12.5,2029,1.0,0.0,19,25,54,18,90,25,39,23,0
4,10,2,2,3,0.090909,0.388889,18,15,7,7,4,77,22,2297,2396,4.142857,8,3.4,7792,0.9729059999999999,0.073892,7,102,230,46,93,87,163,22,1
0,0,0,0,0,1.0,0.666667,3,2,2,12,6,120,15,625,625,4.0625,3,4.0625,12350,0.933333,0.05714299999999999,14,65,880,11,29,65,591,3,0
0,0,0,0,0,1.0,0.4,10,3,4,21,7,193,27,1280,1280,12.0,10,12.0,1908,1.0,0.0,26,24,62,15,91,24,40,23,0
2,9,1,1,1,0.428571,0.1,20,9,2,20,7,177,35,305,305,5.5,5,5.5,4016,0.95,0.6,13,33,326,6,29,33,203,4,1
1,2,0,0,0,0.0,0.333333,3,3,1,1,1,6,7,14,14,1.0,1,1.0,608,0.0,0.0,3,2,50,2,6,2,40,5,0
1,1,0,0,0,0.0,1.0,1,3,1,1,1,3,3,14,14,1.0,1,1.0,608,0.0,0.0,2,2,50,2,6,2,40,5,0
0,0,0,0,0,0.0,0.0,0,0,0,1,1,22,7,60,60,3.0,0,3.0,608,0.0,0.0,7,6,50,0,2,6,40,0,0
1,13,0,0,0,0.07142899999999999,0.333333,6,22,2,13,3,47,27,176,181,2.818182,2,2.666667,181,0.363636,1.0,10,32,12,12,31,31,11,10,1
3,11,2,2,1,0.153846,0.352941,17,20,6,1,1,13,22,145,181,1.818182,6,1.6,1021,0.571429,0.8,2,24,69,18,49,20,55,12,1
7,32,2,2,3,0.177778,0.30952399999999997,42,32,13,47,8,363,91,531,600,7.5,14,3.6,1559,0.947368,0.161905,50,72,88,18,66,60,40,16,1
8,34,2,2,7,0.10526300000000001,0.34375,32,34,11,19,6,119,60,149,170,7.0,7,3.571429,1884,0.75,0.466667,15,25,94,8,40,21,62,12,1
7,28,2,2,3,0.151515,0.363636,44,110,16,23,7,127,66,1767,1890,4.913793,17,4.026667,2701,0.926126,0.40289899999999995,21,302,156,103,264,285,126,43,1
7,29,2,2,2,0.171429,0.347826,46,110,16,26,7,142,69,1767,1890,4.913793,18,4.026667,2701,0.926126,0.40289899999999995,22,302,156,103,264,285,126,43,1
6,52,2,2,2,0.103448,0.077922,77,52,6,15,6,157,112,186,227,4.5,22,2.555556,1616,0.895833,0.178571,23,23,84,22,86,18,51,9,1
7,16,0,0,0,0.2,0.533333,30,23,16,17,7,139,47,213,285,4.1666669999999995,17,2.266667,5595,0.887755,0.252747,21,34,278,24,59,25,171,20,1
4,22,2,2,1,0.153846,0.21739099999999997,23,22,5,26,7,160,44,304,320,7.0,11,5.6666669999999995,5595,0.875,0.666667,17,51,278,12,33,49,171,8,1
11,42,2,3,5,0.125,0.375,48,54,18,54,8,391,99,573,613,6.818182000000001,18,5.0,5595,0.922222,0.22222199999999998,40,80,278,28,87,75,171,29,1
0,0,0,0,0,1.0,0.0,0,0,0,1,1,4,2,31,31,1.666667,0,1.666667,2473,0.5,1.0,1,5,226,3,6,5,215,4,0
0,0,0,0,0,1.0,1.0,2,0,2,2,2,7,2,31,31,1.666667,2,1.666667,2473,0.5,1.0,1,5,226,3,6,5,215,4,0
3,8,0,0,0,0.2,1.0,1,8,1,7,1,32,13,127,127,1.909091,1,1.909091,2473,0.9,0.027777999999999997,6,21,226,8,128,21,215,82,1
2,18,0,0,0,0.1,0.0,0,31,0,19,2,29,22,184,184,3.615385,0,3.615385,2473,0.541667,0.681818,6,47,226,11,129,47,215,86,0
0,0,0,0,0,1.0,0.5,4,0,2,36,6,241,33,713,713,6.9166669999999995,4,6.9166669999999995,713,0.977273,0.7,24,83,16,8,20,83,16,2,0
0,0,0,0,0,0.0,0.0,0,0,0,3,3,14,3,818,818,3.277778,0,3.277778,1401,0.985714,0.0017829999999999999,3,118,74,2,38,118,64,1,0
0,0,0,0,0,0.0,0.0,0,0,0,1,1,3,1,818,818,3.277778,0,3.277778,1401,0.985714,0.0017829999999999999,1,118,74,2,38,118,64,1,0
0,0,0,0,0,0.0,0.0,0,0,0,2,2,11,2,818,818,3.277778,0,3.277778,1401,0.985714,0.0017829999999999999,2,118,74,2,38,118,64,1,0
3,13,2,2,8,0.2,0.294118,17,13,5,6,4,46,23,91,101,2.4,7,2.0,1185,0.916667,0.666667,4,14,109,11,80,12,47,14,1
2,18,0,0,0,0.14285699999999998,0.266667,30,20,8,15,6,95,54,434,434,3.818182,14,3.818182,1056,0.8,1.0,21,42,24,35,91,42,24,19,1
2,3,0,0,0,0.4,0.43333299999999997,30,8,13,29,6,228,32,787,787,5.857143,27,5.857143,4044,0.8846149999999999,0.857143,27,82,181,44,64,82,161,19,1
5,19,0,0,0,0.05,0.269231,26,23,7,19,7,106,40,267,267,5.25,6,5.25,516,1.0,1.0,14,42,56,15,56,42,14,11,1
0,0,0,0,0,0.0,0.0,0,11,0,1,1,2,0,230,230,4.142857,0,4.142857,9721,0.666667,1.0,0,29,166,24,34,29,165,12,0
1,1,0,0,0,1.0,0.833333,6,11,5,2,2,16,7,230,230,4.142857,6,4.142857,9721,0.666667,1.0,5,29,166,24,34,29,165,12,0
2,2,0,0,0,1.0,0.7,10,11,7,3,2,33,14,230,230,4.142857,10,4.142857,9721,0.666667,1.0,11,29,166,24,34,29,165,12,0
4,7,0,0,0,0.2,0.529412,17,11,9,4,3,36,21,230,230,4.142857,14,4.142857,9721,0.666667,1.0,11,29,166,24,34,29,165,12,1
3,7,0,0,0,0.2,0.6153850000000001,13,11,8,7,2,43,17,230,230,4.142857,13,4.142857,9721,0.666667,1.0,10,29,166,24,34,29,165,12,1
4,13,0,0,0,0.125,0.458333,24,36,11,18,3,135,35,429,429,5.555556,20,5.555556,9721,0.78125,0.642857,20,50,166,57,75,50,165,26,1
5,31,0,0,0,0.178571,0.28571399999999997,49,35,14,33,6,271,89,474,474,11.6,32,11.6,9721,0.7,0.833333,54,58,166,39,63,58,165,15,1
4,13,0,0,0,0.2,0.5,24,33,12,15,3,102,48,867,867,5.3333330000000005,15,5.3333330000000005,9721,0.704082,0.692308,27,80,166,66,98,80,165,26,1
6,22,0,0,0,0.034483,0.235294,34,37,8,20,6,115,67,323,323,5.090909,13,5.090909,6260,1.0,0.022222,22,56,600,26,58,56,492,13,1
1,1,0,0,0,1.0,1.0,4,1,4,1,1,7,7,276,293,1.454545,3,1.478261,5688,0.9494950000000001,0.380952,3,34,377,11,35,32,334,9,0
0,0,0,0,0,1.0,1.0,1,1,1,1,1,7,2,276,293,1.454545,1,1.478261,5688,0.9494950000000001,0.380952,1,34,377,11,35,32,334,9,0
1,1,0,0,0,0.75,1.0,1,1,1,6,3,31,6,276,293,1.454545,1,1.478261,5688,0.9494950000000001,0.380952,1,34,377,11,35,32,334,9,0
1,1,0,0,0,0.9285709999999999,0.5,12,4,6,30,6,125,32,402,410,5.5,12,5.153846,754,0.967593,0.666667,17,67,39,15,41,66,32,8,0
1,1,0,0,0,0.923077,0.388889,18,3,7,40,6,118,35,456,456,7.090909,16,7.090909,503,0.992308,0.054545,21,78,15,29,45,78,15,13,0
2,4,0,0,0,0.777778,0.6875,16,10,11,46,6,216,50,790,790,6.705882000000001,15,6.705882000000001,4916,0.979167,0.8,30,114,206,34,174,114,200,30,0
3,34,0,0,0,0.081081,1.0,21,5,21,1,1,54,38,598,604,2.125,20,2.0,7192,0.8875,0.464286,1,18,494,25,39,17,424,5,0
0,0,0,0,0,0.0,1.0,1,0,1,1,1,3,0,5,5,1.0,1,1.0,264,0.0,1.0,0,1,25,1,6,1,24,1,0
0,0,0,0,0,1.0,0.0,0,0,0,1,1,4,4,34,39,2.0,0,1.8,264,1.0,0.0,2,9,25,0,5,8,24,0,0
0,0,0,0,0,0.0,0.0,0,0,0,2,2,6,2,34,39,2.0,0,1.8,264,1.0,0.0,1,9,25,0,5,8,24,0,0
1,11,0,0,0,0.214286,0.266667,15,21,4,15,3,99,44,425,425,3.692308,6,3.692308,1144,0.9444440000000001,0.0,17,48,66,15,48,48,59,17,1
3,19,2,2,1,0.095238,1.0,3,19,3,21,3,45,23,474,474,3.32,1,3.32,2524,0.916667,0.213439,2,83,164,6,44,83,155,9,1
3,52,0,0,0,0.0,0.5,14,52,7,144,6,333,78,337,337,144.0,7,144.0,15781,0.0,1.0,16,144,1393,7,15,144,1099,8,1
0,0,0,0,0,0.0,1.0,1,1,1,1,1,3,0,82,82,1.111111,1,1.111111,921,0.0,0.0,0,10,95,3,20,10,79,12,0
0,0,0,0,0,0.0,0.0,0,1,0,1,1,3,0,82,82,1.111111,0,1.111111,921,0.0,0.0,0,10,95,3,20,10,79,12,0
0,0,0,0,0,0.0,0.0,0,1,0,1,1,3,0,82,82,1.111111,0,1.111111,921,0.0,0.0,0,10,95,3,20,10,79,12,0
5,6,0,0,0,0.166667,0.363636,22,7,8,20,6,161,27,236,236,3.666667,17,3.666667,516,0.875,0.0,18,33,30,19,35,33,28,11,1
2,2,0,0,0,0.666667,0.6,5,2,3,7,4,41,14,93,93,3.5,4,3.5,3705,0.0,0.0,10,14,271,11,28,14,240,10,0
1,1,0,0,0,0.666667,0.6,10,14,6,22,6,107,32,647,660,3.8823529999999997,6,3.722222,5031,0.889706,0.714286,26,67,474,39,67,66,419,15,0
0,0,0,0,0,0.0,1.0,1,0,1,1,1,37,0,44,44,1.0,1,1.0,75,0.0,0.0,0,2,6,1,47,2,6,14,0
1,6,0,0,0,0.0,0.636364,11,10,7,12,4,51,22,312,312,5.555556,10,5.555556,1295,1.0,0.6,14,50,78,28,45,50,74,18,1
1,6,0,0,0,0.333333,0.5,2,3,1,4,1,16,10,40,68,2.5,2,1.6,453,1.0,0.0,1,8,35,4,54,5,20,15,0
1,1,0,0,0,0.0,1.0,2,3,2,1,1,3,2,40,68,2.5,2,1.6,453,1.0,0.0,1,8,35,4,54,5,20,15,0
1,1,0,0,0,0.0,1.0,1,3,1,1,1,3,2,40,68,2.5,1,1.6,453,1.0,0.0,1,8,35,4,54,5,20,15,0
1,1,0,0,0,0.0,1.0,1,3,1,1,1,3,1,40,68,2.5,1,1.6,453,1.0,0.0,0,8,35,4,54,5,20,15,0
3,10,0,0,0,0.090909,0.333333,18,26,6,8,3,57,26,531,531,4.363636,9,4.363636,3513,1.0,0.175,13,96,212,29,77,96,154,16,1
1,2,0,0,0,0.428571,0.428571,7,2,3,16,8,103,30,442,442,8.0,5,8.0,608,1.0,1.0,21,80,24,9,21,80,21,3,0
4,11,0,0,0,0.083333,0.6,5,34,3,12,3,33,20,331,341,7.1666669999999995,5,6.285714,1328,0.9615379999999999,0.090909,8,88,72,15,37,86,62,16,1
0,0,0,0,0,1.0,1.0,1,0,1,11,6,150,44,1421,1458,7.785714,1,7.6666669999999995,11055,0.8401360000000001,1.0,21,115,293,1,16,109,277,1,0
0,0,0,0,0,1.0,1.0,1,0,1,23,8,217,45,1421,1458,7.785714,1,7.6666669999999995,11055,0.8401360000000001,1.0,24,115,293,1,16,109,277,1,0
10,35,0,0,0,0.048780000000000004,0.207792,77,163,16,101,6,345,149,2147,2345,7.117647,55,5.171053,73431,0.9610879999999999,0.405045,74,393,3557,227,420,363,2644,65,1
4,12,0,0,0,0.294118,0.377778,45,80,17,26,7,115,54,2282,3107,2.44,40,2.194286,73431,0.950944,0.610066,33,384,3557,119,348,305,2644,54,1
6,15,0,0,0,0.190476,0.48571400000000003,35,153,17,38,9,150,54,2411,2573,8.28,27,7.216667,73431,0.9678549999999999,0.624916,25,433,3557,134,255,414,2644,49,1
0,0,0,0,0,1.0,0.0,0,0,0,35,6,110,28,1109,1137,7.08,0,6.5,73431,0.9182629999999999,0.6,14,182,3557,3,31,177,2644,1,0
6,35,3,3,2,0.146341,0.18918900000000002,37,48,7,49,7,223,81,562,611,8.0,15,6.529412000000001,73431,0.859375,0.409524,29,111,3557,29,86,104,2644,12,1
3,13,0,0,0,0.0,0.545455,11,30,6,29,6,103,28,652,652,7.65,11,7.65,73431,0.8684209999999999,0.07619,16,153,3557,52,74,153,2644,18,1
0,0,0,0,0,1.0,1.0,4,0,4,1,1,26,8,136,144,1.0,4,1.0,1917,1.0,0.666667,3,5,105,4,10,4,96,4,0
0,0,0,0,0,1.0,1.0,1,0,1,1,1,6,4,136,144,1.0,0,1.0,1917,1.0,0.666667,1,5,105,4,10,4,96,4,0
0,0,0,0,0,1.0,0.0,0,0,0,1,1,5,3,136,144,1.0,0,1.0,1917,1.0,0.666667,1,5,105,4,10,4,96,4,0
3,5,0,0,0,0.2,0.666667,6,6,4,5,3,35,11,361,361,3.5,4,3.5,1917,0.777778,0.933333,4,35,105,11,23,35,96,6,1
7,8,0,0,0,0.272727,1.0,4,15,4,24,6,167,33,763,789,3.88,3,3.7407410000000003,16299,0.807692,0.504762,11,101,720,13,46,97,588,11,1
7,10,0,0,0,0.428571,0.42307700000000004,26,47,11,29,7,194,32,1901,2167,3.7230769999999995,23,3.282353,25957,0.977891,0.23843000000000003,17,279,1144,105,350,242,1029,54,1
1,4,0,0,0,0.0,0.14285699999999998,7,5,1,37,7,197,33,1089,1089,8.470588000000001,3,8.470588000000001,18774,0.859375,0.509091,27,144,943,7,30,144,850,1,1
0,0,0,0,0,1.0,1.0,1,1,1,1,1,5,1,84,121,1.4,1,1.222222,189,0.875,0.714286,0,11,27,11,23,7,14,9,0
0,0,0,0,0,1.0,0.0,0,1,0,1,1,3,1,84,121,1.4,0,1.222222,189,0.875,0.714286,0,11,27,11,23,7,14,9,0
1,1,0,0,0,1.0,0.8,5,1,4,1,2,15,7,84,121,1.4,4,1.222222,189,0.875,0.714286,1,11,27,11,23,7,14,9,0
0,0,0,0,0,1.0,1.0,1,1,1,1,1,3,3,84,121,1.4,0,1.222222,189,0.875,0.714286,1,11,27,11,23,7,14,9,0
6,10,0,0,0,0.4,0.458333,24,11,11,16,7,167,37,412,464,3.666667,16,3.642857,464,0.813187,0.6190479999999999,14,51,14,23,47,44,12,20,1
1,3,0,0,0,0.4,0.333333,6,3,2,18,7,160,25,690,690,6.428571,3,6.428571,803,0.8205129999999999,0.0,20,90,22,7,39,90,19,7,1
0,0,0,0,0,0.0,0.0,0,0,0,1,1,2,0,13,13,1.0,0,1.0,658,0.0,1.0,0,2,59,1,3,2,59,2,0
0,0,0,0,0,0.0,1.0,1,0,1,1,1,4,1,13,13,1.0,1,1.0,658,0.0,1.0,2,2,59,1,3,2,59,2,0
0,0,0,0,0,1.0,0.0,0,0,0,1,1,4,3,36,36,1.2,0,1.2,658,0.5,1.0,1,6,59,4,11,6,59,5,0
0,0,0,0,0,1.0,0.0,0,0,0,1,1,4,3,36,36,1.2,0,1.2,658,0.5,1.0,2,6,59,4,11,6,59,5,0
3,9,0,0,0,0.0,1.0,1,12,1,7,2,56,12,643,643,5.64,1,5.64,2491,0.84375,1.0,5,141,72,2,27,141,72,6,1
0,0,0,0,0,1.0,0.0,0,12,0,1,1,3,2,643,643,5.64,0,5.64,2491,0.84375,1.0,1,141,72,2,27,141,72,6,0
3,10,0,0,0,0.090909,0.125,16,18,2,89,5,441,29,1837,1837,5.978261,14,5.978261,2491,0.9444440000000001,0.318182,17,275,72,48,102,275,72,24,1
0,0,0,0,0,1.0,0.5,12,0,6,29,10,223,15,681,681,6.538462,11,6.538462,13368,0.666667,0.818182,14,85,1173,35,49,85,972,11,0
1,1,0,0,0,0.875,1.0,5,29,5,1,1,14,9,404,470,1.851852,5,1.7222220000000001,3308,0.812245,0.24242399999999997,1,62,244,42,117,50,188,25,0
4,5,0,0,0,0.583333,0.777778,9,29,7,3,1,15,16,404,470,1.851852,7,1.7222220000000001,3308,0.812245,0.24242399999999997,5,62,244,42,117,50,188,25,0
0,0,0,0,0,1.0,1.0,3,29,3,1,1,14,10,404,470,1.851852,3,1.7222220000000001,3308,0.812245,0.24242399999999997,2,62,244,42,117,50,188,25,0
0,0,0,0,0,1.0,1.0,3,29,3,1,1,13,11,404,470,1.851852,3,1.7222220000000001,3308,0.812245,0.24242399999999997,2,62,244,42,117,50,188,25,0
2,4,0,0,0,0.692308,0.571429,7,4,4,25,3,105,32,164,173,10.0,5,8.2,3308,0.8214290000000001,1.0,16,41,244,8,15,40,188,5,0
0,0,0,0,0,0.13333299999999998,1.0,2,23,2,51,6,346,47,3494,3803,11.469388,2,9.029411999999999,16486,0.8843280000000001,0.512157,32,614,924,58,189,562,681,45,0
1,1,0,0,0,0.5,0.333333,3,26,1,23,6,102,25,1257,1614,6.53125,3,5.018519,16486,0.766038,0.44237600000000005,23,271,924,42,158,209,681,44,0
2,5,0,0,0,0.44444399999999995,0.25,4,28,1,55,7,309,59,1716,1741,10.518519,1,9.896552,3724,0.8901100000000001,0.580087,50,287,150,25,67,284,144,12,0
2,5,0,0,0,0.28571399999999997,0.333333,3,28,1,30,6,367,84,1716,1741,10.518519,0,9.896552,3724,0.8901100000000001,0.580087,77,287,150,25,67,284,144,12,1
7,23,0,0,0,0.11538499999999999,0.32,25,71,8,23,6,135,76,1030,1054,9.45,16,8.347826,10173,0.8272729999999999,0.49090900000000004,42,192,328,51,86,189,301,21,1
6,13,0,0,0,0.181818,0.45,20,119,9,33,8,107,46,2410,2633,13.032258,15,13.0,10173,0.692037,0.501894,26,442,328,140,219,404,301,74,1
6,20,0,0,0,0.28571399999999997,0.529412,17,119,9,26,6,152,76,2410,2633,13.032258,9,13.0,10173,0.692037,0.501894,41,442,328,140,219,404,301,74,1
7,18,2,2,2,0.0,0.565217,23,38,13,57,6,224,54,385,385,26.333333000000003,18,26.333333000000003,2883,0.0,0.0,37,79,67,32,47,79,54,24,1
1,5,0,0,0,0.666667,0.571429,7,87,4,11,8,165,31,3455,3563,12.066667,6,11.575758,3924,0.787716,0.577778,19,382,84,85,161,362,74,42,1
4,12,2,3,4,0.333333,0.5,8,87,4,39,7,646,162,3455,3563,12.066667,4,11.575758,3924,0.787716,0.577778,141,382,84,85,161,362,74,42,1
5,18,2,3,7,0.28,0.5,10,87,5,53,8,673,179,3455,3563,12.066667,5,11.575758,3924,0.787716,0.577778,148,382,84,85,161,362,74,42,1
5,19,2,3,6,0.269231,0.384615,13,87,5,55,8,576,152,3455,3563,12.066667,8,11.575758,3924,0.787716,0.577778,120,382,84,85,161,362,74,42,1
0,0,0,0,0,1.0,1.0,1,22,1,1,1,12,6,419,444,3.047619,1,2.6538459999999997,3186,0.901176,0.463158,2,69,172,23,58,64,112,10,0
0,0,0,0,0,1.0,0.0,0,22,0,1,1,10,6,419,444,3.047619,0,2.6538459999999997,3186,0.901176,0.463158,2,69,172,23,58,64,112,10,0
0,0,0,0,0,0.0,0.0,0,22,0,1,1,6,2,419,444,3.047619,0,2.6538459999999997,3186,0.901176,0.463158,2,69,172,23,58,64,112,10,0
3,39,0,0,0,0.35,0.642857,14,72,9,41,2,239,73,1211,1512,3.157895,14,2.201923,3186,0.95083,0.389404,10,229,172,56,173,180,112,29,1
5,14,0,0,0,0.06666699999999999,0.461538,13,89,6,22,6,105,32,1147,1147,14.636364000000002,9,14.636364000000002,69768,0.0,0.0,14,161,2620,90,427,161,2196,77,1
6,16,0,0,0,0.0,0.578947,19,45,11,26,7,103,29,496,496,9.882353,17,9.882353,69768,0.53125,0.458333,13,168,2620,38,57,168,2196,23,1
8,21,0,0,0,0.0,0.6,20,77,12,25,6,145,40,1261,1261,9.0,17,9.0,69768,0.9523809999999999,0.073529,19,198,2620,77,224,198,2196,57,1
6,13,0,0,0,0.17647100000000002,0.538462,13,408,7,24,6,132,36,5428,5428,6.830882000000001,10,6.830882000000001,69768,0.8481479999999999,0.8285239999999999,16,929,2620,165,369,929,2196,68,1
5,7,0,0,0,0.2,1.0,5,63,5,25,6,122,28,849,1012,3.972222,4,2.5970150000000003,69768,0.972348,0.15625,16,174,2620,42,123,143,2196,36,1
5,11,0,0,0,0.153846,0.666667,6,25,4,26,6,143,26,1544,1606,4.235294000000001,5,3.704918,2931,0.960606,0.23502800000000001,13,226,188,43,110,216,168,21,1
2,11,0,0,0,0.59375,0.5,6,206,3,97,7,429,65,5281,5377,14.083332999999998,6,13.230769,6397,0.9801049999999999,0.218462,34,1032,120,44,132,1014,114,12,1
1,2,0,0,0,0.9047620000000001,0.25,4,5,1,42,7,183,33,1496,1505,8.62069,4,8.366667,2856,0.875332,0.8490030000000001,12,251,130,12,42,250,121,3,0
0,0,0,0,0,1.0,0.0,0,0,0,1,1,3,2,160,160,5.5,0,5.5,1993,1.0,1.0,1,22,168,6,10,22,133,3,0
1,33,0,0,0,0.232558,0.225,40,33,9,53,6,129,77,317,327,9.222222,10,8.4,486,0.966667,0.083333,6,84,17,10,50,83,16,11,1
0,0,0,0,0,1.0,1.0,1,28,1,2,1,10,9,199,199,5.0,1,5.0,17417,0.818182,1.0,2,20,425,9,22,20,360,11,0
3,11,0,0,0,0.266667,0.5,6,28,3,2,2,18,20,199,199,5.0,1,5.0,17417,0.818182,1.0,2,20,425,9,22,20,360,11,1
2,8,0,0,0,0.0,1.0,1,28,1,4,2,25,14,199,199,5.0,0,5.0,17417,0.818182,1.0,6,20,425,9,22,20,360,11,1
3,8,0,0,0,0.4,0.4,15,37,6,66,7,251,55,2982,3148,7.651163,5,6.903846000000001,17417,0.9707389999999999,0.283391,29,359,425,55,125,329,360,28,1
0,0,0,0,0,0.0,1.0,1,0,1,1,1,4,1,8,8,1.0,1,1.0,3051,0.0,1.0,1,1,292,1,2,1,282,1,0
0,0,0,0,0,1.0,0.4,5,1,2,1,1,13,7,57,57,1.75,3,1.75,3051,1.0,0.333333,2,7,292,8,33,7,282,9,0
0,0,0,0,0,0.0,1.0,1,1,1,1,1,4,0,57,57,1.75,1,1.75,3051,1.0,0.333333,0,7,292,8,33,7,282,9,0
2,7,0,0,0,0.22222199999999998,0.5,8,18,4,7,3,39,12,1866,1912,3.566667,6,3.5483870000000004,3051,0.9490940000000001,0.623164,1,220,292,96,160,214,282,25,1
1,1,0,0,0,0.8,0.363636,11,8,4,31,6,117,18,498,503,4.235294000000001,8,4.055556,3038,0.958824,0.515152,8,73,153,34,61,72,135,24,0
13,52,3,3,2,0.15872999999999998,0.469388,49,59,23,92,8,394,116,712,796,8.117647,35,5.92,6978,0.939103,0.301471,39,148,383,49,92,138,317,30,1
4,7,0,0,0,0.65,0.545455,22,26,12,22,7,102,35,879,962,3.071429,22,2.958333,6431,0.9376899999999999,0.39946,13,142,456,94,249,129,379,74,0
0,0,0,0,0,1.0,0.0,0,0,0,1,1,5,5,16,16,1.0,0,1.0,822,0.0,1.0,1,1,68,0,1,1,66,1,0
0,0,0,0,0,1.0,0.0,0,0,0,1,1,27,7,40,40,1.0,0,1.0,822,1.0,1.0,5,2,68,0,2,2,66,0,0
0,0,0,0,0,0.0,0.0,0,0,0,1,1,3,1,89,120,3.8,0,2.75,1815,0.28571399999999997,0.7,1,22,90,0,8,19,86,0,0
0,0,0,0,0,1.0,0.0,0,0,0,1,1,4,4,89,120,3.8,0,2.75,1815,0.28571399999999997,0.7,2,22,90,0,8,19,86,0,0
11,16,2,2,3,0.272727,0.538462,52,22,28,34,6,289,55,605,605,7.6666669999999995,39,7.6666669999999995,8738,0.9285709999999999,1.0,35,69,410,85,127,69,373,41,1
6,31,0,0,0,0.0,0.3,30,61,9,45,7,150,56,660,660,8.928571,21,8.928571,50650,0.993007,1.0,21,125,2992,45,86,125,2231,30,1
0,0,0,0,0,0.0,0.0,0,0,0,1,1,1,0,57,61,1.0,0,1.0,4694,1.0,0.0,0,5,492,4,9,4,455,2,0
0,0,0,0,0,1.0,0.0,0,0,0,1,1,1,1,57,61,1.0,0,1.0,4694,1.0,0.0,0,5,492,4,9,4,455,2,0
3,19,0,0,0,0.05,0.0,0,20,0,13,5,54,24,227,272,1.666667,0,1.75,4694,0.89418,0.263333,4,49,492,16,190,40,455,44,1
2,2,0,0,0,0.5,1.0,2,4,2,8,6,124,6,344,367,2.25,2,2.0,33723,0.933333,0.428571,9,22,2606,14,28,18,2415,19,0
0,0,0,0,0,0.0,0.0,0,8,0,1,1,4,0,440,510,2.111111,0,1.8695650000000001,7166,0.779221,0.785714,0,43,371,9,38,38,299,10,0
0,0,0,0,0,0.0,0.0,0,8,0,1,1,5,1,440,510,2.111111,0,1.8695650000000001,7166,0.779221,0.785714,1,43,371,9,38,38,299,10,0
0,0,0,0,0,1.0,0.0,0,8,0,1,1,11,3,440,510,2.111111,0,1.8695650000000001,7166,0.779221,0.785714,1,43,371,9,38,38,299,10,0
3,4,2,2,1,0.733333,0.692308,13,9,9,6,3,141,37,664,678,2.8823529999999997,9,2.684211,27590,0.91358,0.333333,23,51,1151,23,116,49,961,33,0
3,5,0,0,0,0.375,0.533333,15,5,8,27,6,152,33,371,371,4.375,12,4.375,10542,1.0,0.47618999999999995,22,35,826,14,75,35,754,27,1
0,0,0,0,0,1.0,0.0,0,0,0,1,1,3,2,14,22,1.0,0,1.0,790,0.5,1.0,1,3,69,0,3,2,66,0,0
0,0,0,0,0,1.0,0.0,0,0,0,1,1,3,1,14,22,1.0,0,1.0,790,0.5,1.0,0,3,69,0,3,2,66,0,0
0,0,0,0,0,1.0,0.0,0,0,0,1,1,4,1,14,22,1.0,0,1.0,790,0.5,1.0,0,3,69,0,3,2,66,0,0
1,3,0,0,0,0.5,0.625,8,3,5,40,7,325,20,364,364,14.0,5,14.0,1333,1.0,1.0,11,42,95,5,11,42,95,7,0
6,8,0,0,0,0.529412,0.318182,44,13,14,43,9,192,52,776,791,7.789474,36,6.863636,4406,0.938776,0.404412,33,151,278,73,143,148,253,40,1
8,10,2,2,2,0.277778,0.46875,32,16,15,21,6,118,43,449,449,5.25,22,5.25,29751,0.97619,0.047619,22,42,1195,36,71,42,1168,35,1
0,0,0,0,0,0.0,0.0,0,0,0,1,1,3,0,174,214,1.090909,0,1.0714290000000002,214,0.9038459999999999,0.076923,0,15,14,5,19,12,11,4,0
0,0,0,0,0,1.0,0.0,0,0,0,1,1,4,1,174,214,1.090909,0,1.0714290000000002,214,0.9038459999999999,0.076923,0,15,14,5,19,12,11,4,0
0,0,0,0,0,1.0,0.0,0,0,0,1,1,4,1,174,214,1.090909,0,1.0714290000000002,214,0.9038459999999999,0.076923,0,15,14,5,19,12,11,4,0
4,13,0,0,0,0.1875,0.461538,26,0,12,1,3,250,32,333,379,1.0,14,1.0,2750,1.0,0.0,4,9,188,14,120,5,113,28,1
3,11,0,0,0,0.3125,0.333333,33,14,11,29,3,186,34,1489,1600,4.207547,23,3.615385,3146,0.9263389999999999,0.260652,11,235,195,85,166,223,153,26,1
2,10,0,0,0,0.28571399999999997,1.0,1,15,1,5,3,28,18,109,109,5.6666669999999995,1,5.6666669999999995,3053,0.5,1.0,4,17,210,4,30,17,190,8,1
9,13,2,2,1,0.660377,0.38961,77,25,30,248,10,1134,153,2345,2827,13.03125,70,7.898305000000001,14767,0.9692120000000001,0.295238,96,466,554,99,190,417,386,55,1
3,8,0,0,0,0.0,0.363636,11,8,4,12,2,38,15,53,53,8.0,5,8.0,1128,0.0,0.0,7,16,75,7,28,16,74,13,1
2,5,0,0,0,0.166667,0.4,15,5,6,23,6,108,37,609,614,3.9047620000000003,4,3.7727269999999997,3199,0.714286,0.642105,25,83,232,25,69,82,180,16,1
13,27,0,0,0,0.21875,0.376812,69,29,26,25,7,204,84,292,292,7.0,45,7.0,1602,0.8125,1.0,33,35,135,49,79,35,99,31,1
0,0,0,0,0,1.0,0.8888889999999999,9,3,8,10,6,112,30,1078,1541,2.5365849999999996,9,2.2352939999999997,33993,0.964791,0.12903199999999998,25,152,1556,35,163,104,1076,29,0
0,0,0,0,0,0.0,0.0,0,7,0,1,1,4,1,135,135,2.857143,0,2.857143,2768,0.0,0.0,1,20,165,9,20,20,129,9,0
3,6,0,0,0,0.454545,0.464286,28,6,13,23,5,183,34,438,493,4.9,25,3.166667,2768,0.931373,0.736264,22,57,165,32,53,49,129,19,1
2,2,0,0,0,0.75,0.363636,11,10,4,20,8,125,32,1302,1315,3.037736,10,2.963636,32688,0.899782,0.574879,21,163,2040,82,226,161,1771,39,0
7,16,0,0,0,0.058824,0.529412,17,22,9,26,9,175,48,294,294,9.0,16,9.0,32688,1.0,0.166667,30,45,2040,25,35,45,1771,24,1
0,0,0,0,0,1.0,0.0,0,1,0,1,1,6,1,54,54,1.0,0,1.0,4524,1.0,0.0,0,2,247,2,79,2,182,24,0
1,1,0,0,0,0.0,1.0,3,1,3,1,1,7,3,54,54,1.0,2,1.0,4524,1.0,0.0,2,2,247,2,79,2,182,24,0
0,0,0,0,0,1.0,1.0,1,5,1,1,1,21,18,322,533,3.5,1,1.7241380000000002,4524,0.96131,0.259259,0,50,247,16,110,28,182,22,0
0,0,0,0,0,1.0,0.714286,7,4,5,32,6,101,13,1454,1508,7.575758,7,7.342857,4738,0.8597290000000001,0.462185,8,257,149,47,121,250,135,32,0
3,14,0,0,0,0.0,0.5,4,14,2,40,6,248,62,314,314,15.666667000000002,3,15.666667000000002,425,0.0,1.0,50,47,8,3,7,47,7,3,1
0,0,0,0,0,1.0,0.0,0,6,0,1,1,3,2,94,94,1.3157889999999999,0,1.3157889999999999,94,1.0,0.006536,1,25,19,7,28,25,19,25,0
11,26,2,2,2,0.365854,0.470588,34,62,16,58,4,206,53,718,718,16.272727,24,16.272727,32189,1.0,0.13333299999999998,12,179,1188,76,168,179,1182,36,1
8,20,2,2,2,0.487179,0.333333,39,59,13,16,3,103,58,774,802,4.466667,21,4.3333330000000005,32189,0.9247690000000001,0.251232,13,143,1188,76,145,134,1182,32,1
6,41,3,3,1,0.229167,0.25,24,243,6,150,6,381,77,6373,6957,8.064171,10,7.109649,85061,0.9876,0.092497,29,1621,4912,194,500,1508,3633,67,1
6,15,0,0,0,0.06666699999999999,0.5,24,15,12,35,7,126,34,164,184,8.0,17,4.888889,7575,0.958333,0.28571399999999997,18,44,208,21,37,40,153,15,1
0,0,0,0,0,1.0,0.0,0,1,0,1,1,5,4,16,22,1.0,0,1.0,12585,0.833333,1.0,2,3,454,0,4,2,428,2,0
0,0,0,0,0,1.0,0.0,0,1,0,1,1,4,2,16,22,1.0,0,1.0,12585,0.833333,1.0,1,3,454,0,4,2,428,2,0
1,4,0,0,0,0.818182,0.666667,12,62,8,15,6,128,31,1163,1183,5.9565220000000005,7,5.56,2515,0.975833,0.437229,7,139,81,61,196,137,75,58,0
4,9,2,2,1,0.608696,0.4,25,62,10,21,7,157,48,1163,1183,5.9565220000000005,16,5.56,2515,0.975833,0.437229,23,139,81,61,196,137,75,58,1
0,0,0,0,0,1.0,1.0,1,0,1,2,2,7,4,119,119,2.142857,1,2.142857,6452,0.666667,0.666667,3,15,240,4,11,15,203,3,0
0,0,0,0,0,1.0,1.0,1,0,1,1,1,4,4,119,119,2.142857,1,2.142857,6452,0.666667,0.666667,3,15,240,4,11,15,203,3,0
0,0,0,0,0,0.0,0.25,4,0,1,30,5,161,20,426,426,6.875,4,6.875,6452,0.828571,0.75,21,55,240,6,14,55,203,3,0
0,0,0,0,0,1.0,0.8,5,19,4,15,7,104,27,1851,2009,4.925,4,4.137255000000001,6452,0.955,0.511837,23,211,240,41,106,197,203,13,0
1,4,0,0,0,0.84,0.363636,11,12,4,30,6,193,37,832,852,20.375,11,16.5,10793,0.684211,0.8,12,165,426,47,58,163,254,11,0
0,0,0,0,0,0.0,1.0,1,1,1,1,1,5,0,31,31,1.333333,1,1.333333,277,0.0,0.0,0,4,18,4,41,4,17,10,0
1,1,0,0,0,1.0,0.75,4,1,3,2,2,5,2,31,31,1.333333,2,1.333333,277,0.0,0.0,0,4,18,4,41,4,17,10,0
1,1,0,0,0,1.0,0.75,4,1,3,1,1,5,2,31,31,1.333333,3,1.333333,277,0.0,0.0,1,4,18,4,41,4,17,10,0
0,0,0,0,0,0.0,0.6,5,0,3,78,7,388,23,441,441,21.75,5,21.75,1563,0.0,0.0,23,87,37,5,9,87,36,3,0
1,1,0,0,0,0.666667,1.0,2,0,2,2,2,8,6,25,25,3.0,2,3.0,912,1.0,1.0,3,6,80,5,7,6,79,47,0
0,0,0,0,0,1.0,0.666667,3,0,2,4,3,11,3,25,25,3.0,3,3.0,912,1.0,1.0,2,6,80,5,7,6,79,47,0
0,0,0,0,0,1.0,1.0,2,1,2,86,10,245,40,755,755,10.818182,2,10.818182,11909,0.9650790000000001,1.0,34,238,780,13,35,238,753,3,0
0,0,0,0,0,0.0,0.0,0,0,0,1,1,3,1,7,7,1.0,0,1.0,43,0.0,1.0,1,1,8,0,1,1,8,0,0
0,0,0,0,0,0.0,0.0,0,0,0,1,1,3,0,18,18,1.0,0,1.0,43,0.0,1.0,0,4,8,0,4,4,8,0,0
14,28,0,0,0,0.348837,0.666667,24,28,16,32,4,176,59,272,272,7.8,9,7.8,272,0.953125,1.0,16,39,5,17,37,39,5,25,1
2,7,0,0,0,0.0,0.454545,22,7,10,19,6,108,29,115,115,10.0,20,10.0,989,0.0,1.0,22,20,25,20,24,20,25,13,1
0,0,0,0,0,0.0,1.0,1,8,1,1,1,4,1,323,323,4.4545449999999995,1,4.4545449999999995,323,0.96,0.22222199999999998,1,49,16,29,137,49,16,26,0
0,0,0,0,0,0.0,0.0,0,8,0,1,1,8,0,323,323,4.4545449999999995,0,4.4545449999999995,323,0.96,0.22222199999999998,0,49,16,29,137,49,16,26,0
0,0,0,0,0,1.0,1.0,3,8,3,3,2,20,11,323,323,4.4545449999999995,3,4.4545449999999995,323,0.96,0.22222199999999998,5,49,16,29,137,49,16,26,0
1,2,0,0,0,0.666667,0.8,5,8,4,2,2,21,10,323,323,4.4545449999999995,3,4.4545449999999995,323,0.96,0.22222199999999998,3,49,16,29,137,49,16,26,0
5,11,2,2,2,0.266667,0.35897399999999996,39,14,14,39,6,339,59,394,404,5.222222,27,4.4545449999999995,2516,0.9,0.177778,44,49,212,31,56,47,168,17,1
1,1,0,0,0,0.666667,1.0,3,5,3,2,2,13,5,65,65,3.333333,2,3.333333,206,0.8,0.6,2,20,17,4,11,20,17,5,0
