ATFD_type,FANOUT_type,number_private_visibility_methods,number_standard_design_methods,CFNAMM_type,AMWNAMM_type,AMW_type,WMCNAMM_type,NOMNAMM_type,NOCS_type,number_not_final_static_methods,WMC_type,number_static_methods,CBO_type,number_protected_visibility_methods,RFC_type,TCC_type,LCOM5_type,isStatic_type,LOCNAMM_type,LOC_type,NOM_type,number_final_static_methods,number_final_not_static_methods,number_not_abstract_not_final_methods,number_final_methods,num_static_attributes,is_god_class
0,0,0,2,0,2.0,2.0,4,2,0,0,4,0,5,0,48,1.0,0.5,0,18,18,2,0,0,2,0,1,0
2,1,3,7,2,1.0,1.0,7,7,0,0,7,0,5,0,57,1.0,1.0,0,34,34,7,0,0,7,0,0,0
0,0,0,1,0,1.0,1.0,1,1,0,0,1,0,5,0,49,1.0,0.0,0,4,4,1,0,0,1,0,0,0
0,2,3,4,3,2.0,2.0,8,4,0,0,8,0,5,0,53,1.0,1.0,0,35,35,4,0,0,4,0,0,0
4,2,0,2,3,1.5,1.5,3,2,0,1,3,1,5,0,41,0.0,1.0,0,16,16,2,0,0,3,0,1,0
1,3,1,4,10,2.75,2.75,11,4,0,0,11,0,6,0,53,1.0,1.0,0,43,43,4,0,0,4,0,0,0
0,0,0,3,0,1.75,1.75,7,4,0,0,7,0,0,0,4,1.0,0.333333,0,26,26,4,0,0,4,0,0,0
0,1,1,3,2,1.333333,1.333333,4,3,0,0,4,0,5,0,52,1.0,1.0,0,24,24,3,0,0,3,0,0,0
0,0,0,0,0,0.0,0.0,0,0,0,0,0,0,0,0,0,1.0,0.0,0,2,2,0,0,0,0,0,0,0
5,3,0,6,5,2.333333,2.333333,14,6,0,0,14,0,7,0,52,0.2,0.6,0,44,44,6,0,0,7,0,0,0
5,1,0,1,3,5.0,5.0,5,1,0,0,5,0,6,0,52,1.0,0.0,0,35,35,1,0,0,1,0,0,0
0,1,1,2,1,1.0,1.0,2,2,0,0,2,0,5,0,51,1.0,1.0,0,15,15,2,0,0,2,0,0,0
2,5,0,6,13,5.0,5.0,30,6,0,0,30,0,7,0,52,0.2,0.9,0,70,70,6,0,0,6,0,3,0
5,1,4,5,6,4.2,4.2,21,5,0,0,21,0,5,0,57,1.0,1.0,0,83,83,5,0,0,5,0,0,0
0,2,2,3,2,1.0,1.0,3,3,0,0,3,0,5,0,52,1.0,1.0,0,20,20,3,0,0,3,0,0,0
4,3,0,5,6,1.6,1.6,8,5,0,0,8,0,5,4,44,0.1,0.75,0,49,49,5,0,0,5,0,1,0
0,2,0,7,3,1.5714290000000002,1.5714290000000002,11,7,0,3,11,3,5,0,45,0.0,0.0,0,51,51,7,0,0,7,0,0,0
5,2,0,7,7,1.5714290000000002,1.5714290000000002,11,7,0,1,11,1,3,3,14,0.714286,0.708333,0,72,72,7,0,0,8,0,0,0
5,3,0,10,12,2.3,2.3,23,10,0,0,23,0,5,4,48,0.13333299999999998,0.8888889999999999,0,98,98,10,0,0,10,0,0,1
0,0,0,10,0,1.727273,1.727273,19,11,0,3,19,3,0,0,11,0.622222,0.7,0,70,70,11,0,0,11,0,0,0
1,3,0,7,7,1.857143,1.857143,13,7,0,0,13,0,5,2,46,0.9523809999999999,0.5,0,65,65,7,0,0,7,0,2,0
0,18,0,10,18,3.2,3.0,32,10,17,4,33,4,1,1,29,0.345455,0.8,0,239,244,11,0,0,12,0,0,0
7,5,1,26,13,2.076923,2.0370369999999998,54,26,1,3,55,3,4,3,40,0.39076900000000003,0.9615379999999999,0,278,283,27,0,0,28,0,4,1
0,0,0,2,0,1.5,1.5,3,2,0,0,3,0,0,0,2,1.0,0.5,0,19,19,2,0,0,3,0,0,0
0,0,0,0,0,0.0,1.0,0,0,0,0,1,0,2,0,28,1.0,0.0,1,0,5,1,0,0,2,0,0,0
0,0,0,1,0,1.0,1.0,1,1,0,0,1,0,1,0,28,1.0,0.0,1,5,5,1,0,0,2,0,0,0
0,0,0,0,0,0.0,1.0,0,0,0,0,1,0,2,0,28,1.0,0.0,1,0,5,1,0,0,2,0,0,0
0,1,0,0,4,1.0,1.0,4,4,0,0,4,0,1,0,9,1.0,0.0,0,18,18,4,0,0,4,0,0,0
0,0,0,1,0,2.166667,2.166667,13,6,0,0,13,0,0,0,6,1.0,0.6,0,50,50,6,0,0,6,0,0,0
106,25,25,27,51,11.310345,11.310345,328,29,2,6,328,6,27,0,87,1.0,0.723214,0,1371,1371,29,0,0,29,0,0,1
96,1,8,9,1,4.7,4.7,47,10,0,0,47,0,28,0,12,1.0,0.48148100000000005,0,243,243,10,0,0,10,0,0,0
0,1,0,0,1,1.0,1.0,2,2,0,0,2,0,1,0,3,1.0,1.0,1,14,14,2,0,0,2,0,0,0
0,1,0,0,1,1.0,1.0,2,2,2,0,2,0,2,0,3,1.0,1.0,0,76,76,2,0,0,2,0,0,0
0,0,0,2,0,1.0,1.0,2,2,0,0,2,0,4,0,21,0.0,0.0,0,15,15,2,0,0,3,0,0,0
0,2,0,3,2,1.333333,1.333333,4,3,0,0,4,0,5,0,15,0.0,0.0,0,29,29,3,0,0,3,0,0,0
15,3,0,1,3,1.0,1.0,1,1,0,0,40,0,9,0,58,0.08717899999999999,0.9717950000000001,0,330,330,40,0,0,41,0,1,0
5,4,0,7,3,1.0,1.0,7,7,0,0,25,0,7,0,40,0.243333,0.898148,0,37,199,25,0,0,26,0,0,0
1,2,1,2,3,3.333333,3.333333,10,3,0,1,10,1,2,0,6,1.0,0.0,0,88,88,3,0,0,3,0,0,0
0,1,0,23,1,1.75,1.833333,42,24,0,0,55,0,1,0,31,0.26108400000000004,0.9373040000000001,0,390,518,30,0,0,30,0,5,0
19,11,7,38,30,5.605263,4.8297870000000005,213,38,3,0,227,2,10,9,77,0.49359,0.949275,0,1264,1342,47,2,5,41,7,19,1
0,10,3,41,26,6.243901999999999,5.92,256,41,6,5,296,7,5,21,80,0.272895,0.980867,0,3405,3600,50,2,3,46,5,47,1
61,9,5,18,36,15.888889,15.888889,286,18,0,0,286,0,9,12,61,0.269231,0.882353,0,1097,1097,18,0,0,19,0,0,1
0,0,0,2,0,1.0,1.0,4,4,0,0,11,0,0,0,11,0.361111,0.8,1,64,112,11,0,0,11,0,0,0
0,10,2,4,11,2.0,2.0,8,4,10,4,8,4,0,0,15,0.0,0.0,0,196,196,4,0,0,4,0,0,0
0,1,0,1,2,1.0,1.0,2,2,0,0,2,0,2,0,4,1.0,0.5,1,26,26,2,0,0,2,0,0,0
0,0,0,7,0,1.0,1.0,7,7,0,0,11,0,0,0,11,0.418182,0.8,0,67,107,11,0,0,12,0,0,0
0,4,0,4,4,2.5,2.5,10,4,1,0,10,0,10,2,34,0.5,0.6,0,166,166,4,0,0,4,0,1,0
2,1,0,1,1,6.0,6.0,6,1,0,0,6,0,3,0,2,1.0,0.0,0,34,34,1,0,0,2,0,0,0
3,5,10,50,11,4.314815,3.8730160000000002,233,54,7,1,244,1,3,19,77,0.38350300000000004,0.953717,0,1910,2005,63,0,4,55,4,6,1
0,0,0,8,0,1.0,1.0,9,9,0,0,16,0,4,0,16,0.2,0.866667,0,105,175,16,0,0,16,0,0,0
0,0,1,0,0,1.0,1.0,1,1,0,0,1,0,0,0,1,1.0,0.0,0,38,38,1,0,0,1,0,6,0
0,1,0,10,1,1.545455,1.545455,17,11,1,0,17,0,0,0,12,0.622222,0.3,0,146,146,11,0,9,2,9,0,0
0,0,1,1,0,7.0,7.0,7,1,0,0,7,0,0,0,1,1.0,0.0,0,42,42,1,0,0,2,0,0,0
0,2,0,3,4,2.75,2.75,11,4,0,0,11,0,5,0,8,0.0,1.0,0,51,51,4,0,1,1,1,0,0
0,1,0,3,0,3.666667,1.75,11,3,0,0,21,0,1,0,13,0.30303,0.857143,0,79,164,12,0,0,13,0,2,0
0,0,0,5,0,1.0,1.0,7,7,0,0,15,0,0,1,15,0.461538,0.732143,0,49,97,15,0,0,15,0,0,0
11,12,1,5,20,8.0,7.285714,48,6,0,0,51,1,13,2,38,0.2,0.866667,0,306,321,7,1,2,4,3,0,1
1,4,3,8,2,2.222222,2.222222,20,9,2,2,20,2,3,0,13,1.0,0.825,0,200,200,9,0,0,9,0,2,0
1,0,0,1,0,2.0,2.0,2,1,0,0,2,0,1,0,1,1.0,0.0,0,10,10,1,0,0,2,0,0,0
0,0,0,1,0,1.0,1.0,1,1,0,0,4,0,0,0,4,0.333333,0.666667,0,7,25,4,0,0,5,0,0,0
0,0,0,0,0,0.0,1.0,0,0,0,0,8,0,0,0,8,0.14285699999999998,0.857143,0,47,47,8,0,0,9,0,0,0
0,0,0,2,0,1.0,1.0,2,2,0,0,8,0,0,0,8,0.14285699999999998,0.857143,0,11,47,8,0,0,9,0,0,0
0,0,0,0,0,0.0,1.0,0,0,0,0,16,0,3,0,16,0.06666699999999999,0.933333,0,91,91,16,0,0,17,0,0,0
0,2,0,4,2,1.0,1.0,5,5,0,0,5,0,9,3,18,0.0,0.0,0,29,29,5,0,0,5,0,0,0
2,2,0,5,4,1.0,1.0,6,6,0,0,7,0,9,3,19,1.0,0.166667,0,38,48,7,0,0,7,0,0,0
3,2,0,5,2,1.333333,1.333333,8,6,0,0,8,0,9,3,18,0.0,0.0,0,39,39,6,0,0,6,0,0,0
0,0,5,62,0,11.893939,11.893939,785,66,0,0,785,5,1,4,66,0.007519,0.996923,0,1917,1917,66,5,56,5,61,5,1
13,6,3,6,8,6.857142999999999,6.857142999999999,48,7,2,0,48,0,6,0,23,0.0,1.0,0,301,301,7,0,0,7,0,0,1
0,0,0,0,0,1.0,1.0,2,2,0,0,2,0,0,0,2,1.0,0.0,0,8,8,2,0,0,2,0,0,0
0,0,0,2,0,2.0,2.0,4,2,0,0,4,0,0,0,2,0.0,0.0,1,12,12,2,0,0,3,0,0,0
25,15,18,21,21,5.181818,5.181818,114,22,3,0,114,0,15,0,69,0.333333,0.9642860000000001,0,603,603,22,0,0,22,0,2,1
5,2,1,4,1,1.0,1.75,7,7,0,0,21,0,5,0,39,1.0,0.636364,0,45,96,12,0,0,12,0,0,0
29,28,27,30,46,2.193548,2.121212,68,31,9,0,70,0,23,2,104,0.3,0.94184,0,1015,1043,33,0,0,33,0,0,1
0,0,8,10,0,4.181818,4.181818,46,11,0,1,46,1,0,0,11,1.0,0.933333,0,228,228,11,0,0,11,0,0,0
0,1,0,0,1,1.5,1.1,3,2,0,0,11,0,1,0,11,0.14285699999999998,0.8888889999999999,0,22,86,10,0,0,10,0,0,0
39,11,5,18,20,13.222222,13.222222,238,18,0,18,238,18,21,0,71,0.461538,0.894958,0,1172,1172,18,0,0,18,0,14,1
0,1,0,2,1,1.0,1.0,2,2,0,0,9,0,2,0,18,0.166667,0.84375,0,30,86,9,0,0,9,0,0,0
30,10,2,21,25,12.478261,12.478261,287,23,0,16,287,17,12,0,57,0.280702,0.87987,0,1288,1288,23,1,0,22,1,13,1
0,0,0,0,0,0.0,1.0,0,0,0,0,4,0,1,0,4,0.333333,1.0,0,63,95,4,0,0,5,0,5,0
6,2,31,69,6,9.771429,9.771429,684,70,0,38,684,38,5,0,76,0.495021,0.928327,0,2999,2999,70,0,5,65,5,28,1
3,7,4,15,19,2.647059,2.647059,45,17,2,0,45,0,6,4,39,0.363636,0.89375,0,571,571,17,0,0,15,0,0,1
2,2,0,1,2,4.0,4.0,8,2,0,0,8,0,2,0,6,1.0,1.0,1,66,66,2,0,0,2,0,0,0
0,5,1,5,7,3.857143,3.857143,27,7,3,2,27,2,2,0,14,0.0,1.0,0,239,239,7,0,0,5,0,0,0
1,4,2,5,7,1.0,1.4,6,6,1,0,14,0,8,0,27,0.190476,0.955556,0,91,149,10,0,0,10,0,0,0
14,17,4,38,46,3.384615,3.325,132,39,1,29,133,38,20,0,94,0.23968299999999998,0.959936,0,1234,1243,40,9,0,31,9,16,1
0,0,0,0,0,1.0,1.0,3,3,0,0,11,0,0,0,11,0.14285699999999998,0.9,0,43,83,11,0,0,11,0,0,0
0,1,0,1,1,2.0,2.0,2,1,0,0,2,0,5,0,10,1.0,0.0,0,8,8,1,0,0,2,0,0,0
0,2,0,3,4,2.333333,1.8,7,3,0,0,9,0,7,0,27,0.6,0.75,0,75,95,5,0,0,5,0,0,0
6,9,0,14,23,4.0,2.448276,56,14,1,0,71,0,12,4,67,0.108374,0.9523809999999999,0,477,573,29,0,0,29,0,1,1
7,3,0,1,9,3.5,1.625,7,2,0,0,13,0,5,0,19,0.380952,0.8857139999999999,0,64,100,8,0,0,8,0,0,0
0,0,1,0,0,1.0,1.0,1,1,0,0,1,0,0,0,1,1.0,0.0,0,252,252,1,0,0,1,0,48,0
0,0,1,0,0,1.0,1.0,1,1,0,0,1,0,0,0,1,1.0,0.0,0,83,83,1,0,0,1,0,14,0
8,15,0,10,29,4.4545449999999995,4.4545449999999995,49,11,3,0,49,0,26,4,137,0.22222199999999998,0.96,0,323,323,11,0,0,11,0,1,1
0,0,0,1,0,2.0,2.0,2,1,0,0,2,0,0,0,1,1.0,0.0,0,9,9,1,0,0,2,0,0,0
1,2,0,1,2,4.0,1.583333,8,2,0,1,19,1,2,0,14,0.163636,0.8909090000000001,0,42,97,12,0,0,12,0,0,0
14,20,1,54,95,5.327273,4.782609,293,55,0,1,330,1,21,6,189,0.47399399999999997,0.941816,0,1949,2133,69,0,0,69,0,3,1
0,0,0,1,0,1.5,1.5,3,2,0,0,3,0,0,1,2,1.0,1.0,0,21,21,2,0,0,2,0,0,0
11,23,9,23,29,8.416667,10.533333,202,24,0,0,316,0,27,1,69,0.636842,0.896552,0,815,1323,30,0,0,30,0,0,1
0,1,0,7,1,1.0,1.266667,8,8,0,0,19,0,3,0,16,0.032967,1.0,0,155,263,15,0,0,13,0,5,0
0,0,0,0,0,1.0,1.0,1,1,0,0,17,0,0,0,17,0.06666699999999999,0.9375,0,1,97,17,0,0,17,0,0,0
3,3,2,12,3,3.9230769999999997,3.9230769999999997,51,13,0,2,51,2,4,0,19,0.755556,0.683333,0,218,218,13,0,0,13,0,1,1
0,0,0,1,0,2.0,2.0,2,1,0,0,2,0,0,0,1,1.0,0.0,0,8,8,1,0,0,2,0,0,0
101,41,19,70,71,4.712329,2.938272,344,73,0,6,476,9,57,3,328,0.27739,0.984028,0,2065,3129,162,3,0,159,3,3,1
1,0,0,1,0,2.0,1.02439,2,1,0,0,42,0,11,0,41,0.029268000000000002,0.9725,0,380,380,41,0,0,42,0,0,0
0,0,0,0,0,0.0,1.333333,0,0,0,0,8,0,0,0,6,0.333333,0.733333,0,61,61,6,0,0,7,0,0,0
0,0,0,0,0,0.0,1.0,0,0,0,0,6,0,0,0,6,0.2,0.8,0,26,26,6,0,0,6,0,0,0
0,14,6,15,23,3.5,3.5,56,16,5,15,56,15,9,0,42,0.622222,0.866667,0,561,561,16,0,0,16,0,1,1
0,1,0,3,2,1.0,1.4,3,3,0,0,14,0,2,0,12,0.13333299999999998,0.8611110000000001,0,21,90,10,0,0,11,0,0,0
6,23,6,30,47,4.451613,4.451613,138,31,2,0,138,0,27,0,82,0.40579699999999996,0.8111109999999999,0,1142,1142,31,0,0,31,0,3,1
1,1,0,0,1,1.0,1.0,1,1,0,0,7,0,3,0,25,0.2,0.833333,0,3,33,7,0,0,7,0,0,0
0,0,0,0,0,1.0,1.0,1,1,0,0,8,0,1,0,8,0.14285699999999998,0.892857,0,3,38,8,0,0,8,0,0,0
1,0,0,0,0,1.0,1.0,1,1,0,0,12,0,2,0,12,0.090909,0.924242,0,1,56,12,0,0,12,0,0,0
2,0,0,0,0,1.0,1.0,1,1,0,0,14,0,2,0,14,0.076923,0.934066,0,0,65,14,0,0,14,0,0,0
0,0,0,0,0,1.0,1.0,1,1,0,0,10,0,1,0,10,0.11111099999999999,0.911111,0,2,47,10,0,0,10,0,0,0
0,1,1,5,1,1.833333,1.833333,11,6,1,0,11,0,0,1,7,0.0,1.0,0,59,59,6,0,0,6,0,0,0
0,0,0,1,0,1.0,1.0,1,1,0,0,1,0,1,0,1,1.0,0.0,0,5,5,1,0,0,2,0,0,0
51,7,7,14,18,11.0,10.529411999999999,165,15,0,1,179,1,10,0,49,0.722222,0.825893,0,616,695,17,0,0,17,0,3,1
13,4,3,6,8,3.875,3.875,31,8,0,0,31,0,6,0,16,0.5,0.892857,0,125,125,8,0,0,8,0,0,0
65,24,11,62,50,7.3333330000000005,7.138462,462,63,0,8,464,8,26,0,126,0.335994,0.9454370000000001,0,2127,2137,65,0,0,65,0,25,1
122,19,29,32,49,9.151515,8.685714,302,33,0,1,304,1,27,0,112,0.0,1.0,0,1677,1690,35,0,0,35,0,2,1
127,18,12,14,26,5.9375,5.9375,95,16,0,1,95,1,19,0,107,1.0,1.0,0,590,590,16,0,0,16,0,14,1
71,14,7,11,55,3.9230769999999997,3.9230769999999997,51,13,0,2,51,2,17,0,81,1.0,0.9973120000000001,0,531,531,13,0,0,13,0,26,1
0,3,3,6,3,1.285714,1.214286,9,7,2,0,17,0,1,0,17,0.533333,0.868132,0,190,250,14,0,0,14,0,0,0
36,62,40,62,103,2.84127,2.705882,179,63,35,22,184,22,33,0,197,0.219373,0.992743,0,1826,1867,68,0,0,68,0,48,1
6,19,18,44,32,3.891304,3.4406779999999997,179,46,12,0,203,0,9,0,96,0.12010799999999999,0.9709049999999999,0,957,1097,59,0,0,59,0,2,1
0,1,0,2,1,1.0,1.0,2,2,0,0,2,0,3,0,3,0.0,0.0,0,12,12,2,0,0,3,0,0,0
0,2,1,3,2,1.0,1.0,4,4,0,0,4,0,3,0,6,1.0,0.0,0,29,29,4,0,0,4,0,0,0
1,3,0,3,4,1.0,1.0,4,4,0,0,9,0,4,0,13,0.642857,0.71875,0,38,94,9,0,1,8,1,0,0
5,9,0,11,20,1.75,1.75,21,12,0,0,21,0,11,1,34,0.8909090000000001,0.8636360000000001,0,290,290,12,0,0,12,0,1,0
1,5,0,1,7,2.0,1.5,2,1,0,0,3,0,5,0,9,1.0,1.0,0,30,47,2,0,0,3,0,1,0
0,0,0,2,0,1.25,1.111111,5,4,0,0,10,0,0,0,9,0.14285699999999998,0.9375,1,67,117,9,0,0,9,0,0,0
24,13,1,62,67,3.4,3.205479,221,65,1,0,234,0,19,0,178,0.471441,0.894965,0,1706,1812,73,0,0,73,0,2,1
0,0,0,0,0,1.0,1.0,1,1,0,0,1,0,0,0,1,1.0,0.0,0,24,24,1,0,0,1,0,3,0
3,3,1,4,6,1.142857,1.333333,8,7,0,0,12,0,3,0,12,0.0,1.0,0,93,131,9,0,0,9,0,0,0
0,0,4,12,0,2.142857,2.142857,30,14,0,0,30,0,0,0,14,0.464286,0.8461540000000001,0,255,255,14,0,0,14,0,0,0
0,2,0,7,8,1.25,1.25,10,8,0,0,10,0,2,0,16,1.0,0.14285699999999998,0,88,88,8,0,0,8,0,0,0
2,13,0,7,14,2.125,2.125,17,8,0,1,17,1,15,1,23,0.047619,1.0,0,155,155,8,0,0,5,0,8,0
0,0,0,6,0,1.0,1.304348,7,7,0,0,30,0,0,0,23,0.051948,0.9787879999999999,1,41,149,23,0,0,23,0,5,0
39,47,4,16,97,11.235294,10.888889,191,17,17,1,196,1,45,0,133,0.19230799999999998,0.9144389999999999,0,2143,2165,18,0,0,18,0,12,1
0,2,0,1,2,1.0,1.0,2,2,0,0,2,0,9,0,22,1.0,0.0,0,21,21,2,0,0,2,0,0,0
1,2,1,2,1,1.0,1.0,3,3,0,1,3,1,2,0,11,0.0,1.0,0,31,31,3,0,0,3,0,1,0
8,45,0,84,59,1.729412,1.6730770000000001,147,85,33,0,174,0,16,82,175,0.102798,0.980917,0,1384,1526,104,0,0,104,0,1,1
1,4,0,4,5,1.6,1.7,8,5,1,0,17,0,4,2,15,0.11111099999999999,1.0,0,169,227,10,0,0,10,0,1,0
0,1,0,2,1,2.0,2.0,4,2,0,0,4,0,1,2,3,1.0,0.0,0,24,24,2,0,0,2,0,1,0
0,0,0,11,0,1.0,1.0,11,11,0,0,11,0,0,0,11,0.0,0.0,0,58,58,11,0,0,11,0,0,0
21,29,10,24,49,5.24,3.947368,131,25,0,0,150,0,39,1,130,0.327635,0.926868,0,637,745,38,0,0,38,0,0,1
3,5,3,52,4,1.660377,1.52809,88,53,4,0,136,0,1,21,94,0.11512599999999999,0.959583,0,1633,2078,89,0,0,89,0,34,1
0,3,0,22,3,2.782609,2.76,64,23,3,0,69,0,2,18,43,0.181159,0.9702379999999999,0,576,596,25,0,0,25,0,4,0
32,3,35,46,3,5.3125,4.8,255,48,1,0,264,0,3,7,72,0.326797,0.9617549999999999,0,2128,2214,55,0,0,55,0,17,1
0,2,0,19,4,7.0,5.75,133,19,1,0,138,0,2,14,48,0.300725,0.901186,0,1166,1231,24,0,2,23,2,3,1
0,0,0,5,0,1.333333,1.181818,8,6,0,0,13,0,0,0,11,0.177778,0.9,0,83,121,11,0,0,11,0,0,0
44,3,33,46,8,4.595745,4.38,216,47,0,0,219,0,4,7,73,0.35,0.963673,0,2022,2044,50,0,0,50,0,14,1
0,0,0,0,0,1.0,1.0,1,1,0,0,9,0,0,0,9,0.14285699999999998,0.875,1,11,75,9,0,0,9,0,0,0
0,1,0,1,2,13.0,13.0,26,2,0,0,26,0,3,0,12,1.0,1.0,0,129,129,2,0,0,2,0,5,0
0,1,0,0,0,1.0,1.0,2,2,0,0,5,0,2,0,6,0.0,1.0,0,83,120,5,0,0,5,0,16,0
0,0,0,0,0,1.0,1.0,2,2,0,0,15,0,0,0,15,0.089744,0.9285709999999999,0,17,97,15,0,0,15,0,0,0
0,0,0,1,0,1.0,1.0,3,3,0,0,8,0,0,0,8,0.2,0.857143,0,17,47,8,0,0,8,0,0,0
12,53,7,72,67,2.680556,2.680556,193,72,0,70,193,72,55,0,144,0.154327,0.970951,0,1550,1550,72,2,0,70,2,33,1
14,12,1,37,34,4.263158,4.1,162,38,1,0,164,0,11,22,88,0.42674300000000004,0.9638690000000001,0,1100,1127,40,0,0,40,0,7,1
1,0,0,3,0,2.333333,2.333333,7,3,0,0,7,0,1,0,3,0.0,0.0,0,29,29,3,0,0,4,0,0,0
0,0,0,0,0,0.0,1.0,0,0,0,0,6,0,0,0,6,0.2,0.8,0,19,61,6,0,0,7,0,0,0
43,69,4,118,181,3.194915,2.770701,377,118,46,0,435,0,31,62,366,0.24011,0.9896450000000001,0,3392,3877,157,0,0,155,0,6,1
3,1,1,26,1,12.037037,10.709677000000001,325,27,0,1,332,1,2,18,32,0.278325,0.92619,0,1357,1399,31,0,0,31,0,14,1
38,27,8,15,60,8.222222,7.904762,148,18,0,1,166,1,34,1,115,0.4,0.9865079999999999,0,1277,1381,21,0,0,21,0,59,1
0,0,0,4,0,5.2,3.4444440000000003,26,5,0,1,31,1,0,0,9,0.535714,0.953571,0,161,177,9,0,0,9,0,21,0
1,3,0,1,3,1.0,1.0,2,2,0,0,6,0,5,1,13,0.6,0.6,0,24,36,6,0,0,6,0,0,0
0,0,0,0,0,1.0,1.0,1,1,0,0,7,0,1,0,7,0.2,0.833333,1,3,21,7,0,0,7,0,0,0
0,0,0,0,0,1.0,1.0,1,1,0,0,7,0,0,0,7,0.2,0.666667,1,2,20,7,0,0,7,0,0,0
0,0,0,0,0,1.0,1.0,1,1,0,0,1,0,0,1,1,1.0,0.0,1,16,16,1,0,0,1,0,0,0
0,4,1,0,4,1.0,1.0,1,1,0,0,1,0,4,0,5,1.0,0.0,0,71,71,1,0,0,1,0,6,0
0,1,5,8,1,3.0,3.0,24,8,0,1,24,2,1,0,9,1.0,0.857143,0,269,269,8,1,2,6,3,3,0
0,0,1,8,0,4.555556,4.272727,41,9,0,1,47,1,0,2,11,0.0,1.0,0,337,382,11,0,0,9,0,0,0
2,2,1,0,1,1.0,1.066667,2,2,0,0,16,0,2,0,18,0.090909,0.9285709999999999,0,34,175,15,0,0,15,0,0,0
17,13,17,25,31,4.76,4.76,119,25,2,4,119,8,14,0,75,0.25,0.969551,0,1157,1157,25,4,0,21,4,32,1
0,0,0,0,0,1.0,1.0,1,1,0,0,5,0,2,0,5,0.0,1.0,0,11,35,5,0,0,5,0,0,0
33,22,52,60,48,6.360656,6.290323,388,61,1,7,390,8,29,4,136,0.333333,0.980993,0,2937,2958,62,1,0,61,1,34,1
0,0,0,0,0,0.0,1.0,0,0,0,0,10,0,1,0,10,0.11111099999999999,0.8888889999999999,0,109,109,10,0,0,11,0,0,0
10,4,8,13,13,6.928571000000001,5.2307690000000004,97,14,2,0,136,0,6,3,44,0.286765,0.941176,0,953,1184,26,0,0,26,0,1,1
0,0,0,1,0,1.0,1.0,1,1,0,0,7,0,1,0,7,0.23809499999999997,0.777778,0,14,44,7,0,0,8,0,0,0
28,9,3,41,38,4.6666669999999995,4.444444,196,42,0,0,200,0,9,14,94,0.25243899999999997,0.9350649999999999,0,1033,1065,45,0,0,45,0,3,1
9,17,3,97,70,4.316832,3.489209,436,101,2,2,485,2,17,21,213,0.30846599999999996,0.9758450000000001,0,2435,2907,139,0,0,139,0,0,1
0,0,0,0,0,1.0,1.0,1,1,0,0,18,0,0,0,18,0.058824,0.9477120000000001,0,43,179,18,0,0,18,0,0,0
0,2,0,2,4,1.2,1.4285709999999998,6,5,0,0,10,0,3,0,22,1.0,0.666667,0,68,98,7,0,0,7,0,1,0
0,0,0,2,0,1.5,1.5,3,2,0,2,3,2,0,0,2,0.0,0.0,0,44,44,2,0,0,2,0,0,0
1,1,0,3,1,1.333333,1.2,4,3,0,0,6,0,1,0,7,0.2,0.75,0,15,26,5,0,0,5,0,0,0
0,1,0,7,1,1.285714,1.285714,9,7,1,0,9,0,0,0,8,0.0,0.0,0,44,44,7,0,0,7,0,0,0
0,0,0,1,0,1.0,1.0,1,1,0,0,8,0,0,0,8,0.14285699999999998,0.857143,0,32,32,8,0,0,8,0,0,0
0,0,0,0,0,0.0,1.0,0,0,0,0,6,0,2,0,6,0.2,0.8,1,24,24,6,0,0,7,0,0,0
0,0,0,0,0,0.0,1.0,0,0,0,0,6,0,2,0,6,0.2,0.8,1,25,25,6,0,0,7,0,0,0
0,0,0,0,0,1.0,1.0,1,1,0,0,7,0,2,0,7,0.2,0.833333,1,29,29,7,0,0,7,0,0,0
0,0,0,0,0,0.0,1.0,0,0,0,0,6,0,2,0,6,0.2,0.8,0,24,24,6,0,0,7,0,0,0
0,0,0,0,0,0.0,1.0,0,0,0,0,6,0,2,0,6,0.2,0.8,0,23,23,6,0,0,6,0,0,0
0,0,0,0,0,0.0,1.0,0,0,0,0,8,0,1,0,8,0.14285699999999998,0.857143,0,31,31,8,0,0,8,0,0,0
0,0,0,1,0,1.0,1.0,1,1,0,0,1,0,0,0,1,1.0,0.0,0,3,3,1,0,1,1,1,0,0
0,2,0,1,2,1.0,1.0,1,1,0,0,1,0,3,0,3,1.0,0.0,0,3,3,1,0,1,1,1,0,0
0,0,0,0,0,1.0,1.0,1,1,0,0,1,0,0,1,1,1.0,0.0,0,230,230,1,0,0,1,0,109,0
12,0,0,0,0,1.0,1.0,1,1,0,0,1,0,1,1,1,1.0,0.0,0,110,110,1,0,0,1,0,33,0
25,15,3,4,27,5.8,5.8,29,5,0,0,29,0,22,0,51,1.0,0.0,0,214,214,5,0,0,5,0,0,0
3,10,1,0,13,1.0,3.571429,1,1,4,0,25,0,8,1,21,0.6,0.8888889999999999,0,96,272,7,0,0,7,0,0,0
0,0,0,0,0,1.0,1.0,1,1,0,0,5,0,1,0,5,0.0,1.0,0,14,34,5,0,0,5,0,3,0
34,21,0,38,89,6.225,5.953488,249,40,1,0,256,0,38,10,302,0.340244,0.9444440000000001,0,1348,1400,43,0,0,43,0,1,1
0,0,0,0,0,0.0,1.0,0,0,0,0,6,0,0,0,6,0.2,0.8,0,1,31,6,0,0,7,0,0,0
0,0,0,0,0,1.0,1.142857,2,2,0,0,8,0,1,0,7,0.3,1.0,0,20,63,7,0,0,7,0,0,0
20,36,3,105,80,3.833333,3.175325,414,108,13,1,489,1,30,20,248,0.272109,0.984425,0,2378,2792,154,0,0,154,0,9,1
19,21,5,36,51,5.243243,3.8909089999999997,194,37,3,0,214,0,20,0,120,0.439626,0.9644440000000001,0,1179,1299,55,0,0,55,0,0,1
0,0,0,3,0,1.0,1.285714,3,3,0,0,9,0,0,0,7,0.23809499999999997,0.777778,0,45,79,7,0,0,7,0,0,0
0,0,0,0,0,1.0,1.0,1,1,0,0,5,0,0,0,5,0.0,1.0,1,35,63,5,0,0,5,0,0,0
0,0,0,0,0,1.0,1.0,1,1,0,0,11,0,0,0,11,0.11111099999999999,0.9,1,47,117,11,0,0,11,0,0,0
15,25,1,21,46,4.142857,3.4,87,21,6,5,102,5,22,3,93,0.073892,0.9729059999999999,0,2297,2396,30,0,0,30,0,4,1
0,0,0,0,0,1.0,1.0,1,1,0,0,7,0,1,0,7,0.0,1.0,1,53,101,7,0,0,7,0,0,0
0,1,0,0,1,1.0,1.0,2,2,0,0,8,0,1,0,14,0.2,1.0,0,18,48,8,0,0,8,0,3,0
17,2,2,7,14,23.857143,23.857143,167,7,0,7,167,7,2,0,38,0.3,0.833333,0,1217,1217,7,0,0,7,0,1,1
0,0,0,0,0,1.0,1.0,2,2,0,0,12,0,0,0,12,0.11111099999999999,0.909091,1,55,125,12,0,0,12,0,0,0
0,0,0,0,0,1.0,1.0,1,1,0,0,7,0,0,0,7,0.0,1.0,1,49,91,7,0,0,7,0,0,0
28,13,4,8,61,24.111110999999998,24.111110999999998,217,9,1,0,217,0,16,1,85,0.333333,0.9285709999999999,0,2412,2412,9,0,0,9,0,1,1
0,0,0,0,0,1.0,1.0,2,2,0,0,8,0,0,0,8,0.2,0.857143,1,39,81,8,0,0,8,0,0,0
27,35,7,69,71,3.628571,3.107527,254,70,7,6,289,6,38,0,202,0.347339,0.961792,0,1324,1494,93,0,0,93,0,8,1
34,9,3,7,23,25.857143,25.857143,181,7,11,4,181,4,25,0,134,0.0,1.0,0,5126,5126,7,0,0,7,0,2,1
34,11,4,8,25,23.125,23.125,185,8,11,5,185,5,25,0,134,0.0,1.0,0,5349,5349,8,0,0,8,0,2,1
3,2,0,2,2,1.0,1.0,2,2,0,0,2,0,5,0,6,0.0,0.0,0,14,14,2,0,0,2,0,0,0
2,4,0,3,4,1.0,1.0,4,4,0,0,10,0,7,0,20,0.166667,0.8611110000000001,0,33,78,10,0,0,10,0,0,0
0,0,5,0,0,1.0,1.0,1,1,0,0,23,0,0,1,23,0.044118,0.9685309999999999,0,69,292,23,0,0,23,0,2,0
0,0,0,0,0,0.0,1.0,0,0,0,0,22,0,0,0,22,0.047619,0.960317,0,8,224,22,0,0,23,0,1,0
0,0,0,0,0,0.0,1.0,0,0,0,0,10,0,0,0,10,0.11111099999999999,0.9722219999999999,0,9,89,10,0,0,11,0,3,0
0,0,0,0,0,1.0,1.0,1,1,0,0,15,0,0,0,15,0.076923,0.980519,0,3,115,15,0,0,15,0,4,0
0,0,0,0,0,0.0,1.0,0,0,0,0,8,0,0,0,8,0.14285699999999998,0.9523809999999999,0,6,70,8,0,0,9,0,2,0
110,38,5,58,103,4.913793,4.026667,285,58,1,1,302,1,43,0,264,0.40289899999999995,0.926126,0,1767,1890,75,0,0,75,0,1,1
90,39,13,63,96,4.421875,3.682927,283,64,0,0,302,0,48,1,249,0.41396000000000005,0.905783,0,1678,1817,82,0,0,82,0,0,1
19,22,13,34,55,3.184211,3.184211,121,38,1,0,121,0,99,0,212,0.45849799999999996,0.9226040000000001,0,1241,1241,38,0,0,38,0,6,1
36,23,38,41,53,5.837209,5.837209,251,43,4,0,251,0,94,0,210,0.333333,0.94958,0,1958,1958,43,0,0,43,0,2,1
0,1,2,36,2,3.277778,3.277778,118,36,0,34,118,36,1,0,38,0.0017829999999999999,0.985714,0,818,818,36,2,0,34,2,2,0
0,1,0,0,2,3.0,1.222222,3,1,0,0,11,0,1,0,11,0.0,1.0,0,10,34,9,0,0,9,0,0,0
0,0,0,0,0,1.0,1.0,1,1,0,0,13,0,0,0,13,0.090909,0.916667,0,7,67,13,0,0,13,0,0,0
0,0,0,0,0,1.0,1.0,1,1,0,0,11,0,0,0,11,0.11111099999999999,0.9,0,2,52,11,0,0,11,0,0,0
0,0,0,0,0,0.0,1.0,0,0,0,0,14,0,0,0,14,0.076923,0.923077,0,68,68,14,0,0,15,0,0,0
0,0,0,0,0,0.0,1.0,0,0,0,0,14,0,0,0,14,0.076923,0.923077,0,68,68,14,0,0,15,0,0,0
36,23,0,8,57,5.555556,5.555556,50,9,0,0,50,0,26,0,75,0.642857,0.78125,0,429,429,9,0,0,9,0,3,1
8,21,0,1,137,67.5,45.333333,135,2,0,0,136,0,22,0,140,1.0,0.9722219999999999,0,407,413,3,0,0,3,0,2,1
0,0,0,0,0,0.0,1.0,0,0,0,0,4,0,0,0,4,0.333333,0.666667,0,0,20,4,0,0,5,0,0,0
0,0,0,0,0,0.0,1.0,0,0,0,0,6,0,0,0,6,0.2,0.8,0,28,28,6,0,0,7,0,0,0
0,0,1,0,0,1.0,1.0,1,1,0,0,1,0,0,0,1,1.0,0.0,0,69,69,1,0,0,1,0,17,0
0,0,1,0,0,1.0,1.0,1,1,0,0,1,0,0,0,1,1.0,0.0,0,79,79,1,0,0,1,0,42,0
0,0,0,0,0,0.0,1.0,0,0,0,0,14,0,0,0,14,0.076923,0.923077,0,59,59,14,0,0,15,0,0,0
0,0,0,0,0,0.0,1.0,0,0,0,0,42,0,1,0,42,0.024390000000000002,0.984991,0,204,204,42,0,0,43,0,5,0
0,0,0,0,0,0.0,1.0,0,0,0,0,14,0,0,0,14,0.076923,0.923077,0,59,59,14,0,0,14,0,0,0
13,19,18,50,94,2.6274509999999998,2.5961540000000003,134,51,1,1,135,1,29,11,162,0.272727,0.966084,0,1315,1320,52,0,0,46,0,23,1
0,5,0,0,7,8.0,8.0,8,1,3,0,8,0,2,0,8,1.0,0.0,0,117,117,1,0,0,1,0,10,0
0,8,0,0,8,1.0,1.0,1,1,0,0,9,0,10,0,17,0.0,1.0,0,7,47,9,0,0,9,0,0,0
0,1,0,0,4,1.0,1.0,1,1,0,0,7,0,1,0,11,0.0,1.0,1,11,41,7,0,0,7,0,0,0
0,0,0,0,0,1.0,1.0,1,1,0,0,4,0,0,0,4,0.0,1.0,0,7,22,4,0,0,4,0,0,0
28,32,29,39,78,3.75,3.822222,150,40,4,0,172,0,35,0,155,0.161905,0.957168,0,1029,1134,45,0,1,44,1,6,1
1,4,0,8,3,1.111111,1.111111,10,9,0,0,10,0,12,0,20,0.0,0.0,0,82,82,9,0,0,9,0,0,0
0,0,0,0,0,1.0,1.222222,1,1,0,0,11,0,2,0,9,0.28571399999999997,0.875,0,43,43,9,0,0,9,0,0,0
0,0,0,2,0,1.25,1.125,5,4,0,0,9,0,0,0,8,0.333333,0.857143,1,20,40,8,0,0,8,0,0,0
0,0,1,3,0,1.166667,1.166667,7,6,0,0,7,0,0,2,6,1.0,0.9,0,33,33,6,0,0,6,0,1,0
0,0,0,0,0,1.0,1.0,2,2,0,0,5,0,0,0,5,0.0,1.0,0,41,56,5,0,0,5,0,4,0
0,0,0,0,0,1.0,1.0,1,1,0,0,8,0,0,0,8,0.0,1.0,0,12,47,8,0,0,8,0,0,0
4,3,0,0,4,2.0,1.25,4,2,0,0,10,0,13,0,58,0.0,0.0,0,21,85,8,0,0,8,0,0,0
2,1,0,4,2,1.6,1.12,8,5,0,1,28,1,3,0,29,0.202899,0.882576,0,114,214,25,0,0,25,0,1,0
6,1,0,0,2,1.0,1.0,1,1,0,0,7,0,15,0,55,0.0,0.0,0,3,77,7,0,0,7,0,0,0
6,1,0,0,2,1.0,1.0,1,1,0,0,7,0,14,0,55,0.0,0.0,0,3,76,7,0,0,7,0,0,0
14,27,1,49,49,3.960784,2.504762,202,51,0,16,263,16,38,2,154,0.04601,0.9930469999999999,0,1339,1950,105,0,0,105,0,25,1
0,1,0,0,1,1.0,1.0,1,1,0,0,1,0,3,0,12,1.0,0.0,0,38,38,1,0,0,1,0,15,0
0,1,0,1,1,1.0,1.0,3,3,0,0,12,0,2,0,13,0.0,1.0,0,57,147,12,0,0,12,0,0,0
63,20,1,25,56,8.307692,4.174603,216,26,0,6,263,6,23,6,168,0.311475,0.9595309999999999,0,1079,1562,63,0,0,63,0,16,1
126,50,4,45,178,7.282609,5.8125,335,46,1,2,372,2,93,4,555,0.330216,0.955267,0,1395,1635,64,0,0,64,0,0,1
163,60,0,50,227,7.117647,5.171053,363,51,4,0,393,0,65,11,420,0.405045,0.9610879999999999,0,2147,2345,76,0,0,76,0,2,1
26,20,1,32,47,7.352941,6.5,250,34,3,2,273,2,29,14,167,0.356275,0.924216,0,1371,1513,42,0,0,42,0,1,1
169,35,9,108,133,5.858333,5.338129,703,120,1,24,742,24,39,21,302,0.468492,0.977158,0,3336,3585,139,0,1,138,1,4,1
13,20,2,34,30,2.432432,2.325,90,37,4,4,93,4,21,3,78,0.011765000000000001,1.0,0,1062,1093,40,0,0,40,0,15,0
35,50,6,40,91,3.9761900000000003,3.4905660000000003,167,42,18,4,185,4,39,0,168,0.262626,0.9714,0,1951,2060,53,0,0,53,0,12,1
47,33,10,64,105,3.7230769999999995,3.282353,242,65,6,2,279,2,54,4,350,0.23843000000000003,0.977891,0,1901,2167,85,0,0,85,0,20,1
27,21,5,94,70,3.114583,2.854701,299,96,2,0,334,0,25,17,208,0.409842,0.968032,0,2424,2711,117,0,0,117,0,4,1
0,1,0,0,1,1.0,1.0,1,1,0,0,1,0,3,0,42,1.0,0.0,0,13,13,1,0,0,1,0,7,0
0,1,0,0,1,1.0,1.0,1,1,0,0,1,0,3,0,42,1.0,0.0,0,33,33,1,0,0,1,0,21,0
0,1,0,0,1,1.0,1.0,1,1,0,0,1,0,3,0,42,1.0,0.0,0,67,67,1,0,0,1,0,19,0
0,1,0,0,1,1.0,1.0,1,1,0,0,1,0,3,0,42,1.0,0.0,0,42,42,1,0,0,1,0,8,0
0,1,0,0,1,1.0,1.0,1,1,0,0,1,0,3,0,42,1.0,0.0,0,13,13,1,0,0,1,0,6,0
14,30,4,37,80,3.051282,2.869565,119,39,0,1,132,1,40,7,217,0.41538500000000006,0.959259,0,997,1091,46,0,0,46,0,1,1
18,20,33,45,48,5.978261,5.978261,275,46,0,3,275,3,24,0,102,0.318182,0.9444440000000001,0,1837,1837,46,0,0,46,0,1,1
0,0,0,0,0,1.0,1.0,2,2,0,0,8,0,0,0,23,0.6,0.714286,1,23,64,8,0,0,8,0,0,0
0,0,0,0,0,1.0,1.0,2,2,0,0,7,0,0,0,22,0.4,0.833333,1,24,57,7,0,0,7,0,0,0
64,17,50,64,54,7.848485,7.848485,518,66,1,4,518,4,22,0,126,0.230769,0.921795,0,3363,3363,66,0,0,66,0,2,1
8,0,1,0,0,1.0,1.0,1,1,0,0,1,0,3,0,1,1.0,0.0,0,270,270,1,0,0,1,0,10,0
0,0,1,0,0,1.0,1.0,1,1,2,0,1,0,0,0,1,1.0,0.0,0,41,41,1,0,0,1,0,7,0
30,22,3,25,40,5.033333,4.315789,151,30,1,2,164,2,49,1,174,0.326437,0.9054049999999999,0,989,1075,38,0,0,38,0,5,1
26,23,3,29,42,6.53125,5.018519,209,32,1,5,271,5,44,1,158,0.44237600000000005,0.766038,0,1257,1614,54,0,3,51,3,2,1
71,16,11,19,51,9.45,8.347826,189,20,0,0,192,0,21,0,86,0.49090900000000004,0.8272729999999999,0,1030,1054,23,0,0,23,0,0,1
119,67,0,30,140,13.032258,13.0,404,31,8,0,442,0,74,22,219,0.501894,0.692037,0,2410,2633,34,0,0,34,0,13,1
0,0,0,0,0,1.0,1.0,1,1,0,0,14,0,1,0,14,0.0,0.876923,0,4,121,14,0,0,14,0,0,0
0,0,0,1,0,1.0,1.0,2,2,0,0,10,0,0,0,10,0.333333,0.777778,0,26,74,10,0,0,10,0,0,0
8,9,8,12,12,7.461538000000001,7.0,97,13,4,2,98,2,8,0,40,0.3,0.8461540000000001,0,1154,1176,14,0,0,14,0,1,1
87,37,22,29,85,12.066667,11.575758,362,30,8,0,382,0,42,0,161,0.577778,0.787716,0,3455,3563,33,0,0,33,0,7,1
28,8,8,9,20,29.2,26.636364,292,10,0,0,293,0,13,0,43,1.0,0.722222,0,1248,1257,11,0,0,11,0,4,1
10,2,16,28,5,6.1,4.642857,183,30,0,9,195,9,2,0,47,0.224638,0.978771,0,986,1055,42,0,7,35,7,29,1
47,10,0,42,36,7.488372,7.488372,322,43,0,7,322,7,37,0,183,0.06387899999999999,0.833333,0,1527,1527,43,0,0,43,0,0,1
89,30,2,10,90,14.636364000000002,14.636364000000002,161,11,0,1,161,1,77,0,427,0.0,0.0,0,1147,1147,11,0,0,11,0,0,1
100,38,16,55,152,7.035088000000001,6.298507,401,57,0,1,422,1,56,0,268,0.414966,0.9196129999999999,0,2100,2216,67,0,0,67,0,1,1
68,19,11,29,63,12.916667,12.648649,465,36,0,2,468,2,56,1,219,0.005848,1.0,0,1825,1836,37,0,0,37,0,0,1
181,28,1,8,69,56.0,50.8,504,9,0,4,508,4,68,0,237,0.277778,0.8444440000000001,0,2043,2084,10,0,0,10,0,67,1
332,50,27,85,193,8.081395,8.081395,695,86,0,2,695,2,108,0,755,0.005445,0.968627,0,4973,4973,86,0,0,86,0,3,1
2,0,0,5,0,1.142857,1.05,8,7,0,0,21,0,2,2,20,0.130719,0.942105,0,32,99,20,0,0,20,0,0,0
79,32,0,64,75,5.5074629999999996,4.814815,369,67,0,7,390,7,48,1,163,0.43956000000000006,0.9566959999999999,0,1731,1854,81,0,0,81,0,13,1
123,41,8,13,99,14.411764999999999,13.526316,245,17,0,3,257,3,52,0,181,0.28571399999999997,1.0,0,1217,1268,19,0,0,19,0,0,1
0,0,0,0,0,1.0,1.0,2,2,0,0,3,0,1,0,3,1.0,1.0,0,33,47,3,0,0,3,0,8,0
77,31,0,17,77,9.0,9.0,198,22,0,3,198,3,57,0,224,0.073529,0.9523809999999999,0,1261,1261,22,0,0,22,0,0,1
63,25,1,34,42,3.972222,2.5970150000000003,143,36,0,6,174,6,36,0,123,0.15625,0.972348,0,849,1012,67,0,0,67,0,9,1
123,49,1,72,158,6.7945210000000005,6.7945210000000005,496,73,0,0,496,0,73,1,396,0.006036,0.9444440000000001,0,6908,6908,73,0,0,73,0,1,1
25,15,0,50,43,4.235294000000001,3.704918,216,51,1,0,226,0,21,0,110,0.23502800000000001,0.960606,0,1544,1606,61,0,0,61,0,1,1
0,0,1,0,0,1.0,1.0,1,1,0,0,1,0,0,0,1,1.0,0.0,0,65,65,1,0,0,1,0,57,0
22,25,7,13,70,8.928571,8.176471000000001,125,14,2,1,139,1,28,8,140,0.194444,0.947917,0,933,1040,17,0,0,17,0,5,1
27,26,4,76,77,2.441558,2.196429,188,77,1,5,246,5,34,9,229,0.103862,0.993721,0,1321,1626,112,0,0,111,0,65,1
0,0,0,0,0,0.0,1.0,0,0,0,0,6,0,1,0,6,0.2,0.8,0,1,52,6,0,0,6,0,0,0
37,32,8,41,55,7.651163,6.903846000000001,329,43,10,8,359,9,28,3,125,0.283391,0.9707389999999999,0,2982,3148,52,1,2,49,3,33,1
0,0,1,0,0,1.0,1.0,1,1,0,0,1,0,0,0,1,1.0,0.0,1,43,43,1,0,0,1,0,10,0
32,18,1,25,65,6.346154,5.515152,165,26,3,0,182,0,24,17,145,0.301075,0.956782,0,1668,1801,33,0,2,31,2,21,1
20,9,1,28,42,8.25,8.066667,231,28,0,0,242,0,15,22,75,0.28325100000000003,0.951933,0,1380,1421,30,0,0,30,0,16,1
46,12,3,42,82,5.046512,4.283019,217,43,0,1,227,1,25,4,138,0.477891,0.951442,0,1562,1662,53,0,0,53,0,14,1
70,27,7,41,66,6.047619,5.326531,254,42,0,0,261,0,37,10,130,0.404878,0.958965,0,1961,2030,49,0,3,46,3,18,1
0,0,0,0,0,1.0,1.0,1,1,0,0,9,0,0,0,9,0.14285699999999998,0.875,0,6,118,9,0,0,9,0,0,0
0,0,0,0,0,1.0,1.0,5,5,0,0,21,0,0,0,21,0.06666699999999999,0.95,0,121,335,21,0,0,21,0,0,0
23,15,14,52,31,3.678571,3.583333,206,56,2,0,215,0,43,11,348,0.337979,0.9152540000000001,0,1339,1399,60,0,0,60,0,1,1
0,0,0,0,0,1.0,1.0,5,5,0,0,11,0,0,0,11,0.0,1.0,0,77,127,11,0,0,11,0,0,0
0,1,0,0,3,1.0,1.0,4,4,0,0,16,0,1,0,19,0.090909,0.933333,0,108,214,16,0,0,16,0,0,0
142,68,78,112,161,6.324561,6.075,721,114,3,0,729,0,84,13,345,0.4,0.9830530000000001,0,4115,4156,120,0,1,119,1,40,1
146,16,1,9,26,16.2,15.0,162,10,0,1,165,1,24,1,39,0.47222200000000003,1.0,0,1624,1648,11,0,0,11,0,96,1
5,1,0,0,1,2.0,1.75,6,3,0,0,21,0,1,0,25,0.611111,0.681818,0,17,131,12,0,0,12,0,0,0
49,16,7,15,23,11.0,10.55,176,16,1,0,211,0,17,0,52,0.48484799999999995,0.908587,0,852,1078,20,0,0,20,0,12,1
13,10,5,16,18,8.352941,8.352941,142,17,1,0,142,0,17,0,42,0.454545,0.8860290000000001,0,1128,1128,17,0,0,17,0,3,1
174,54,7,54,137,8.418182,7.6666669999999995,463,55,9,0,483,0,78,0,231,0.375758,0.9727520000000001,0,4361,4491,63,0,1,62,1,49,1
0,1,0,1,1,1.0,1.0,1,1,0,1,1,1,1,0,2,1.0,0.0,0,8,8,1,0,0,1,0,0,0
0,0,0,1,0,1.5,1.166667,3,2,0,0,7,0,0,0,6,0.2,0.9,0,18,38,6,0,0,6,0,0,0
0,0,0,1,0,1.0,1.0,1,1,0,0,1,0,1,0,1,1.0,0.0,0,16,16,1,0,0,2,0,0,0
5,15,0,7,32,6.538462,3.666667,85,13,12,0,99,0,15,3,103,0.22380999999999998,0.951417,0,1413,1469,27,0,1,26,1,1,0
0,3,0,0,12,3.0,3.0,3,1,1,0,3,0,2,0,13,1.0,0.0,1,232,232,1,0,0,1,0,0,0
11,8,8,20,20,4.0,3.068966,80,20,1,0,89,0,17,0,93,0.261905,0.909226,0,506,541,29,0,0,29,0,1,1
16,15,8,34,44,5.888889,5.888889,212,36,3,32,212,32,14,0,90,0.113846,0.914286,0,1485,1485,36,0,0,36,0,1,1
91,47,43,76,118,7.0,6.144444,539,77,4,1,553,1,52,0,260,0.416425,0.948262,0,3175,3392,90,0,0,90,0,12,1
54,21,13,19,50,11.25,10.761905,225,20,0,3,226,3,25,0,113,0.428571,0.953571,0,1191,1201,21,0,0,21,0,6,1
16,25,4,60,34,2.3870970000000002,2.0,148,62,5,1,176,1,30,1,132,0.14694400000000002,0.985925,0,1063,1210,88,0,0,88,0,13,1
1,2,1,1,2,2.0,2.0,2,1,0,0,2,0,2,0,3,1.0,0.0,0,10,10,1,0,0,2,0,0,0
58,48,5,134,135,2.805755,2.482587,390,139,8,2,499,2,59,9,470,0.106476,0.983611,0,2855,3652,201,0,11,190,11,10,1
51,31,6,18,58,12.5,9.034483,250,20,3,1,262,1,31,0,128,0.471429,0.947368,0,1005,1101,29,0,2,27,2,13,1
53,41,14,38,110,8.833333,8.355556,371,42,1,4,376,4,47,5,263,0.378917,0.8279219999999999,0,1538,1564,45,0,0,45,0,1,1
66,37,28,39,67,5.275,5.275,211,40,4,1,211,1,47,0,210,0.381818,0.9435899999999999,0,1353,1353,40,0,0,40,0,4,1
0,4,1,3,4,1.0,1.0,4,4,2,1,5,1,2,0,9,0.0,1.0,0,57,61,5,0,1,4,1,1,0
0,1,0,1,1,7.0,7.0,7,1,0,0,7,0,1,0,2,1.0,0.0,0,24,24,1,0,0,2,0,0,0
0,0,0,4,0,1.0,1.0,4,4,0,0,8,0,0,0,8,0.14285699999999998,0.857143,0,5,17,8,0,0,9,0,0,0
0,0,0,0,0,1.0,1.0,1,1,0,0,4,0,0,0,4,0.0,1.0,0,20,45,4,0,0,4,0,7,0
7,19,10,53,52,4.089286,3.859375,229,56,2,1,247,1,51,7,241,0.088627,0.9658120000000001,0,1286,1371,64,0,0,64,0,5,1
25,35,9,20,57,3.047619,2.6538459999999997,64,21,24,0,69,0,28,1,129,0.383333,0.9485709999999999,0,1058,1079,26,0,0,26,0,2,1
0,0,0,0,0,1.0,1.0,1,1,0,0,11,0,1,0,11,0.11111099999999999,0.9,1,27,27,11,0,0,11,0,0,0
14,20,3,39,56,2.875,2.595745,115,40,14,0,122,0,28,4,115,0.398671,0.917391,0,965,1008,47,0,0,47,0,2,1
146,60,23,29,76,2.4,2.3870970000000002,72,30,34,0,74,0,47,0,116,0.428571,0.9818180000000001,0,1858,1881,31,0,0,31,0,2,1
8,7,0,16,9,2.111111,1.8695650000000001,38,18,0,0,43,0,10,1,38,0.785714,0.779221,0,440,510,23,0,0,23,0,2,1
0,0,0,0,0,1.0,1.0,3,3,0,0,3,0,1,0,3,1.0,1.0,0,38,38,3,0,0,3,0,3,0
0,0,0,0,0,1.0,1.0,1,1,0,0,1,0,4,0,1,1.0,0.0,0,57,57,1,0,0,1,0,0,0
26,17,4,23,39,5.96,5.6666669999999995,149,25,1,1,153,4,31,5,162,0.490476,0.954094,0,1014,1032,27,3,4,20,7,19,1
0,0,0,0,0,1.0,1.0,1,1,0,0,7,0,1,0,7,0.0,1.0,0,53,106,7,0,0,7,0,0,0
0,0,0,0,0,1.0,1.0,1,1,0,0,9,0,0,0,9,0.14285699999999998,0.875,0,6,118,9,0,0,9,0,0,0
0,0,0,0,0,1.0,1.0,5,5,0,0,11,0,0,0,11,0.0,1.0,0,92,142,11,0,0,11,0,0,0
26,18,14,66,62,4.686567,4.951807,314,67,2,2,411,2,21,13,155,0.392888,0.9534370000000001,0,2997,3547,83,0,2,81,2,3,1
20,12,3,14,23,6.0,5.411765,90,15,0,1,92,1,24,4,240,0.346154,0.9365379999999999,0,1031,1052,17,0,0,17,0,24,1
12,16,3,36,35,6.1081080000000005,5.846154,226,37,1,3,228,3,25,6,220,0.334454,0.966507,0,1676,1699,39,0,0,39,0,3,1
0,0,0,0,0,1.0,1.0,2,2,0,0,10,0,0,0,10,0.14285699999999998,0.933333,0,78,182,10,0,0,10,0,1,0
13,10,1,32,17,3.558824,3.1333330000000004,121,34,0,0,141,0,12,1,69,0.44367,0.913636,0,1157,1404,45,0,1,44,1,0,1
0,0,0,1,0,1.0,1.0,2,2,0,0,3,0,0,0,3,1.0,0.5,0,14,22,3,0,0,3,0,0,0
1,2,0,4,5,1.4,1.133333,7,5,0,0,17,0,3,0,21,0.21978000000000003,0.867347,0,53,147,15,0,0,15,0,0,0
4,1,1,0,1,1.0,1.0,1,1,0,0,1,0,2,0,4,1.0,0.0,0,38,38,1,0,0,1,0,10,0
5,1,1,0,1,1.0,1.0,1,1,0,0,1,0,2,0,4,1.0,0.0,0,32,32,1,0,0,1,0,9,0
4,1,1,0,1,1.0,1.0,1,1,0,0,1,0,2,0,4,1.0,0.0,0,43,43,1,0,0,1,0,9,0
3,1,1,0,1,1.0,1.0,1,1,0,0,1,0,2,0,4,1.0,0.0,0,29,29,1,0,0,1,0,8,0
9,1,1,0,1,1.0,1.0,1,1,0,0,1,0,2,0,4,1.0,0.0,0,105,105,1,0,0,1,0,27,0
0,3,0,10,5,1.090909,1.0714290000000002,12,11,0,1,15,1,4,0,19,0.076923,0.9038459999999999,0,174,214,14,0,0,14,0,0,0
6,2,0,8,2,1.0,1.0,8,8,0,0,8,0,4,0,10,0.0,0.0,0,83,83,8,0,8,0,8,0,0
0,0,0,0,0,0.0,1.0,0,0,0,0,3,0,3,0,9,0.0,1.0,0,15,35,3,0,0,3,0,3,0
0,0,0,0,0,0.0,1.0,0,0,0,0,3,0,2,0,9,0.0,1.0,0,16,37,3,0,0,3,0,3,0
14,20,7,52,85,4.207547,3.615385,223,53,0,0,235,0,26,6,166,0.260652,0.9263389999999999,0,1489,1600,65,0,51,10,51,2,1
0,1,0,0,1,2.0,1.888889,2,1,0,0,17,0,2,0,10,1.0,0.1875,0,11,153,9,0,0,9,0,1,0
0,1,0,3,1,1.0,1.0,4,4,0,0,4,0,2,0,5,0.333333,0.666667,0,17,17,4,0,0,4,0,0,0
1,3,0,1,3,3.0,3.0,3,1,0,0,3,0,12,0,19,1.0,0.0,0,19,19,1,0,0,1,0,1,0
0,0,0,0,0,1.0,1.0,1,1,0,0,5,0,0,0,5,0.333333,0.75,0,3,15,5,0,0,5,0,0,0
0,0,0,0,0,1.0,1.0,1,1,0,0,11,0,0,0,11,0.177778,0.85,1,23,23,11,0,0,11,0,0,0
0,0,0,0,0,1.0,1.0,1,1,3,0,7,0,0,0,7,0.2,0.833333,0,65,83,7,0,0,7,0,0,0
0,0,0,0,0,0.0,1.0,0,0,0,0,8,0,0,0,8,0.14285699999999998,0.857143,1,18,18,8,0,0,8,0,0,0
0,0,0,0,0,1.0,1.0,1,1,0,0,13,0,0,0,13,0.090909,0.916667,1,30,30,13,0,0,13,0,0,0
0,0,0,0,0,0.0,1.0,0,0,0,0,10,0,1,0,14,0.2,0.833333,0,48,48,10,0,0,11,0,0,0
0,0,0,0,0,6.0,1.625,6,1,0,0,13,0,0,0,8,0.047619,0.97619,0,31,52,8,0,0,8,0,0,0
0,0,0,0,0,1.0,1.0,2,2,0,0,14,0,0,0,14,0.090909,0.923077,0,52,52,14,0,0,14,0,0,0
0,0,0,0,0,0.0,1.0,0,0,0,0,6,0,0,0,6,0.2,0.8,0,15,15,6,0,0,6,0,0,0
0,0,0,0,0,1.0,1.153846,1,1,0,0,15,0,0,0,13,0.151515,0.8888889999999999,0,57,57,13,0,0,13,0,0,0
0,0,0,0,0,0.0,1.0,0,0,0,0,10,0,0,0,10,0.11111099999999999,0.8888889999999999,0,22,22,10,0,0,11,0,0,0
0,0,0,0,0,0.0,1.0,0,0,0,0,1,0,0,0,1,1.0,0.0,0,10,20,1,0,0,1,0,1,0
3,17,3,38,35,2.5365849999999996,2.2352939999999997,104,41,0,0,152,0,29,5,163,0.12903199999999998,0.964791,0,1078,1541,68,0,0,68,0,13,1
7,8,3,7,9,2.857143,2.857143,20,7,0,1,20,7,9,0,20,0.0,0.0,0,135,135,7,6,0,1,6,0,0
0,2,0,2,2,1.25,1.166667,5,4,0,0,7,0,3,0,8,0.666667,0.85,0,38,54,6,0,0,6,0,1,0
0,0,0,0,0,1.0,1.0,1,1,0,0,5,0,0,0,5,0.333333,0.75,0,8,44,5,0,0,5,0,0,0
14,15,2,49,40,2.326531,2.178571,114,49,2,16,122,16,17,0,102,0.25995799999999997,0.9717870000000001,0,1057,1099,56,0,7,50,7,18,1
1,3,0,2,2,1.0,1.0,2,2,0,0,2,0,24,0,79,0.0,1.0,0,54,54,2,0,0,3,0,1,0
5,10,0,7,16,3.5,1.7241380000000002,28,8,0,0,50,0,22,4,110,0.259259,0.96131,0,322,533,29,0,0,29,0,2,0
0,0,0,2,0,1.333333,1.045455,4,3,0,0,23,0,1,0,22,0.1,0.9880950000000001,0,44,161,22,0,0,22,0,6,0
6,5,0,18,7,1.3157889999999999,1.3157889999999999,25,19,0,0,25,0,25,0,28,0.006536,1.0,0,94,94,19,0,0,19,0,1,0
0,2,0,0,1,1.0,1.0,1,1,0,0,1,0,784,0,888,1.0,0.0,0,27,27,1,0,0,1,0,1,0
0,0,0,0,0,1.0,1.0,1,1,0,0,5,0,1,0,5,0.0,1.0,0,30,70,5,0,0,5,0,1,0
124,23,0,82,88,5.743901999999999,4.780952,471,82,0,0,502,0,106,1,1108,0.041208999999999996,0.98803,0,1595,1747,105,0,0,106,0,26,1
84,13,0,44,44,6.555556,4.970149,295,45,0,0,333,0,105,3,1110,0.128671,0.995511,0,1493,1692,67,0,1,66,1,39,1
1,1,0,1,0,1.0,1.0,2,2,0,0,3,0,2,0,4,1.0,0.833333,1,16,22,3,0,0,3,0,0,0
2,4,1,4,6,2.0,1.129032,8,4,0,1,35,1,7,0,37,0.045977,0.9595239999999999,0,44,287,31,0,0,32,0,0,0
9,33,0,93,103,4.915789,4.81,467,95,0,7,481,7,36,14,212,0.500947,0.956083,0,3446,3545,100,0,30,70,30,3,1
39,33,12,43,50,6.159091,4.966667,271,44,1,0,298,0,37,1,144,0.26364499999999996,0.9551350000000001,0,1866,2091,60,0,0,60,0,5,1
0,0,0,0,0,2.0,1.166667,2,1,0,0,7,0,2,0,6,0.0,1.0,0,55,107,6,0,0,6,0,3,0
0,0,0,0,0,0.0,2.0,0,0,0,0,2,0,2,0,1,1.0,0.0,0,1,17,1,0,0,1,0,0,0
0,2,0,0,2,2.0,2.0,2,1,0,0,4,0,10,0,37,1.0,1.0,0,93,105,2,0,0,2,0,1,0
0,0,8,74,0,10.589744,10.589744,826,78,0,0,826,8,1,10,78,0.010723,0.993506,0,2200,2200,78,8,65,5,73,8,0
0,3,0,1,5,3.0,3.0,6,2,0,0,6,0,47,1,7,1.0,1.0,0,25,25,2,0,0,2,0,0,0
0,0,0,0,0,1.0,1.0,1,1,0,0,1,0,2,0,1,1.0,0.0,1,8,8,1,0,0,1,0,0,0
44,77,0,392,156,2.378173,2.374684,937,394,0,386,938,387,94,2,584,0.000169,1.0,0,4124,4130,395,1,0,394,1,138,1
0,0,0,0,0,1.0,1.0,1,1,0,0,1,0,0,0,1,1.0,0.0,0,7,7,1,0,0,1,0,0,0
0,0,0,0,0,1.0,1.0,4,4,0,0,4,0,0,0,4,1.0,0.0,0,18,18,4,0,0,4,0,0,0
86,50,5,23,57,4.461538,3.6470589999999996,116,26,0,0,124,0,58,1,169,0.48,0.903581,0,972,1042,34,0,0,34,0,0,1
