NOP_method,NOLV_method,AMW_type,LOCNAMM_type,LOC_type,CFNAMM_type,AMWNAMM_type,LCOM5_type,NOAV_method,TCC_type,LOC_package,NIM_type,NOM_package,NOMNAMM_package,RFC_type,LOC_method,WMC_type,WMCNAMM_type,NOCS_package,ATLD_method,CDISP_method,NOM_type,is_long_parameters_list
0,0,1.8125,172,221,406,2.0,0.9611111109999999,6.0,0.177777778,229,50.91351351,16,9,34,8,29,18,6,3.0,0.0,16,0
0,0,1.0,16,16,0,1.0,0.5,1.0,1.0,4223,0.0,240,198,3,3,3,3,38,1.0,0.0,3,0
1,1,2.219512195,1669,1957,51801,2.489361702,0.9921068609999999,1.0,0.012612613,4223,77.0,240,198,571,2,273,234,38,0.0,1.0,123,0
0,0,1.0,206,288,0,1.0,1.010989011,0.0,0.0,6037,50.91351351,728,523,92,1,92,71,34,0.0,0.0,92,0
1,1,1.0,12,12,0,1.0,0.0,2.0,0.0,6037,0.0,728,523,4,3,3,3,34,0.0,1.0,3,0
1,1,1.0,40,40,0,1.0,0.0,0.0,0.0,6037,50.91351351,728,523,18,1,18,18,34,0.0,0.0,18,0
0,0,2.625,132,132,386,2.625,0.7857142859999999,0.0,0.47619047600000003,5031,15.0,435,380,45,3,21,21,74,0.0,0.0,8,0
1,1,1.0,31,31,16,1.0,1.0,0.0,0.0,5031,0.0,435,380,6,3,4,4,74,0.0,0.0,4,0
2,4,1.6666666669999999,33,33,20,1.6666666669999999,1.166666667,7.0,1.0,5031,0.0,435,380,5,13,5,5,74,3.0,0.5,3,0
2,2,1.0,2,7,0,1.0,0.0,0.0,0.0,1339,50.91351351,136,108,5,1,5,2,18,0.0,0.0,5,0
0,0,3.470588235,220,235,346,3.733333333,0.916666667,1.0,0.090909091,6298,0.0,410,322,32,3,59,56,59,1.0,1.0,17,0
0,0,3.470588235,220,235,346,3.733333333,0.916666667,1.0,0.090909091,6298,0.0,410,322,32,2,59,56,59,0.0,1.0,17,0
1,1,2.25,128,128,117,2.25,0.0,1.0,0.0,396,65.0,32,28,65,3,18,18,8,0.0,0.0,8,0
0,0,1.0,18,23,0,1.0,0.0,0.0,0.0,1343,0.0,128,76,5,3,5,4,30,0.0,0.0,5,0
0,2,2.555555556,613,628,620,3.0,1.0443548390000001,5.0,0.0,1234,538.0,72,60,51,5,23,21,23,1.0,1.0,9,0
3,3,1.125,44,44,94,1.125,0.857142857,4.0,0.133333333,921,99.0,92,76,196,4,9,9,16,1.0,0.0,8,0
4,16,2.5,399,399,2090,2.5,0.903361345,24.0,0.857142857,2362,0.0,136,132,81,51,45,45,57,5.0,0.7857142859999999,18,0
3,3,1.166666667,42,42,57,1.166666667,0.0,5.0,0.0,2362,5.0,136,132,24,4,7,7,57,0.0,1.0,6,0
3,3,1.333333333,72,72,126,1.333333333,1.0,3.0,0.0,4223,99.0,240,198,198,4,12,12,38,0.0,0.0,9,0
4,5,3.6,66,66,61,3.6,0.0,5.0,0.0,4223,42.0,240,198,60,23,18,18,38,0.0,1.0,5,0
3,3,2.0333333330000003,310,377,1214,2.3181818180000002,0.943965517,8.0,0.057142857000000005,4223,111.0,240,198,208,12,61,51,38,2.0,0.5,30,0
3,3,2.219512195,1669,1957,51801,2.489361702,0.9921068609999999,4.0,0.012612613,4223,77.0,240,198,571,5,273,234,38,1.0,1.0,123,0
4,6,1.857142857,44,44,35,1.857142857,0.0,7.0,1.0,3615,0.0,233,182,12,6,13,13,78,1.0,0.0,7,1
3,6,2.395833333,1063,1116,1992,2.692307692,0.994877857,6.0,0.054054054000000004,8258,534.0,437,388,104,11,115,105,50,0.0,0.0,48,0
4,6,2.8,2637,2829,54,2.9156626510000003,0.971910112,8.0,0.042455535999999995,8258,0.0,437,388,91,23,252,242,50,2.0,0.0,90,0
4,7,2.8,2637,2829,54,2.9156626510000003,0.971910112,8.0,0.042455535999999995,8258,0.0,437,388,91,30,252,242,50,2.0,0.0,90,0
3,10,2.666666667,158,158,346,2.666666667,0.6875,11.0,0.666666667,5031,15.0,435,380,36,20,24,24,74,1.0,1.0,9,0
3,3,1.0,119,192,0,1.0,1.016129032,0.0,0.0,5031,50.91351351,435,380,63,4,63,43,74,0.0,0.0,63,0
3,8,2.444444444,101,118,280,2.375,0.75,9.0,0.4,5031,15.0,435,380,31,28,22,19,74,1.0,0.0,9,0
3,3,1.333333333,77,77,152,1.333333333,0.9375,5.0,0.166666667,5031,17.0,435,380,30,4,12,12,74,0.0,0.666666667,9,0
3,7,2.666666667,568,573,94,2.785714286,0.972527473,16.0,0.095238095,2462,538.0,40,37,21,90,40,39,18,9.0,1.0,15,0
3,3,1.3,58,90,53,1.75,0.920634921,5.0,0.222222222,2462,6.0,40,37,19,20,13,7,18,3.0,1.0,10,0
3,7,2.826530612,995,1350,9678,2.85915493,0.980277902,7.0,0.071103983,6298,516.0,410,322,185,26,277,203,59,0.0,0.0,98,0
3,4,1.4,51,51,71,1.4,1.0,3.0,0.0,6298,17.0,410,322,33,4,7,7,59,0.0,1.0,5,0
3,10,2.0,90,90,116,2.0,1.083333333,12.0,0.0,6298,17.0,410,322,39,27,10,10,59,1.0,0.428571429,5,0
3,3,1.0,3,3,0,1.0,0.0,0.0,1.0,237,50.91351351,12,12,1,1,1,1,3,0.0,0.0,1,0
7,9,2.5,37,37,2,2.5,1.0,14.0,1.0,2362,576.0,136,132,5,29,5,5,57,3.0,1.0,2,1
7,15,1.642857143,139,153,166,1.6666666669999999,0.923076923,15.0,0.109090909,6298,0.0,410,322,23,19,23,20,59,0.0,0.0,14,1
8,11,3.666666667,150,150,0,3.666666667,0.0,11.0,1.0,6298,0.0,410,322,6,10,22,22,59,0.0,0.0,6,1
10,13,3.666666667,150,150,0,3.666666667,0.0,13.0,1.0,6298,0.0,410,322,6,11,22,22,59,0.0,0.0,6,1
7,7,2.5,149,157,48,3.0,0.833333333,14.0,1.0,1343,0.0,128,76,13,10,10,9,30,7.0,0.0,4,1
0,1,11.31034483,1371,1371,4344,11.31034483,0.7232142859999999,7.0,0.0,2639,0.0,106,97,87,20,328,328,8,6.0,0.375,29,0
1,1,11.31034483,1371,1371,4344,11.31034483,0.7232142859999999,1.0,0.0,2639,0.0,106,97,87,7,328,328,8,0.0,0.0,29,0
2,2,1.0,18,18,24,1.0,0.0,2.0,1.0,2639,15.0,106,97,9,3,4,4,8,0.0,0.0,4,0
0,0,5.4375,550,590,72,6.916666667,0.7771260999999999,1.0,0.19166666699999999,2639,0.0,106,97,34,3,174,166,8,1.0,0.0,32,0
1,1,10.45833333,669,669,0,10.45833333,1.0,3.0,0.0,943,0.0,34,33,24,7,251,251,5,0.0,0.0,24,0
1,3,10.45833333,669,669,0,10.45833333,1.0,3.0,0.0,943,0.0,34,33,24,22,251,251,5,0.0,0.0,24,0
0,6,9.0,174,174,10,9.0,0.75,7.0,0.1,943,0.0,34,33,6,17,45,45,5,1.0,0.0,5,0
1,1,9.0,174,174,10,9.0,0.75,1.0,0.1,943,0.0,34,33,6,3,45,45,5,0.0,0.0,5,0
1,1,1.0,11,11,5,1.0,1.0,3.0,1.0,1690,0.0,42,40,3,4,2,2,32,1.0,0.0,2,0
1,6,6.870967742,828,828,1106,6.870967742,0.666666667,9.0,0.0,1422,0.0,54,54,44,12,213,213,3,1.0,0.666666667,31,0
1,2,6.870967742,828,828,1106,6.870967742,0.666666667,2.0,0.0,1422,0.0,54,54,44,4,213,213,3,0.0,0.0,31,0
0,3,4.333333333,569,569,764,4.333333333,0.9117647059999999,17.0,1.0,1422,0.0,54,54,53,48,91,91,3,3.0,1.0,21,0
0,1,4.333333333,569,569,764,4.333333333,0.9117647059999999,4.0,1.0,1422,0.0,54,54,53,10,91,91,3,3.0,0.0,21,0
1,7,4.333333333,569,569,764,4.333333333,0.9117647059999999,7.0,1.0,1422,0.0,54,54,53,15,91,91,3,0.0,1.0,21,0
1,1,4.333333333,569,569,764,4.333333333,0.9117647059999999,1.0,1.0,1422,0.0,54,54,53,3,91,91,3,0.0,1.0,21,0
5,6,11.31034483,1371,1371,4344,11.31034483,0.7232142859999999,17.0,0.0,2639,0.0,106,97,87,48,328,328,8,2.0,0.333333333,29,1
4,4,1.0,14,14,3,1.0,2.0,5.0,1.0,2639,0.0,106,97,3,4,2,2,8,1.0,0.0,2,0
4,4,1.0,18,18,24,1.0,0.0,4.0,1.0,2639,15.0,106,97,9,3,4,4,8,0.0,0.0,4,1
3,3,1.0,18,18,24,1.0,0.0,3.0,1.0,2639,15.0,106,97,9,3,4,4,8,0.0,0.0,4,0
3,6,2.48,304,312,670,2.541666667,0.7013888890000001,9.0,0.833333333,2639,0.0,106,97,41,14,62,61,8,3.0,1.0,25,1
4,7,2.48,304,312,670,2.541666667,0.7013888890000001,10.0,0.833333333,2639,0.0,106,97,41,14,62,61,8,3.0,1.0,25,1
4,7,2.48,304,312,670,2.541666667,0.7013888890000001,10.0,0.833333333,2639,0.0,106,97,41,14,62,61,8,3.0,1.0,25,1
3,7,2.48,304,312,670,2.541666667,0.7013888890000001,10.0,0.833333333,2639,0.0,106,97,41,19,62,61,8,3.0,0.666666667,25,1
3,3,2.166666667,50,50,0,2.166666667,0.6,5.0,1.0,2639,14.0,106,97,6,5,13,13,8,2.0,0.0,6,0
5,6,5.4375,550,590,72,6.916666667,0.7771260999999999,13.0,0.19166666699999999,2639,0.0,106,97,34,11,174,166,8,7.0,0.0,32,1
3,3,5.4375,550,590,72,6.916666667,0.7771260999999999,0.0,0.19166666699999999,2639,0.0,106,97,34,3,174,166,8,0.0,0.0,32,0
4,4,5.4375,550,590,72,6.916666667,0.7771260999999999,4.0,0.19166666699999999,2639,0.0,106,97,34,3,174,166,8,0.0,1.0,32,1
3,5,10.45833333,669,669,0,10.45833333,1.0,5.0,0.0,943,0.0,34,33,24,11,251,251,5,0.0,0.0,24,0
3,3,1.0,23,23,3,1.0,0.0,6.0,1.0,1690,0.0,42,40,2,5,1,1,32,2.0,0.0,1,0
4,4,1.0,16,16,0,1.0,0.0,8.0,1.0,1690,0.0,42,40,1,6,1,1,32,4.0,0.0,1,1
3,3,1.0,11,11,3,1.0,0.0,6.0,1.0,1690,0.0,42,40,2,5,1,1,32,2.0,0.0,1,0
4,4,1.0,16,16,0,1.0,0.0,8.0,1.0,1690,0.0,42,40,1,6,1,1,32,4.0,0.0,1,1
3,3,1.0,22,22,0,1.0,2.0,6.0,1.0,1690,0.0,42,40,2,5,2,2,32,3.0,0.0,2,0
3,3,1.0,32,32,3,1.0,0.0,6.0,1.0,1690,0.0,42,40,2,5,1,1,32,2.0,0.0,1,0
5,5,1.0,20,20,0,1.0,0.0,10.0,1.0,1690,0.0,42,40,1,7,1,1,32,5.0,0.0,1,1
3,5,6.870967742,828,828,1106,6.870967742,0.666666667,10.0,0.0,1422,0.0,54,54,44,26,213,213,3,1.0,1.0,31,0
9,9,1.0,76,76,8,1.0,2.0,18.0,1.0,1690,0.0,42,40,3,12,2,2,32,8.0,0.0,2,1
2,2,1.1,95,115,74,1.125,0.977777778,3.0,0.035714286,22173,48.0,1956,1060,81,6,11,9,74,1.0,0.0,10,0
1,1,1.176470588,127,181,270,1.2727272729999999,0.9375,9.0,0.104761905,22173,50.91351351,1956,1060,29,16,20,14,74,5.0,1.0,17,0
0,0,1.109452736,791,1849,30542,1.17721519,0.99046875,4.0,0.08776204300000001,22173,31.0,1956,1060,336,4,223,93,74,0.0,1.0,201,0
0,1,1.3,79,131,88,1.4,0.9841269840000001,1.0,0.047619048,22173,0.0,1956,1060,17,11,13,7,74,0.0,1.0,10,0
0,0,2.9375,347,401,64,3.454545455,0.8866666670000001,1.0,0.35164835200000005,17329,0.0,801,756,22,4,47,38,96,1.0,0.0,16,0
0,0,2.038461538,613,619,560,2.058823529,0.968954248,2.0,0.032156863,17329,0.0,801,756,63,5,106,105,96,2.0,0.0,52,0
1,1,1.035714286,162,188,54,1.038461538,0.962962963,2.0,0.005291005,18514,50.91351351,1653,1247,29,9,29,27,48,1.0,1.0,28,0
0,0,1.6,50,85,17,1.333333333,0.9375,1.0,0.5,18514,4.0,1653,1247,13,4,8,4,48,1.0,0.0,5,0
1,1,1.0,96,121,0,1.0,1.083333333,0.0,0.0,18514,50.91351351,1653,1247,13,1,13,9,48,0.0,0.0,13,0
0,0,1.019607843,183,277,1879,1.027777778,0.36,1.0,0.43102040799999997,18514,50.91351351,1653,1247,85,4,52,37,48,1.0,0.0,51,0
0,0,1.0,103,103,0,1.0,0.0,0.0,0.0,966,50.91351351,80,56,11,1,11,11,7,0.0,0.0,11,0
0,0,3.5,53,116,106,1.0,1.166666667,2.0,1.0,8188,0.0,296,268,17,8,14,3,46,2.0,0.0,4,0
1,2,7.485714286,2459,2656,9148,7.7,0.9616755790000001,5.0,0.258064516,21006,47.0,599,516,275,24,262,231,81,0.0,1.0,35,0
0,0,1.0,23,23,0,1.0,0.0,1.0,1.0,2316,34.0,198,157,46,5,3,3,24,1.0,0.0,3,0
0,0,1.1,269,269,963,1.1,0.568965517,1.0,0.86453202,3573,0.0,263,154,60,4,33,33,21,1.0,0.0,30,0
3,5,2.9240506330000002,1481,1527,12421,2.960526316,0.951923077,6.0,0.078947368,45362,28.0,3035,2134,185,26,231,225,184,1.0,0.666666667,79,0
3,3,1.375,57,92,106,1.0,0.857142857,5.0,0.28571428600000004,45362,0.0,3035,2134,21,11,11,7,184,2.0,1.0,8,0
3,11,2.6,107,107,62,2.6,1.0,13.0,0.0,45362,2.0,3035,2134,13,40,13,13,184,0.0,0.4,5,0
3,3,1.6875,177,214,210,1.769230769,0.0,3.0,0.0,45362,111.0,3035,2134,195,8,27,23,184,0.0,0.0,16,0
3,3,1.75,184,214,805,2.090909091,0.8666666670000001,9.0,0.384615385,45362,0.0,3035,2134,52,11,28,23,184,6.0,0.0,16,0
3,4,2.2,71,71,34,2.2,1.0,4.0,0.0,45362,2.0,3035,2134,11,20,11,11,184,0.0,0.5,5,0
3,4,2.155555556,930,930,1002,2.155555556,0.982954545,5.0,0.127906977,17329,0.0,801,756,61,6,97,97,96,0.0,0.0,45,0
3,4,3.342657343,3849,3849,129220,3.342657343,0.9859154929999999,8.0,0.003740065,17329,0.0,801,756,685,25,478,478,96,0.0,0.4,143,0
3,8,6.052631579,815,815,322,6.052631579,0.969135802,12.0,0.054945055,17329,0.0,801,756,36,33,115,115,96,4.0,0.0,19,0
3,6,1.0,12,12,4,1.0,0.0,10.0,1.0,12585,11.0,409,386,3,7,1,1,134,0.0,1.0,1,0
3,5,1.9230769230000002,216,216,170,1.9230769230000002,0.9375,5.0,0.060606060999999996,12585,8.0,409,386,80,16,25,25,134,0.0,1.0,13,0
4,4,1.0,82,124,112,1.0,0.982905983,8.0,0.036363636,18923,0.0,1266,686,27,6,14,7,70,0.0,0.4,14,0
3,4,1.0,545,545,1728,1.0,0.0,4.0,0.0,18514,0.0,1653,1247,41,11,25,25,48,0.0,1.0,25,0
3,7,3.5,277,295,560,4.333333333,1.0,12.0,0.0,3603,80.0,140,130,264,36,28,26,21,2.0,0.666666667,8,0
3,9,5.106382979,1812,1913,4405,5.820512821,0.959782609,19.0,0.154654655,21006,79.0,599,516,279,39,240,227,81,7.0,0.75,47,0
5,5,1.15,60,169,16,1.25,0.9649122809999999,10.0,0.09356725099999999,21006,50.91351351,599,516,23,14,23,5,81,5.0,0.0,20,1
4,8,5.148148148,683,925,3010,4.789473684,0.913461538,13.0,0.27450980399999997,21006,0.0,599,516,93,29,139,91,81,3.0,0.636363636,27,0
3,3,1.0,17,17,8,1.0,0.0,2.0,0.0,21006,0.0,599,516,4,4,3,3,81,0.0,1.0,3,0
5,12,8.111111111,472,472,559,8.111111111,1.0,14.0,0.0,2553,4.0,103,97,63,99,73,73,19,0.0,0.5,9,1
3,4,2.3608247419999997,1230,1622,8741,3.192982456,0.9697916670000001,4.0,0.104240766,2918,61.0,201,88,247,17,229,182,12,0.0,1.0,97,0
4,4,2.444444444,273,273,1324,2.444444444,1.0,30.0,1.0,3573,0.0,263,154,92,55,22,22,21,1.0,0.176470588,9,0
11,12,3.342657343,3849,3849,129220,3.342657343,0.9859154929999999,11.0,0.003740065,17329,0.0,801,756,685,46,478,478,96,0.0,1.0,143,1
16,16,4.2,174,174,322,4.2,0.0,24.0,0.0,17329,0.0,801,756,42,37,21,21,96,0.0,0.25,5,1
8,8,1.2,142,155,66,1.25,0.7666666670000001,8.0,0.7333333329999999,21006,0.0,599,516,13,22,12,10,81,0.0,1.0,10,1
7,7,1.2,142,155,66,1.25,0.7666666670000001,7.0,0.7333333329999999,21006,0.0,599,516,13,21,12,10,81,0.0,0.0,10,1
7,15,5.842105263,1564,1735,2873,6.466666667,0.9361179359999999,44.0,0.238636364,21006,79.0,599,516,276,173,222,194,81,9.0,1.0,38,1
7,8,5.842105263,1564,1735,2873,6.466666667,0.9361179359999999,8.0,0.238636364,21006,79.0,599,516,276,13,222,194,81,0.0,1.0,38,1
7,7,1.181818182,149,162,68,1.222222222,0.79,7.0,0.6190476189999999,21006,0.0,599,516,14,21,13,11,81,0.0,0.0,11,1
7,7,5.3142857139999995,1524,1533,4783,5.441176471,0.9485294120000001,7.0,0.358333333,21006,47.0,599,516,214,22,186,185,81,0.0,1.0,35,1
7,7,5.148148148,683,925,3010,4.789473684,0.913461538,16.0,0.27450980399999997,21006,0.0,599,516,93,29,139,91,81,9.0,1.0,27,1
7,7,5.148148148,683,925,3010,4.789473684,0.913461538,15.0,0.27450980399999997,21006,0.0,599,516,93,29,139,91,81,8.0,1.0,27,1
16,16,4.166666667,336,336,38,4.166666667,0.7894736840000001,37.0,0.0,21006,0.0,599,516,10,66,25,25,81,16.0,1.0,6,1
7,13,3.0,435,435,370,3.0,0.0,14.0,0.0,1824,50.91351351,44,37,21,85,24,24,9,0.0,0.5,8,1
7,13,3.0,435,435,370,3.0,0.0,14.0,0.0,1824,50.91351351,44,37,21,85,24,24,9,0.0,0.5,8,1
7,14,3.0,435,435,370,3.0,0.0,15.0,0.0,1824,50.91351351,44,37,21,86,24,24,9,0.0,0.444444444,8,1
2,8,2.2,125,125,33,2.2,1.0,9.0,0.0,809,4.0,37,35,16,32,11,11,11,1.0,1.0,5,0
0,0,1.0,85,85,150,1.0,0.0,0.0,0.0,809,14.0,37,35,37,5,11,11,11,0.0,1.0,11,0
2,2,1.0,17,17,0,1.0,0.0,2.0,1.0,889,15.0,86,57,4,3,4,4,7,0.0,0.0,4,0
0,0,1.333333333,297,306,856,1.346153846,1.038461538,2.0,0.0,889,0.0,86,57,44,6,36,35,7,0.0,1.0,27,0
1,1,1.333333333,297,306,856,1.346153846,1.038461538,2.0,0.0,889,0.0,86,57,44,3,36,35,7,0.0,0.0,27,0
2,2,1.333333333,297,306,856,1.346153846,1.038461538,3.0,0.0,889,0.0,86,57,44,3,36,35,7,0.0,0.0,27,0
0,0,1.0,16,52,0,1.0,0.8,1.0,0.333333333,889,0.0,86,57,6,3,6,2,7,1.0,0.0,6,0
1,1,1.0,58,112,0,1.0,0.848484848,4.0,0.194444444,889,0.0,86,57,12,5,12,6,7,3.0,0.0,12,0
0,0,1.0,58,112,0,1.0,0.848484848,0.0,0.194444444,889,0.0,86,57,12,3,12,6,7,0.0,0.0,12,0
1,1,1.0,58,112,0,1.0,0.848484848,2.0,0.194444444,889,0.0,86,57,12,3,12,6,7,1.0,0.0,12,0
1,1,2.0,113,151,0,3.0,0.9285714290000001,2.0,0.6,1447,0.0,77,60,8,4,16,12,10,1.0,0.0,8,0
0,0,1.473684211,84,198,257,2.285714286,0.87037037,1.0,0.16911764699999998,306,30.0,34,18,57,3,28,16,4,1.0,0.0,19,0
0,0,1.473684211,84,198,257,2.285714286,0.87037037,1.0,0.16911764699999998,306,30.0,34,18,57,3,28,16,4,1.0,0.0,19,0
0,0,1.434782609,295,307,0,1.454545455,0.875,1.0,0.12857142900000001,1229,0.0,42,34,23,4,33,32,4,1.0,0.0,23,0
1,1,1.9166666669999999,157,309,88,3.75,0.926086957,2.0,0.11904761900000001,790,0.0,64,33,26,4,46,30,6,1.0,0.0,24,0
4,4,2.2,125,125,33,2.2,1.0,2.0,0.0,809,4.0,37,35,16,6,11,11,11,0.0,0.0,5,1
4,4,4.0,48,48,0,4.0,1.0,2.0,0.0,809,4.0,37,35,10,7,8,8,11,0.0,0.0,2,1
4,4,6.0,64,64,0,6.0,1.0,2.0,0.0,809,4.0,37,35,10,7,12,12,11,0.0,0.0,2,1
4,4,2.0,33,33,5,2.0,1.0,2.0,0.0,809,4.0,37,35,10,7,4,4,11,0.0,0.0,2,1
4,4,2.0,35,35,5,2.0,1.0,2.0,0.0,809,4.0,37,35,10,7,4,4,11,0.0,0.0,2,1
4,4,2.0,34,34,5,2.0,1.0,2.0,0.0,809,4.0,37,35,10,7,4,4,11,0.0,0.0,2,1
4,5,3.5,321,321,262,3.5,1.0909090909999999,5.0,0.0,613,50.91351351,30,29,19,48,42,42,4,0.0,0.4,12,0
3,4,3.5,321,321,262,3.5,1.0909090909999999,11.0,0.0,613,50.91351351,30,29,19,83,42,42,4,0.0,0.4,12,0
3,3,1.0,79,115,101,1.0,0.583333333,4.0,0.7142857140000001,889,10.0,86,57,31,4,13,9,7,1.0,0.0,13,0
4,4,1.0,79,115,101,1.0,0.583333333,5.0,0.7142857140000001,889,10.0,86,57,31,4,13,9,7,1.0,1.0,13,0
3,3,1.0,58,112,0,1.0,0.848484848,6.0,0.194444444,889,0.0,86,57,12,5,12,6,7,3.0,0.0,12,0
5,5,2.1176470590000003,193,203,306,2.266666667,1.0625,9.0,0.0,1447,0.0,77,60,31,17,36,34,10,0.0,1.0,17,1
5,7,2.1176470590000003,193,203,306,2.266666667,1.0625,15.0,0.0,1447,0.0,77,60,31,20,36,34,10,0.0,0.5,17,1
5,5,2.5,538,538,104,2.5,1.0,5.0,0.0,1447,0.0,77,60,31,6,45,45,10,0.0,0.0,18,1
5,6,2.5,538,538,104,2.5,1.0,8.0,0.0,1447,0.0,77,60,31,9,45,45,10,0.0,0.5,18,1
6,7,2.5,538,538,104,2.5,1.0,9.0,0.0,1447,0.0,77,60,31,9,45,45,10,0.0,0.5,18,1
4,4,2.5,538,538,104,2.5,1.0,4.0,0.0,1447,0.0,77,60,31,7,45,45,10,0.0,0.0,18,0
5,5,2.5,538,538,104,2.5,1.0,5.0,0.0,1447,0.0,77,60,31,7,45,45,10,0.0,0.0,18,1
3,3,1.0,506,533,0,1.0,1.0,6.0,0.0,1229,10.0,42,34,4,7,4,1,4,3.0,0.0,4,0
3,3,1.0,336,372,0,1.0,1.0,6.0,0.0,1229,10.0,42,34,13,6,13,9,4,3.0,0.0,13,0
3,3,1.0,336,372,0,1.0,1.0,6.0,0.0,1229,10.0,42,34,13,6,13,9,4,3.0,0.0,13,0
7,18,2.5,538,538,104,2.5,1.0,32.0,0.0,1447,0.0,77,60,31,176,45,45,10,1.0,0.428571429,18,1
8,8,1.9166666669999999,157,309,88,3.75,0.926086957,16.0,0.11904761900000001,790,0.0,64,33,26,13,46,30,6,8.0,0.0,24,1
2,2,1.0,87,87,0,1.0,0.0,0.0,0.0,9554,50.91351351,584,564,8,1,8,8,39,0.0,0.0,8,0
1,1,1.7,161,187,100,1.75,0.5555555560000001,2.0,0.35714285700000004,9554,16.0,584,564,16,5,17,14,39,1.0,1.0,10,0
0,0,2.027777778,542,580,1609,2.121212121,0.76,1.0,0.35416666700000005,9554,18.0,584,564,93,3,73,70,39,1.0,1.0,36,0
0,0,1.870967742,409,583,144,2.0526315790000003,0.9259259259999999,1.0,0.177248677,4573,6.0,226,179,49,3,58,39,15,1.0,0.0,31,0
0,0,1.739130435,349,452,363,2.0,0.902597403,1.0,0.310526316,4573,32.0,226,179,70,3,40,30,15,1.0,0.0,23,0
1,1,2.555555556,170,170,0,2.555555556,0.78125,3.0,0.5,4257,0.0,218,194,9,5,23,23,16,2.0,0.0,9,0
1,1,2.548387097,1286,1768,2648,2.8360655739999996,0.93580163,2.0,0.09163545599999999,12125,0.0,523,415,217,6,237,173,22,1.0,0.0,93,0
1,3,2.548387097,1286,1768,2648,2.8360655739999996,0.93580163,3.0,0.09163545599999999,12125,0.0,523,415,217,7,237,173,22,0.0,1.0,93,0
2,2,1.0,868,1726,0,1.0,0.0,0.0,0.0,14624,50.91351351,551,387,132,2,132,68,28,0.0,0.0,132,0
2,2,1.0,859,1644,0,1.0,0.0,0.0,0.0,18042,50.91351351,690,502,134,1,134,71,42,0.0,0.0,134,0
2,2,3.303571429,1460,1678,5860,3.904761905,0.932467532,4.0,0.07267645,18042,50.91351351,690,502,141,17,185,164,42,2.0,0.0,56,0
1,1,2.833333333,414,587,1184,2.875,0.8309178740000001,2.0,0.298245614,33993,60.0,1556,1076,134,7,68,46,46,1.0,0.0,24,0
0,0,1.0,62,62,0,1.0,0.0,0.0,0.0,2198,50.91351351,142,121,8,1,8,8,14,0.0,0.0,8,0
0,0,1.636363636,257,370,471,1.6666666669999999,0.80952381,1.0,0.346405229,5139,6.0,273,201,36,3,36,25,14,1.0,0.0,22,0
2,9,2.8636363639999995,432,467,336,2.761904762,0.666666667,18.0,0.514285714,3899,0.0,208,197,31,55,63,58,16,3.0,0.4,22,0
3,3,1.0,106,106,81,1.0,0.0,3.0,0.0,9554,33.0,584,564,58,4,8,8,39,0.0,0.0,8,0
3,3,2.0,89,89,82,2.0,1.333333333,3.0,0.0,4046,11.0,208,207,29,7,8,8,26,0.0,0.0,4,0
3,5,2.1,212,212,126,2.1,0.8888888890000001,5.0,0.428571429,4046,8.0,208,207,29,12,21,21,26,0.0,0.0,10,0
3,3,3.285714286,390,390,382,3.285714286,0.9538461540000001,3.0,0.045454545,4257,0.0,218,194,27,6,46,46,16,0.0,0.0,14,0
5,5,1.9090909090000001,180,180,0,1.9090909090000001,0.9,5.0,0.833333333,4257,0.0,218,194,11,4,21,21,16,0.0,0.0,11,1
4,4,1.6666666669999999,656,656,588,1.6666666669999999,0.0,4.0,0.0,12125,50.91351351,523,415,42,7,45,45,22,0.0,0.0,27,0
3,3,1.6666666669999999,656,656,588,1.6666666669999999,0.0,4.0,0.0,12125,50.91351351,523,415,42,6,45,45,22,0.0,1.0,27,0
4,4,1.0,868,1726,0,1.0,0.0,0.0,0.0,14624,50.91351351,551,387,132,2,132,68,28,0.0,0.0,132,0
4,8,3.052631579,1404,1660,6529,3.595238095,0.947544643,12.0,0.05389610400000001,14624,50.91351351,551,387,152,32,174,151,28,0.0,0.333333333,57,0
4,13,2.875,527,573,632,3.230769231,0.904761905,15.0,0.346153846,14624,272.0,551,387,377,32,46,42,28,0.0,0.333333333,16,0
3,6,3.625,551,579,547,4.0,0.8444444440000001,6.0,0.109090909,18042,245.0,690,502,360,11,58,56,42,0.0,1.0,16,0
5,6,3.388888889,454,530,320,4.307692308,0.9647058820000001,8.0,0.14285714300000002,18042,238.0,690,502,348,15,61,56,42,0.0,1.0,18,1
3,4,2.0732984290000003,2220,3951,3812,2.730337079,0.9845112779999999,5.0,0.019057913,5920,50.91351351,290,174,208,11,396,243,13,1.0,1.0,191,0
3,3,2.095238095,867,888,1353,2.15,0.9467849220000001,6.0,0.165165165,9366,19.0,498,480,78,21,88,86,26,3.0,0.5,42,0
4,8,2.744680851,928,1132,3933,3.176470588,0.904347826,3.0,0.17692307699999998,19667,120.0,781,640,223,22,129,108,48,0.0,0.0,47,0
4,8,2.704225352,3636,4827,34819,3.0827586210000004,0.9843300290000001,11.0,0.022381636,33993,56.0,1556,1076,373,24,576,447,46,2.0,0.5,213,0
5,36,3.072072072,4111,5381,44777,3.546052632,0.9833600929999999,67.0,0.022038687,33993,57.0,1556,1076,384,254,682,539,46,6.0,0.38888888899999996,222,1
3,8,3.072072072,4111,5381,44777,3.546052632,0.9833600929999999,10.0,0.022038687,33993,57.0,1556,1076,384,21,682,539,46,0.0,1.0,222,0
3,3,1.7,154,154,115,1.7,1.0,3.0,0.1,2198,9.0,142,121,25,4,17,17,14,0.0,0.0,10,0
3,4,2.090909091,191,206,0,2.1,0.833333333,5.0,0.7142857140000001,1157,51.0,57,43,11,10,23,21,6,3.0,0.0,11,0
3,3,1.8,102,102,0,1.8,0.5,3.0,0.5,1157,0.0,57,43,5,4,9,9,6,0.0,0.0,5,0
7,22,2.083333333,244,244,134,2.083333333,0.854545455,28.0,0.428571429,4573,6.0,226,179,29,43,25,25,15,4.0,0.5,12,1
8,15,3.9,2042,2042,12202,3.9,0.0,30.0,1.0,12125,50.91351351,523,415,169,40,156,156,22,1.0,0.692307692,40,1
7,12,3.9,2042,2042,12202,3.9,0.0,20.0,1.0,12125,50.91351351,523,415,169,26,156,156,22,1.0,0.9090909090000001,40,1
7,7,1.8541666669999999,826,963,0,1.973684211,0.960720131,9.0,0.07394958,12125,0.0,523,415,48,10,89,75,22,2.0,0.0,48,1
10,27,2.875,527,573,632,3.230769231,0.904761905,29.0,0.346153846,14624,272.0,551,387,377,103,46,42,28,0.0,0.7142857140000001,16,1
10,30,2.93877551,1042,1271,2383,3.6,0.9642857140000001,33.0,0.066596195,14624,237.0,551,387,394,108,144,126,28,2.0,0.5,49,1
10,11,7.857142857,378,390,275,9.0,1.0,12.0,0.066666667,14624,283.0,551,387,391,22,55,54,28,0.0,1.0,7,1
9,34,7.857142857,378,390,275,9.0,1.0,36.0,0.066666667,14624,283.0,551,387,391,120,55,54,28,1.0,0.857142857,7,1
12,31,3.4444444439999997,247,267,224,3.5,0.875,34.0,0.4,18042,282.0,690,502,377,112,31,28,42,0.0,0.444444444,9,1
12,30,4.428571429,266,266,312,4.428571429,1.033333333,32.0,0.1,18042,238.0,690,502,335,102,31,31,42,2.0,0.545454545,7,1
8,8,2.058823529,331,331,0,2.058823529,0.950892857,16.0,0.179487179,19667,0.0,781,640,17,36,35,35,48,8.0,0.0,17,1
7,10,2.704225352,3636,4827,34819,3.0827586210000004,0.9843300290000001,11.0,0.022381636,33993,56.0,1556,1076,373,25,576,447,46,0.0,0.666666667,213,1
7,10,3.072072072,4111,5381,44777,3.546052632,0.9833600929999999,11.0,0.022038687,33993,57.0,1556,1076,384,24,682,539,46,0.0,0.666666667,222,1
0,0,1.4,492,576,38,1.42,0.9876733440000001,7.75059952,0.010169491999999999,5792,50.91351351,436,348,67,1,84,71,31,1.5947242209999999,0.0,60,0
2,2,2.217391304,282,296,218,2.333333333,0.670454545,4.0,0.736842105,5792,0.0,436,348,39,4,51,49,31,2.0,0.0,23,0
0,0,2.222222222,231,236,204,2.2941176469999998,0.984313725,0.0,0.00952381,5974,517.0,288,260,28,2,40,39,64,0.0,0.0,18,0
0,0,1.0,6,6,4,1.0,0.0,0.0,1.0,17025,0.0,928,748,2,3,1,1,103,0.0,1.0,1,0
0,0,2.9090909089999997,705,753,1110,3.3461538460000004,0.9236111109999999,1.0,0.103896104,17025,0.0,928,748,82,3,96,87,103,1.0,0.0,33,0
1,1,2.0,78,88,0,2.166666667,0.871794872,0.0,0.13636363599999998,11259,0.0,840,783,14,3,28,26,72,0.0,0.0,14,0
1,1,1.0,39,39,0,1.0,0.0,0.0,0.0,11259,50.91351351,840,783,20,1,20,20,72,0.0,0.0,20,0
0,1,1.4375,114,114,50,1.4375,0.783333333,3.0,0.28571428600000004,11259,0.0,840,783,22,6,23,23,72,2.0,1.0,16,0
1,1,4.2,1112,1121,1976,4.393939393999999,0.953125,2.0,0.148148148,21327,31.0,989,690,120,3,147,145,168,1.0,0.0,35,0
0,1,4.0,173,189,246,4.625,0.666666667,2.0,1.0,21327,33.0,989,690,75,6,40,37,168,1.0,0.0,10,0
1,1,2.68,338,399,247,3.928571429,0.8942307690000001,2.0,0.20652173899999998,21327,31.0,989,690,80,3,67,55,168,1.0,0.0,25,0
0,2,3.7317073169999997,829,931,2032,5.0,0.913235294,4.0,0.102272727,21327,30.0,989,690,136,18,153,130,168,2.0,0.0,41,0
0,1,2.285714286,120,125,0,2.384615385,0.7094017090000001,5.0,0.654545455,21327,1.0,989,690,15,7,32,31,168,4.0,0.0,14,0
1,1,1.0,16,16,12,1.0,0.0,1.0,0.0,1677,0.0,87,78,5,3,3,3,17,0.0,0.0,3,0
1,1,2.0,91,111,102,2.5,0.848484848,2.0,0.39285714299999996,472,3.0,39,28,23,3,24,20,5,1.0,0.0,12,0
5,5,1.714285714,55,55,51,1.714285714,0.666666667,15.0,0.5,398,27.0,47,42,73,9,12,12,7,6.0,0.0,7,1
3,18,6.166666667,329,329,785,6.166666667,0.818181818,36.0,0.047619048,8348,19.0,385,313,89,145,74,74,45,4.0,0.40625,12,0
4,6,3.8181818180000002,703,715,3136,3.952380952,0.80952381,19.0,0.484848485,8348,0.0,385,313,77,11,84,83,45,2.0,0.5,22,0
3,4,4.067567568,1616,1770,7157,4.925925926000001,0.96803653,21.0,0.072077922,8348,28.0,385,313,189,20,301,266,45,9.0,0.5,74,0
3,3,1.222222222,102,102,0,1.222222222,0.864583333,5.0,0.222222222,5792,0.0,436,348,9,3,11,11,31,2.0,0.0,9,1
3,4,4.208333333,760,768,1078,4.304347826,0.898550725,5.0,0.287878788,17025,0.0,928,748,64,10,101,99,103,1.0,1.0,24,0
4,5,1.466666667,98,98,134,1.466666667,0.75,6.0,0.41025641,17025,0.0,928,748,26,7,22,22,103,1.0,1.0,15,0
3,5,1.5555555559999998,98,98,32,1.5555555559999998,0.819444444,9.0,0.3,17025,3.0,928,748,15,16,14,14,103,4.0,0.0,9,0
5,5,6.0,325,325,286,6.0,0.0,11.0,0.0,17025,36.0,928,748,83,9,60,60,103,5.0,0.0,10,1
4,4,1.894736842,715,823,548,3.0625,0.9816913690000001,6.0,0.070570571,17025,50.91351351,928,748,61,7,72,49,103,2.0,0.666666667,38,0
4,6,3.7,379,401,790,4.058823529,0.913875598,8.0,0.18382352899999999,17025,0.0,928,748,48,19,74,69,103,2.0,0.5,20,0
6,6,2.282608696,492,545,2913,2.5,0.924444444,6.0,0.057317072999999996,17025,29.0,928,748,166,7,105,90,103,1.0,1.0,46,1
3,3,1.0,16,16,0,1.0,0.0,0.0,0.0,17025,50.91351351,928,748,2,1,2,2,103,0.0,0.0,2,0
3,3,1.0,17,17,0,1.0,0.0,0.0,0.0,17025,50.91351351,928,748,8,1,8,8,103,0.0,0.0,8,1
4,4,4.444444444,220,220,142,4.444444444,0.9,5.0,1.0,17025,0.0,928,748,25,4,40,40,103,1.0,1.0,9,0
6,6,4.095238095,787,787,162,4.095238095,0.97,12.0,0.035087718999999996,11259,0.0,840,783,25,8,86,86,72,6.0,0.0,21,1
4,4,3.238095238,425,425,108,3.238095238,0.9642857140000001,4.0,0.2,11259,23.0,840,783,25,9,68,68,72,0.0,0.0,21,1
3,4,2.5333333330000003,150,150,78,2.5333333330000003,0.933673469,25.0,0.131868132,21327,15.0,989,690,18,63,38,38,168,14.0,0.0,15,1
3,7,3.769230769,199,214,635,4.090909091,0.8,12.0,0.666666667,21327,51.0,989,690,131,17,49,45,168,4.0,0.5555555560000001,13,0
4,4,1.6666666669999999,25,25,20,1.6666666669999999,0.5,5.0,1.0,6940,6.0,384,311,16,4,5,5,39,1.0,0.0,3,0
3,5,3.0888888889999997,868,948,728,4.24137931,0.972570533,7.0,0.047311828,6940,0.0,384,311,72,33,139,123,39,1.0,0.25,45,0
13,16,8.333333332999999,136,136,72,8.333333332999999,1.0,30.0,1.0,5974,0.0,288,260,20,47,25,25,64,3.0,0.235294118,3,1
8,8,2.827586207,593,642,998,3.0,0.9523809520000001,20.0,0.16304347800000002,5974,5.0,288,260,68,18,82,72,64,6.0,0.4,29,1
10,26,5.666666667,423,430,338,6.0,0.860294118,52.0,0.333333333,5974,522.0,288,260,37,140,51,48,64,17.0,0.31578947399999996,9,1
9,9,2.173913043,644,737,984,3.1,0.954545455,17.0,0.110526316,17025,0.0,928,748,52,25,50,31,103,8.0,0.8,23,1
7,7,6.0,325,325,286,6.0,0.0,16.0,0.0,17025,36.0,928,748,83,12,60,60,103,8.0,0.0,10,1
7,7,2.282608696,492,545,2913,2.5,0.924444444,7.0,0.057317072999999996,17025,29.0,928,748,166,5,105,90,103,0.0,0.0,46,1
8,9,2.282608696,492,545,2913,2.5,0.924444444,9.0,0.057317072999999996,17025,29.0,928,748,166,7,105,90,103,0.0,1.0,46,1
7,8,2.282608696,492,545,2913,2.5,0.924444444,8.0,0.057317072999999996,17025,29.0,928,748,166,6,105,90,103,0.0,1.0,46,1
7,8,2.282608696,492,545,2913,2.5,0.924444444,9.0,0.057317072999999996,17025,29.0,928,748,166,7,105,90,103,0.0,0.5,46,1
7,7,3.666666667,1413,1469,542,6.538461538,0.9514170040000001,16.0,0.09047619,17025,35.0,928,748,103,14,99,85,103,8.0,0.0,27,1
8,8,3.666666667,1413,1469,542,6.538461538,0.9514170040000001,17.0,0.09047619,17025,35.0,928,748,103,16,99,85,103,8.0,0.0,27,1
7,7,1.142857143,37,47,4,1.2,0.666666667,7.0,1.0,11259,68.0,840,783,8,4,8,6,72,0.0,0.0,7,1
7,7,4.095238095,787,787,162,4.095238095,0.97,8.0,0.035087718999999996,11259,0.0,840,783,25,5,86,86,72,1.0,0.0,21,1
1,1,1.0,5,5,4,1.0,0.0,1.0,1.0,6579,0.0,256,193,2,3,1,1,153,0.0,1.0,1,0
1,1,1.0,12,12,8,1.0,0.0,3.0,0.0,6579,8.0,256,193,4,4,3,3,153,0.0,1.0,3,0
0,1,2.393939394,787,853,2464,2.555555556,0.907094595,8.0,0.25,6579,521.0,256,193,114,7,79,69,153,4.0,0.666666667,33,0
1,1,1.454545455,84,150,14,2.363636364,0.86875,2.0,0.173789174,6579,57.0,256,193,35,1,48,26,153,1.0,0.0,33,0
1,1,1.0,5,5,4,1.0,0.0,0.0,1.0,6579,0.0,256,193,2,3,1,1,153,0.0,1.0,1,0
1,1,1.0,5,5,4,1.0,0.0,0.0,1.0,6579,0.0,256,193,2,3,1,1,153,0.0,1.0,1,0
0,0,1.230769231,435,459,372,1.2727272729999999,0.903846154,5.0,0.8,6579,522.0,256,193,47,3,16,14,153,2.0,1.0,13,0
0,1,1.230769231,435,459,372,1.2727272729999999,0.903846154,3.0,0.8,6579,522.0,256,193,47,10,16,14,153,3.0,1.0,13,0
0,0,1.333333333,153,153,4,1.333333333,0.944444444,2.0,1.0,6579,539.0,256,193,4,7,4,4,153,2.0,0.0,3,0
0,1,2.363636364,264,297,92,2.5,0.9,1.0,0.0,6579,522.0,256,193,24,7,26,20,153,0.0,0.0,11,0
0,0,1.0,33,38,14,1.0,0.642857143,2.0,0.523809524,6579,0.0,256,193,12,3,8,7,153,1.0,1.0,8,0
1,2,1.285714286,66,94,62,1.333333333,0.865384615,6.0,0.109090909,1076,0.0,136,73,21,10,18,12,13,0.0,0.75,14,0
1,2,1.45,156,347,350,1.210526316,0.965309201,3.0,0.14285714300000002,1076,0.0,136,73,50,4,58,23,13,0.0,0.0,40,0
0,0,1.571428571,36,87,0,1.0,0.346153846,1.0,0.846153846,874,0.0,74,56,14,3,22,8,17,1.0,0.0,14,0
2,2,4.285714286,122,133,112,4.5,0.833333333,0.0,0.0,874,0.0,74,56,16,3,30,27,17,0.0,0.0,7,0
5,6,2.0,26,26,0,2.0,1.0,5.0,1.0,6579,547.0,256,193,2,18,4,4,153,1.0,0.0,2,1
3,3,1.25,178,178,40,1.25,0.896103896,9.0,0.46666666700000003,6579,539.0,256,193,12,13,10,10,153,6.0,0.0,8,0
5,7,3.0,46,46,8,3.0,1.0,6.0,1.0,6579,547.0,256,193,4,38,6,6,153,1.0,0.5,2,1
4,8,2.615384615,441,473,136,2.9,0.933333333,10.0,0.0,6579,522.0,256,193,29,30,34,29,153,0.0,0.6,13,0
3,3,1.8181818180000002,64,69,106,1.9,0.8,6.0,0.2,6579,0.0,256,193,16,5,20,19,153,3.0,0.0,11,0
3,3,1.142857143,112,132,24,1.2,0.708333333,5.0,0.5,6579,522.0,256,193,16,10,8,6,153,2.0,1.0,7,0
4,4,1.5555555559999998,286,286,152,1.5555555559999998,0.842105263,17.0,1.0,6579,539.0,256,193,19,27,14,14,153,11.0,0.5,9,1
3,3,1.285714286,200,200,84,1.285714286,0.941666667,12.0,1.0,6579,539.0,256,193,19,15,9,9,153,7.0,1.0,7,0
3,7,2.111111111,44,77,54,1.375,0.8125,22.0,0.28571428600000004,6579,16.0,256,193,25,31,19,11,153,3.0,0.5555555560000001,9,0
5,6,2.0,20,20,0,2.0,0.0,25.0,1.0,6579,0.0,256,193,6,17,2,2,153,0.0,0.2,1,1
4,4,1.631578947,117,161,68,1.6,0.851851852,4.0,0.095588235,874,0.0,74,56,28,26,31,24,17,0.0,0.0,19,0
3,3,1.631578947,117,161,68,1.6,0.851851852,4.0,0.095588235,874,0.0,74,56,28,13,31,24,17,1.0,0.0,19,0
3,3,1.0,20,20,4,1.0,0.0,2.0,0.0,874,28.0,74,56,4,7,3,3,17,0.0,0.0,3,0
3,7,5.181818182,603,603,892,5.181818182,0.9642857140000001,19.0,0.333333333,928,0.0,32,32,69,77,114,114,7,0.0,0.41666666700000005,22,0
5,8,5.181818182,603,603,892,5.181818182,0.9642857140000001,15.0,0.333333333,928,0.0,32,32,69,19,114,114,7,0.0,0.666666667,22,1
3,5,5.181818182,603,603,892,5.181818182,0.9642857140000001,10.0,0.333333333,928,0.0,32,32,69,12,114,114,7,0.0,0.75,22,0
3,4,5.181818182,603,603,892,5.181818182,0.9642857140000001,8.0,0.333333333,928,0.0,32,32,69,4,114,114,7,1.0,1.0,22,0
5,12,5.181818182,603,603,892,5.181818182,0.9642857140000001,16.0,0.333333333,928,0.0,32,32,69,40,114,114,7,0.0,0.8,22,1
3,10,5.181818182,603,603,892,5.181818182,0.9642857140000001,21.0,0.333333333,928,0.0,32,32,69,66,114,114,7,1.0,0.307692308,22,0
3,4,5.181818182,603,603,892,5.181818182,0.9642857140000001,6.0,0.333333333,928,0.0,32,32,69,15,114,114,7,0.0,1.0,22,0
3,3,1.0,24,24,0,1.0,0.0,0.0,0.0,928,50.91351351,32,32,3,1,3,3,7,0.0,0.0,3,0
7,10,4.0,32,32,0,4.0,0.0,11.0,1.0,6579,576.0,256,193,1,28,4,4,153,0.0,0.0,1,1
7,10,5.0,35,35,0,5.0,0.0,15.0,1.0,6579,576.0,256,193,3,32,5,5,153,0.0,0.5,1,1
0,0,1.0,16,37,0,1.0,0.0,0.0,0.0,5974,50.91351351,478,326,6,1,6,3,25,0.0,0.0,6,0
1,1,2.133333333,340,450,536,2.9411764710000003,0.88362069,2.0,0.194805195,14143,0.0,1136,763,40,3,64,50,59,1.0,0.0,30,0
1,3,1.5208333330000001,385,446,2834,1.631578947,0.901595745,3.0,0.18466899,14143,47.0,1136,763,82,10,73,62,59,0.0,0.0,48,0
0,2,2.3586956519999998,1163,1616,11416,2.161764706,0.957142857,2.0,0.497297297,14143,10.0,1136,763,265,18,217,147,59,1.0,1.0,92,0
0,0,1.739130435,241,308,1452,2.214285714,0.962962963,2.0,0.39047619,20586,8.0,1786,1112,70,3,40,31,154,2.0,1.0,23,0
0,0,1.333333333,55,81,162,1.5,0.9375,0.0,0.14285714300000002,20586,9.0,1786,1112,35,5,12,9,154,0.0,0.0,9,0
1,1,1.0,15,30,16,1.0,0.8666666670000001,2.0,0.666666667,6879,0.0,703,335,8,3,6,3,48,1.0,0.0,6,0
0,0,1.0,151,371,758,1.0,0.95923913,1.0,0.322580645,6879,9.0,703,335,60,4,33,12,48,1.0,0.0,33,0
2,4,2.611111111,226,256,433,2.625,0.882352941,5.0,0.68627451,5566,15.0,383,208,46,8,47,42,38,1.0,0.0,18,0
1,3,2.906542056,1997,2218,17110,3.021978022,0.950471698,6.0,0.220120724,5906,0.0,345,253,310,10,311,275,22,2.0,0.5,107,0
0,0,1.111111111,63,68,34,1.125,0.5625,3.0,0.642857143,4401,0.0,270,253,11,6,10,9,38,2.0,1.0,9,0
1,1,1.0,264,300,430,1.0,0.107142857,3.0,0.9259259259999999,7652,50.91351351,356,265,56,4,29,25,35,1.0,0.0,29,0
0,0,1.211538462,395,638,3864,1.085714286,1.019607843,1.0,0.0,7652,30.0,356,265,140,4,63,38,35,0.0,0.0,52,0
0,0,1.035714286,498,720,4584,1.052631579,1.018181818,1.0,0.0,7652,30.0,356,265,127,4,58,40,35,0.0,0.0,56,0
0,0,1.0,9,27,0,0.0,1.125,1.0,0.0,1905,2.0,40,35,5,4,3,0,57,1.0,0.0,3,0
4,4,1.0,431,431,0,1.0,0.0,0.0,0.0,7829,5.0,395,381,27,6,22,22,45,0.0,0.0,22,1
3,3,1.192307692,372,372,36,1.192307692,0.0,2.0,0.0,7829,0.0,395,381,27,3,31,31,45,0.0,0.0,26,0
3,3,1.0,11,11,0,1.0,0.0,1.0,0.0,5489,1.0,227,225,5,3,2,2,168,0.0,0.0,2,0
6,12,7.0,35,35,12,7.0,0.0,14.0,1.0,5489,1.0,227,225,7,32,7,7,168,0.0,0.75,1,1
3,5,4.0,569,569,524,4.0,0.0,6.0,0.0,5489,0.0,227,225,41,13,48,48,168,0.0,1.0,12,0
3,7,3.0,14,14,8,3.0,0.0,8.0,1.0,5489,0.0,227,225,4,11,3,3,168,0.0,1.0,1,0
4,7,2.25,44,44,24,2.25,1.0,8.0,0.0,5489,1.0,227,225,11,9,9,9,168,0.0,1.0,4,1
3,7,5.571428571,178,178,198,5.571428571,0.0,7.0,1.0,5489,0.0,227,225,17,28,39,39,168,0.0,0.666666667,7,0
4,8,3.25,79,79,44,3.25,0.0,8.0,0.0,5489,1.0,227,225,11,24,13,13,168,0.0,0.0,4,1
3,7,1.75,83,83,120,1.75,0.0,8.0,0.0,5489,1.0,227,225,17,8,14,14,168,0.0,0.0,8,0
4,4,1.5208333330000001,385,446,2834,1.631578947,0.901595745,2.0,0.18466899,14143,47.0,1136,763,82,5,73,62,59,1.0,0.5,48,1
3,3,1.5208333330000001,385,446,2834,1.631578947,0.901595745,2.0,0.18466899,14143,47.0,1136,763,82,6,73,62,59,1.0,0.5,48,0
3,15,3.476190476,798,819,1009,3.888888889,1.044575472,63.0,0.23636363600000002,20586,23.0,1786,1112,135,72,73,70,154,2.0,0.441176471,21,0
4,4,6.777777778,271,271,16,6.777777778,0.8125,8.0,0.0,3566,0.0,432,347,21,12,61,61,64,4.0,0.0,9,1
3,6,1.363636364,110,131,278,1.333333333,0.8,6.0,0.622222222,5566,18.0,383,208,46,8,15,12,38,1.0,0.5,11,0
3,4,1.071428571,56,132,221,1.2,0.794871795,10.0,0.35164835200000005,5566,18.0,383,208,44,16,15,6,38,5.0,0.5,14,0
3,4,1.6666666669999999,153,244,331,2.285714286,0.888636364,25.0,0.3,5566,22.0,383,208,61,31,35,16,38,17.0,0.5,21,0
3,6,1.0,56,133,191,1.0,0.794871795,8.0,0.35164835200000005,5566,18.0,383,208,43,10,14,5,38,4.0,1.0,14,0
3,4,1.4,163,163,32,1.4,0.5,5.0,0.333333333,4401,0.0,270,253,9,7,7,7,38,1.0,1.0,5,0
4,4,1.0,26,26,0,1.0,0.0,0.0,0.0,4401,50.91351351,270,253,9,1,9,9,38,0.0,0.0,9,1
4,4,1.111111111,61,61,124,1.111111111,0.75,4.0,0.066666667,2217,14.0,148,124,35,3,10,10,17,0.0,0.0,9,1
9,9,1.0,431,431,0,1.0,0.0,0.0,0.0,7829,5.0,395,381,27,7,22,22,45,0.0,0.0,22,1
8,8,1.0,431,431,0,1.0,0.0,0.0,0.0,7829,5.0,395,381,27,7,22,22,45,0.0,0.0,22,1
10,10,1.0,431,431,0,1.0,0.0,0.0,0.0,7829,5.0,395,381,27,8,22,22,45,0.0,0.0,22,1
9,9,2.222222222,645,645,8,2.222222222,1.038461538,9.0,0.0,7829,50.91351351,395,381,28,14,60,60,45,0.0,0.0,27,1
7,14,2.0,90,90,30,2.0,1.0555555559999998,15.0,0.133333333,5489,50.91351351,227,225,11,16,14,14,168,0.0,0.75,7,1
11,11,1.5208333330000001,385,446,2834,1.631578947,0.901595745,2.0,0.18466899,14143,47.0,1136,763,82,11,73,62,59,1.0,0.5,48,1
10,10,1.5208333330000001,385,446,2834,1.631578947,0.901595745,2.0,0.18466899,14143,47.0,1136,763,82,9,73,62,59,1.0,0.5,48,1
7,7,1.5208333330000001,385,446,2834,1.631578947,0.901595745,7.0,0.18466899,14143,47.0,1136,763,82,4,73,62,59,0.0,0.0,48,1
11,11,1.222222222,408,539,2704,1.266666667,0.9678571429999999,2.0,0.012519562,14143,85.0,1136,763,102,7,99,76,59,1.0,0.5,81,1
7,7,1.222222222,408,539,2704,1.266666667,0.9678571429999999,2.0,0.012519562,14143,85.0,1136,763,102,6,99,76,59,1.0,0.5,81,1
8,8,1.35,102,221,147,2.0,0.863157895,16.0,0.19166666699999999,14143,10.0,1136,763,34,20,27,14,59,8.0,0.0,20,1
15,16,1.4090909090000001,267,285,865,1.45,0.942857143,32.0,0.549450549,20586,9.0,1786,1112,67,25,31,29,154,16.0,0.666666667,22,1
1,1,2.0,55,55,30,2.0,1.333333333,2.0,0.0,3862,50.91351351,227,219,7,4,8,8,29,0.0,0.0,4,0
2,3,1.98245614,674,674,0,1.98245614,0.017857143,5.0,1.0,3862,0.0,227,219,57,10,113,113,29,2.0,0.0,57,0
2,3,1.98245614,674,674,0,1.98245614,0.017857143,5.0,1.0,3862,0.0,227,219,57,10,113,113,29,2.0,0.0,57,0
0,0,2.636363636,170,197,150,2.5,1.1,3.0,0.0,3862,0.0,227,219,18,12,29,25,29,0.0,1.0,11,0
0,1,2.2058823530000002,787,787,1842,2.2058823530000002,1.03030303,1.0,0.0,3862,21.0,227,219,82,5,75,75,29,0.0,0.666666667,34,0
1,1,1.875,375,375,1021,1.875,1.043478261,1.0,0.0,3862,24.0,227,219,71,3,45,45,29,0.0,0.0,24,0
0,0,1.875,375,375,1021,1.875,1.043478261,2.0,0.0,3862,24.0,227,219,71,5,45,45,29,2.0,0.0,24,0
1,3,2.631578947,339,339,377,2.631578947,1.0555555559999998,6.0,0.0,3862,50.91351351,227,219,30,11,50,50,29,0.0,1.0,19,0
1,1,2.631578947,339,339,377,2.631578947,1.0555555559999998,1.0,0.0,3862,50.91351351,227,219,30,3,50,50,29,0.0,0.0,19,0
0,0,1.6666666669999999,347,373,218,1.6818181819999998,0.904347826,7.75059952,0.21637426899999998,3862,50.91351351,227,219,26,1,40,37,29,1.5947242209999999,0.0,24,0
1,1,1.6666666669999999,347,373,218,1.6818181819999998,0.904347826,7.75059952,0.21637426899999998,3862,50.91351351,227,219,26,1,40,37,29,1.5947242209999999,0.0,24,0
0,0,1.0,14,14,0,1.0,0.0,0.0,0.0,993,0.0,54,49,4,1,4,4,30,0.0,0.0,4,0
0,2,1.25,20,20,8,1.25,0.0,3.0,0.0,993,0.0,54,49,5,6,5,5,30,0.0,0.0,4,0
2,19,4.555555556,429,429,2,4.555555556,0.875,22.0,1.0,429,0.0,9,9,10,38,41,41,2,2.0,0.0,9,0
3,3,2.2058823530000002,787,787,1842,2.2058823530000002,1.03030303,3.0,0.0,3862,21.0,227,219,82,3,75,75,29,0.0,0.0,34,0
3,6,2.2058823530000002,787,787,1842,2.2058823530000002,1.03030303,9.0,0.0,3862,21.0,227,219,82,18,75,75,29,2.0,0.0,34,0
3,3,1.875,375,375,1021,1.875,1.043478261,3.0,0.0,3862,24.0,227,219,71,3,45,45,29,0.0,0.0,24,0
3,3,2.631578947,339,339,377,2.631578947,1.0555555559999998,4.0,0.0,3862,50.91351351,227,219,30,4,50,50,29,0.0,0.0,19,0
3,3,1.75,42,52,8,2.0,1.142857143,6.0,0.0,3862,0.0,227,219,8,5,14,12,29,0.0,0.0,8,0
3,3,1.0,26,26,8,1.0,0.5,6.0,1.0,993,0.0,54,49,4,7,2,2,30,3.0,0.0,2,0
4,6,4.5,73,73,6,4.5,0.0,5.0,1.0,993,0.0,54,49,4,13,9,9,30,0.0,0.0,2,0
5,15,4.555555556,429,429,2,4.555555556,0.875,18.0,1.0,429,0.0,9,9,10,24,41,41,2,1.0,0.0,9,1
5,22,4.555555556,429,429,2,4.555555556,0.875,24.0,1.0,429,0.0,9,9,10,40,41,41,2,1.0,0.0,9,1
3,13,4.555555556,429,429,2,4.555555556,0.875,12.0,1.0,429,0.0,9,9,10,50,41,41,2,0.0,0.0,9,0
0,0,2.861111111,1234,1440,899,3.9090909089999997,0.932467532,1.0,0.11092437,20854,168.0,812,543,254,4,103,86,70,1.0,0.0,36,0
1,4,6.413793103,1446,1451,1250,6.607142857,0.932142857,8.0,0.194444444,27590,0.0,1132,948,76,48,186,185,138,3.0,0.333333333,29,0
1,3,2.333333333,62,62,54,2.333333333,0.5,11.0,1.0,27590,87.0,1132,948,152,30,7,7,138,3.0,0.8,3,0
0,0,2.688311688,1204,1334,4998,3.1896551719999997,0.970614035,0.0,0.05026300400000001,27590,0.0,1132,948,142,1,207,185,138,0.0,0.0,77,0
1,2,1.125,104,104,88,1.125,0.0,1.0,0.0,23224,1.0,474,454,17,14,9,9,69,0.0,1.0,8,0
0,0,1.0,80,105,0,1.0,0.0,0.0,0.0,8970,50.91351351,374,289,12,1,12,9,31,0.0,0.0,12,0
0,0,1.418181818,1643,1929,438,1.5287356319999998,0.9908256879999999,1.0,0.000849473,19469,0.0,786,681,111,7,156,133,66,0.0,0.0,110,0
1,1,3.277777778,404,455,0,3.25,0.623529412,5.0,0.6190476189999999,19469,0.0,786,681,18,7,59,52,66,4.0,0.0,18,0
1,1,1.5,135,135,0,1.5,0.857142857,2.0,1.0,19469,4.0,786,681,8,8,12,12,66,1.0,0.0,8,0
1,6,2.4379562040000002,2687,3578,29122,2.964705882,0.979309166,9.0,0.046379829000000004,9478,12.0,312,223,330,35,334,252,28,1.0,0.6,137,0
2,3,2.8461538460000004,339,344,154,3.0,0.96875,3.0,0.0,1350,0.0,51,41,25,5,37,36,6,0.0,0.0,13,0
0,0,3.80952381,1427,1619,1966,4.483870968,0.96097561,1.0,0.008602151,8318,0.0,262,190,62,4,160,139,29,1.0,1.0,42,0
0,0,2.540540541,578,799,292,3.736842105,0.963541667,1.0,0.1,8318,0.0,262,190,42,4,94,71,29,1.0,0.0,37,0
1,1,1.93877551,534,626,390,2.243243243,0.932291667,1.0,0.026595745,2325,0.0,88,74,50,1,95,83,2,1.0,1.0,49,0
3,3,1.0888888890000001,342,411,440,1.102564103,0.8863636359999999,3.0,0.035940803,20854,0.0,812,543,51,5,49,43,70,0.0,0.0,45,0
3,3,1.0,11,11,0,1.0,0.0,6.0,1.0,6135,0.0,269,205,1,5,1,1,30,3.0,0.0,1,1
4,6,4.450704225,1613,1613,6292,4.450704225,0.9930612240000001,11.0,0.040705563,8510,0.0,214,200,111,47,316,316,44,0.0,1.0,71,0
5,16,6.0,247,247,330,6.0,1.2,23.0,0.0,10542,0.0,699,634,36,81,36,36,66,0.0,0.571428571,6,1
5,5,1.9338842980000002,1190,1247,24104,1.939130435,0.861904762,8.0,0.884542952,10542,84.0,699,634,421,10,234,223,66,3.0,0.0,121,1
6,6,1.0,53,106,0,1.0,1.0,12.0,0.0,10542,0.0,699,634,7,9,7,1,66,6.0,0.0,7,1
3,4,1.4,170,170,0,1.4,1.025,10.0,0.333333333,19441,0.0,821,669,5,26,7,7,49,6.0,0.0,5,1
3,3,1.0,539,739,0,1.0,1.010416667,0.0,0.0,19441,0.0,821,669,97,9,97,74,49,0.0,0.0,97,0
4,4,1.0,539,739,0,1.0,1.010416667,0.0,0.0,19441,0.0,821,669,97,8,97,74,49,0.0,0.0,97,1
6,6,2.04,598,598,768,2.04,0.0,0.0,0.0,19441,133.0,821,669,206,10,51,51,49,0.0,0.0,25,1
3,3,1.814814815,325,399,280,1.952380952,0.8557692309999999,4.0,0.09486166,19441,50.91351351,821,669,39,11,49,41,49,3.0,1.0,27,1
3,3,1.571428571,288,288,379,1.571428571,0.0,4.0,0.0,23224,24.0,474,454,55,5,33,33,69,2.0,0.0,21,0
4,4,4.0,184,184,33,4.0,1.0,4.0,0.333333333,8970,116.0,374,289,188,6,20,20,31,0.0,0.0,5,0
3,5,7.0,1782,1782,6008,7.0,0.93956044,6.0,0.07777777799999999,8970,0.0,374,289,107,20,350,350,31,0.0,1.0,50,0
4,9,7.0,1782,1782,6008,7.0,0.93956044,14.0,0.07777777799999999,8970,0.0,374,289,107,38,350,350,31,0.0,0.5,50,0
3,5,2.75,82,82,0,2.75,0.0,5.0,0.0,19469,0.0,786,681,4,13,11,11,66,0.0,0.0,4,0
3,3,1.9210526319999999,1454,1659,3934,2.081967213,0.9784946240000001,4.0,0.048033125999999995,8318,15.0,262,190,120,9,146,127,29,1.0,1.0,76,0
4,5,1.0,47,47,20,1.0,2.0,6.0,0.0,8318,190.0,262,190,230,11,2,2,29,0.0,0.666666667,2,1
3,6,5.8,612,612,162,5.8,1.0,6.0,0.0,3358,0.0,184,165,20,24,58,58,18,0.0,1.0,10,1
3,16,5.8,612,612,162,5.8,1.0,14.0,0.0,3358,0.0,184,165,20,120,58,58,18,3.0,0.2,10,1
7,7,6.0975609760000005,1255,1589,1098,7.740740741000001,0.902083333,31.0,0.29004329,8814,0.0,151,113,43,47,250,209,34,0.0,1.0,41,1
9,9,9.0,1705,1705,108,9.0,0.0,9.0,1.0,16188,50.91351351,569,482,29,12,27,27,90,0.0,0.0,3,1
7,17,3.2,123,133,68,4.666666667,1.107142857,25.0,0.0,10542,0.0,699,634,12,65,16,14,66,6.0,0.833333333,5,1
7,7,3.0533333330000003,1779,1828,10273,3.112676056,0.9902143520000001,8.0,0.011538462,10542,163.0,699,634,395,8,229,221,66,1.0,0.0,75,1
7,8,4.951807229,2997,3547,8097,4.6865671639999995,0.953436807,10.0,0.058823529000000006,19441,50.91351351,821,669,155,37,411,314,49,3.0,0.333333333,83,1
8,8,1.083333333,68,78,28,1.1,1.0,17.0,0.018181818,23224,125.0,474,454,72,14,13,11,69,9.0,0.0,12,1
8,8,1.111111111,43,67,22,1.166666667,0.95,11.0,0.071428571,23224,129.0,474,454,73,10,10,7,69,3.0,0.0,9,1
7,7,5.0,97,97,4,5.0,0.0,17.0,1.0,9478,0.0,312,223,3,55,5,5,28,8.0,1.0,1,1
14,14,3.80952381,1427,1619,1966,4.483870968,0.96097561,23.0,0.008602151,8318,0.0,262,190,62,18,160,139,29,9.0,0.5,42,1
8,8,2.540540541,578,799,292,3.736842105,0.963541667,11.0,0.1,8318,0.0,262,190,42,16,94,71,29,0.0,1.0,37,1
11,11,2.540540541,578,799,292,3.736842105,0.963541667,12.0,0.1,8318,0.0,262,190,42,11,94,71,29,1.0,0.0,37,1
7,10,2.540540541,578,799,292,3.736842105,0.963541667,20.0,0.1,8318,0.0,262,190,42,31,94,71,29,7.0,0.0,37,1
