MAXNESTING_method,CYCLO_method,NOLV_method,LOC_method,NOAV_method,CDISP_method,FDP_method,CFNAMM_method,CINT_method,MaMCL_method,CLNAMM_method,NMCS_method,FANOUT_method,MeMCL_method,AMWNAMM_type,AMW_type,LAA_method,LOCNAMM_type,LOC_type,WMCNAMM_type,LOC_package,LCOM5_type,ATFD_method,WMC_type,NOP_method,TCC_type,NOM_package,NOMNAMM_package,ATLD_method,number_final_not_static_methods,CFNAMM_type,ATFD_type,number_final_methods,is_long_method
1,1,0,3,1,1.0,0,1,1,0,1,0,1,0,1.5,1.5,1.0,54,54,9,701,1.0,0,9,0,1.0,72,72,1,0,2,3,0,0
1,1,0,3,1,1.0,0,1,1,0,1,0,1,0,1.5,1.5,1.0,54,54,9,701,1.0,0,9,0,1.0,72,72,1,0,2,3,0,0
1,1,2,5,2,1.0,0,1,1,0,0,0,1,0,1.5,1.5,0.0,54,54,9,701,1.0,0,9,1,1.0,72,72,0,0,2,3,0,0
2,2,3,11,5,0.0,1,0,0,0,1,0,0,0,1.5,1.5,0.0,54,54,9,701,1.0,2,9,1,1.0,72,72,0,0,2,3,0,0
2,2,3,11,5,0.0,1,0,0,0,1,0,0,0,1.5,1.5,0.0,54,54,9,701,1.0,2,9,1,1.0,72,72,0,0,2,3,0,0
2,2,3,11,5,0.0,1,0,0,0,0,0,0,0,1.5,1.5,0.0,54,54,9,701,1.0,2,9,1,1.0,72,72,0,0,2,3,0,0
3,5,8,29,12,0.333333,2,3,3,0,0,0,1,0,5.0,5.0,0.28571399999999997,35,35,5,701,0.0,5,5,0,1.0,72,72,2,0,3,5,0,0
1,1,2,3,2,1.0,0,1,1,0,0,0,1,0,1.0,1.0,0.0,18,18,4,2639,0.0,0,4,2,1.0,109,100,0,0,4,0,0,0
1,1,4,3,4,1.0,0,1,1,0,0,0,1,0,1.0,1.0,0.0,18,18,4,2639,0.0,0,4,4,1.0,109,100,0,0,4,0,0,0
1,1,2,3,2,1.0,0,1,1,0,0,0,1,0,1.0,1.0,0.0,18,18,4,2639,0.0,0,4,2,1.0,109,100,0,0,4,0,0,0
1,1,3,3,3,1.0,0,1,1,0,0,0,1,0,1.0,1.0,0.0,18,18,4,2639,0.0,0,4,3,1.0,109,100,0,0,4,0,0,0
3,6,6,33,23,0.833333,3,6,6,0,3,0,5,0,11.310345,11.310345,0.294118,1371,1371,328,2639,0.723214,10,328,0,1.0,109,100,5,0,51,106,0,0
4,10,6,48,17,0.333333,2,3,3,0,6,0,1,0,11.310345,11.310345,0.166667,1371,1371,328,2639,0.723214,9,328,5,1.0,109,100,2,0,51,106,0,0
6,139,25,523,105,0.368421,2,19,19,0,6,0,7,0,11.310345,11.310345,0.3,1371,1371,328,2639,0.723214,56,328,1,1.0,109,100,24,0,51,106,0,1
6,75,16,257,101,0.6,8,5,5,0,4,0,3,0,6.8709679999999995,6.8709679999999995,0.023528999999999998,828,828,213,1422,0.666667,83,213,2,1.0,54,54,2,0,13,173,0,1
1,1,1,5,1,0.0,0,0,0,0,0,0,0,0,1.0,1.0,0.0,15,15,2,44,0.0,0,2,1,0.0,5,5,0,0,0,0,0,0
1,1,1,4,0,0.0,0,0,0,0,0,0,0,0,1.0,1.0,0.0,15,15,2,44,0.0,0,2,1,0.0,5,5,0,0,0,0,0,0
1,1,1,5,1,0.0,0,0,0,0,1,0,0,0,1.333333,1.333333,0.0,29,29,4,44,0.0,0,4,1,0.0,5,5,0,0,2,0,0,0
2,2,2,12,1,1.0,0,2,2,0,0,0,2,0,1.333333,1.333333,0.0,29,29,4,44,0.0,0,4,2,0.0,5,5,0,0,2,0,0,0
1,1,0,3,0,0.0,0,0,0,0,0,0,0,0,1.333333,1.333333,0.0,29,29,4,44,0.0,0,4,0,0.0,5,5,0,0,2,0,0,0
1,1,0,4,1,0.0,0,0,0,0,0,0,0,0,1.0,1.0,1.0,330,330,1,1293,0.9717950000000001,0,40,0,0.08717899999999999,138,27,1,0,3,15,0,0
5,23,18,176,32,0.428571,2,3,7,0,2,0,3,0,2.5,2.5,0.1,538,538,45,1447,1.0,9,45,7,0.7843140000000001,77,60,1,0,5,13,0,1
2,3,1,18,0,1.0,0,1,1,0,0,0,1,0,3.333333,3.333333,0.0,88,88,10,619,0.0,0,10,0,1.0,34,28,0,0,3,1,0,0
2,4,6,27,7,0.5,1,2,2,0,1,0,1,0,3.333333,3.333333,0.0,88,88,10,619,0.0,1,10,4,1.0,34,28,0,0,3,1,0,0
3,3,4,12,4,0.5,1,2,2,0,0,0,1,0,3.333333,3.333333,0.0,88,88,10,619,0.0,1,10,0,1.0,34,28,0,0,3,1,0,0
1,1,0,7,4,1.0,0,1,1,0,0,0,1,0,1.75,1.833333,1.0,390,518,42,619,0.9373040000000001,0,55,0,0.26108400000000004,34,28,4,0,1,0,0,0
1,1,2,4,2,0.0,0,0,0,0,1,0,0,0,1.75,1.833333,0.0,390,518,42,619,0.9373040000000001,0,55,2,0.26108400000000004,34,28,0,0,1,0,0,0
3,3,10,30,14,0.0,0,0,0,0,0,0,0,0,1.75,1.833333,1.0,390,518,42,619,0.9373040000000001,0,55,2,0.26108400000000004,34,28,4,0,1,0,0,0
7,60,19,206,52,0.454545,2,11,11,0,12,0,5,0,5.605263,4.8297870000000005,0.428571,1264,1342,213,7963,0.949275,15,227,3,0.49359,322,277,15,5,30,19,7,1
7,21,17,111,18,0.333333,0,6,6,0,4,0,2,0,7.714286,7.714286,1.0,469,469,54,7963,0.9,0,54,3,0.3,322,277,4,0,10,0,0,1
1,2,1,7,32,1.0,1,0,1,0,1,0,1,0,3.111111,2.166667,0.095238,488,624,28,7963,0.989967,19,52,1,0.177866,322,277,2,0,13,22,0,0
3,3,9,18,9,1.0,0,1,1,0,1,0,1,0,2.0,2.0,0.0,196,196,8,993,0.0,0,8,1,0.0,111,106,0,0,11,0,0,0
1,1,3,8,3,0.0,0,0,0,0,1,0,0,0,2.0,2.0,0.0,196,196,8,993,0.0,0,8,0,0.0,111,106,0,0,11,0,0,0
2,2,1,14,1,0.0,0,0,0,0,0,0,0,0,2.0,2.0,0.0,196,196,8,993,0.0,0,8,0,0.0,111,106,0,0,11,0,0,0
2,2,6,31,5,0.9,0,10,10,0,0,0,9,0,2.0,2.0,0.0,196,196,8,993,0.0,0,8,1,0.0,111,106,0,0,11,0,0,0
1,1,3,7,6,0.0,0,0,0,0,0,0,0,0,1.0,1.0,1.0,26,26,2,993,0.5,0,2,3,1.0,111,106,3,0,2,0,0,0
3,8,2,22,7,0.5,2,2,2,0,0,0,1,0,2.5,2.636364,0.0,170,197,25,7010,1.0,5,29,1,0.0,464,451,0,9,6,6,9,0
5,3,10,79,15,1.0,0,4,4,0,1,0,4,0,2.5,2.5,1.0,166,166,10,713,0.6,0,10,2,0.5,36,34,5,0,4,0,0,0
3,4,1,15,3,0.0,0,0,0,0,0,0,0,0,2.5,2.5,1.0,166,166,10,713,0.6,0,10,0,0.5,36,34,2,0,4,0,0,0
2,2,3,12,7,0.0,0,0,0,0,0,0,0,0,2.5,2.5,1.0,166,166,10,713,0.6,0,10,1,0.5,36,34,4,0,4,0,0,0
1,1,0,3,0,0.0,0,0,0,0,0,0,0,0,2.5,2.5,0.0,166,166,10,713,0.6,0,10,0,0.5,36,34,0,0,4,0,0,0
3,6,4,32,6,1.0,1,1,1,0,0,0,1,0,6.0,6.0,0.0,34,34,6,713,0.0,2,6,1,1.0,36,34,0,0,1,2,0,0
6,22,10,134,20,1.0,0,1,1,0,13,0,1,0,4.314815,3.8730160000000002,0.636364,1910,2005,233,2259,0.953717,0,244,3,0.38350300000000004,113,101,7,4,11,3,4,1
6,24,12,122,25,0.5,1,1,4,0,10,0,2,0,4.314815,3.8730160000000002,0.5,1910,2005,233,2259,0.953717,3,244,3,0.38350300000000004,113,101,7,4,11,3,4,1
1,1,0,4,1,1.0,0,1,1,0,0,0,1,0,1.545455,1.545455,1.0,146,146,17,197,0.3,0,17,0,0.622222,16,16,1,9,1,0,9,0
1,1,0,3,1,0.0,0,0,0,0,0,0,0,0,1.545455,1.545455,1.0,146,146,17,197,0.3,0,17,0,0.622222,16,16,1,9,1,0,9,0
1,1,0,3,0,1.0,0,1,1,0,0,0,1,0,1.545455,1.545455,0.0,146,146,17,197,0.3,0,17,0,0.622222,16,16,0,9,1,0,9,0
2,2,1,6,2,0.0,0,0,0,0,0,0,0,0,1.545455,1.545455,1.0,146,146,17,197,0.3,0,17,1,0.622222,16,16,1,9,1,0,9,0
2,3,1,10,2,0.0,0,0,0,0,0,0,0,0,1.545455,1.545455,1.0,146,146,17,197,0.3,0,17,1,0.622222,16,16,1,9,1,0,9,0
6,29,24,181,40,0.375,5,15,24,0,1,0,9,0,8.0,7.285714,0.166667,306,321,48,2893,0.866667,10,51,2,0.2,139,112,2,2,20,11,3,1
8,20,15,110,33,0.388889,6,6,18,2,0,1,7,2,3.714286,3.714286,0.06666699999999999,130,130,26,1008,0.833333,14,26,1,0.06666699999999999,55,45,1,0,6,14,0,1
3,3,6,22,10,1.0,1,0,1,0,1,0,1,0,2.222222,2.222222,0.75,200,200,20,817,0.825,1,20,4,1.0,116,26,3,0,2,1,0,0
2,2,5,18,9,1.0,1,0,1,0,0,0,1,0,2.222222,2.222222,0.75,200,200,20,817,0.825,1,20,1,1.0,116,26,3,0,2,1,0,0
2,2,2,13,3,0.0,0,0,0,0,0,0,0,0,2.222222,2.222222,1.0,200,200,20,817,0.825,0,20,0,1.0,116,26,1,0,2,1,0,0
2,2,7,13,8,0.0,0,0,0,0,2,0,0,0,2.222222,2.222222,1.0,200,200,20,817,0.825,0,20,3,1.0,116,26,1,0,2,1,0,0
5,5,4,23,16,0.166667,1,1,6,0,0,0,1,0,2.5,2.055556,0.14285699999999998,190,240,30,7206,0.803922,6,37,2,0.428571,551,463,1,0,6,12,0,0
1,1,1,5,4,1.0,1,1,1,0,0,0,1,0,1.0,1.0,0.666667,29,29,5,2303,0.0,1,5,1,0.0,198,159,2,0,2,0,0,0
1,1,0,3,1,0.0,0,0,0,0,0,0,0,0,1.0,1.0,1.0,29,29,5,2303,0.0,0,5,0,0.0,198,159,1,0,2,0,0,0
1,1,0,3,1,0.0,0,0,0,0,0,0,0,0,1.0,1.0,1.0,29,29,5,2303,0.0,0,5,0,0.0,198,159,1,0,2,0,0,0
1,1,0,3,1,0.0,0,0,0,0,0,0,0,0,1.0,1.0,1.0,29,29,5,2303,0.0,0,5,0,0.0,198,159,1,0,2,0,0,0
1,1,0,3,0,1.0,0,1,1,0,0,0,1,0,1.0,1.0,0.0,29,29,5,2303,0.0,0,5,0,0.0,198,159,0,0,2,0,0,0
6,32,7,119,31,1.0,2,1,2,0,4,0,2,0,8.954887,8.895522,0.833333,5732,5744,1191,12655,0.9973799999999999,4,1192,0,0.938942,440,408,20,61,20,13,125,1
9,37,28,267,48,0.833333,3,6,6,0,10,0,5,0,8.954887,8.895522,0.8,5732,5744,1191,12655,0.9973799999999999,4,1192,0,0.938942,440,408,16,61,20,13,125,1
1,1,2,6,5,0.0,0,0,0,0,0,0,0,0,6.857142999999999,6.857142999999999,1.0,301,301,48,928,1.0,0,48,2,0.0,41,41,3,0,8,13,0,0
3,3,7,16,6,1.0,0,1,1,0,1,0,1,0,6.857142999999999,6.857142999999999,1.0,301,301,48,928,1.0,0,48,2,0.0,41,41,1,0,8,13,0,0
2,2,6,17,25,0.2,3,0,5,0,0,0,1,0,2.0,2.0,0.0,20,20,2,6579,0.0,15,2,5,1.0,454,385,0,0,0,15,0,0
1,1,2,4,4,0.0,0,0,0,0,0,0,0,0,4.181818,4.181818,1.0,228,228,46,228,0.933333,0,46,2,1.0,11,11,2,0,0,0,0,0
1,2,3,8,4,0.0,0,0,0,0,1,0,0,0,4.181818,4.181818,1.0,228,228,46,228,0.933333,0,46,1,1.0,11,11,1,0,0,0,0,0
1,2,1,7,2,0.0,0,0,0,0,0,0,0,0,4.181818,4.181818,1.0,228,228,46,228,0.933333,0,46,1,1.0,11,11,1,0,0,0,0,0
1,2,2,10,3,0.0,0,0,0,0,0,0,0,0,4.181818,4.181818,1.0,228,228,46,228,0.933333,0,46,1,1.0,11,11,1,0,0,0,0,0
2,4,3,23,4,0.0,0,0,0,0,0,0,0,0,4.181818,4.181818,1.0,228,228,46,228,0.933333,0,46,1,1.0,11,11,1,0,0,0,0,0
6,11,8,50,18,0.2,3,5,5,0,2,0,1,0,5.411765,5.411765,0.0,391,391,92,1345,0.0,10,92,2,1.0,133,133,0,0,23,42,0,0
1,1,4,5,4,1.0,0,1,1,0,1,0,1,0,2.647059,2.647059,0.0,571,571,45,3052,0.89375,0,45,4,0.363636,176,165,0,0,19,3,0,0
1,1,4,5,4,1.0,0,1,1,0,1,0,1,0,2.647059,2.647059,0.0,571,571,45,3052,0.89375,0,45,4,0.363636,176,165,0,0,19,3,0,0
1,1,1,4,1,0.0,0,0,0,0,2,0,0,0,2.647059,2.647059,0.0,571,571,45,3052,0.89375,0,45,1,0.363636,176,165,0,0,19,3,0,0
1,1,1,4,1,0.0,0,0,0,0,2,0,0,0,2.647059,2.647059,0.0,571,571,45,3052,0.89375,0,45,1,0.363636,176,165,0,0,19,3,0,0
1,1,0,5,5,1.0,1,1,1,0,1,0,1,0,2.647059,2.647059,1.0,571,571,45,3052,0.89375,1,45,0,0.363636,176,165,2,0,19,3,0,0
8,72,32,402,44,0.666667,1,3,3,0,4,0,2,0,10.181818,7.3125,0.25,714,739,112,4404,0.866667,9,117,7,0.714286,202,154,3,0,7,11,0,1
1,2,1,6,1,1.0,0,1,1,0,1,0,1,0,1.5,1.5,0.0,12,12,3,147,0.0,0,3,1,0.0,20,20,0,0,1,0,0,0
1,2,1,6,1,1.0,0,1,1,0,0,0,1,0,2.0,2.0,0.0,8,8,2,147,0.0,0,2,1,1.0,20,20,0,0,1,0,0,0
1,1,1,4,2,0.0,0,0,0,0,0,0,0,0,2.333333,1.8,1.0,75,95,7,1645,0.75,0,9,1,0.6,81,56,1,0,4,0,0,0
1,1,1,4,2,0.0,0,0,0,0,0,0,0,0,2.333333,1.8,1.0,75,95,7,1645,0.75,0,9,1,0.6,81,56,1,0,4,0,0,0
1,1,4,6,6,1.0,0,1,1,0,0,0,1,0,2.333333,1.8,1.0,75,95,7,1645,0.75,0,9,3,0.6,81,56,2,0,4,0,0,0
4,4,5,29,6,1.0,0,2,2,0,0,0,2,0,2.333333,1.8,1.0,75,95,7,1645,0.75,0,9,0,0.6,81,56,2,0,4,0,0,0
6,31,18,160,18,0.0,0,0,0,0,0,0,0,0,10.0,10.0,0.0,248,248,40,2309,0.0,0,40,3,0.0,96,78,0,0,1,2,0,1
1,1,2,6,3,0.0,0,0,0,0,0,0,0,0,1.5,1.5,1.0,21,21,3,4403,1.0,0,3,2,1.0,88,78,1,0,0,0,0,0
1,2,1,8,2,0.0,0,0,0,0,0,0,0,0,1.5,1.5,1.0,21,21,3,4403,1.0,0,3,1,1.0,88,78,1,0,0,0,0,0
1,1,0,4,1,0.0,0,0,0,0,0,0,0,0,8.416667,10.533333,1.0,815,1323,202,4403,0.896552,0,316,0,0.636842,88,78,1,0,29,11,0,0
1,1,2,12,7,1.0,0,1,1,0,1,0,1,0,8.416667,10.533333,1.0,815,1323,202,4403,0.896552,0,316,0,0.636842,88,78,2,0,29,11,0,0
8,50,32,244,33,1.0,4,6,10,0,5,0,10,0,8.416667,10.533333,0.333333,815,1323,202,4403,0.896552,4,316,3,0.636842,88,78,2,0,29,11,0,1
6,19,18,120,18,0.714286,1,6,7,0,3,0,5,0,8.902439,8.431818,0.5,2758,2827,365,4403,0.8637870000000001,1,371,4,0.685606,88,78,1,0,42,9,0,1
1,2,1,6,2,0.0,0,0,0,0,0,0,0,0,3.9230769999999997,3.9230769999999997,1.0,218,218,51,752,0.683333,0,51,1,0.755556,38,38,1,0,3,3,0,0
1,1,1,3,2,0.0,0,0,0,0,0,0,0,0,3.9230769999999997,3.9230769999999997,1.0,218,218,51,752,0.683333,0,51,1,0.755556,38,38,1,0,3,3,0,0
1,3,2,6,4,0.0,0,0,0,0,0,0,0,0,3.9230769999999997,3.9230769999999997,1.0,218,218,51,752,0.683333,0,51,2,0.755556,38,38,2,0,3,3,0,0
2,2,0,5,1,0.0,0,0,0,0,1,0,0,0,3.9230769999999997,3.9230769999999997,1.0,218,218,51,752,0.683333,0,51,0,0.755556,38,38,1,0,3,3,0,0
3,7,8,98,15,1.0,0,2,2,0,2,0,2,0,3.75,2.4666669999999997,1.0,175,319,30,2259,0.923645,0,74,4,0.192118,161,103,8,0,5,1,0,0
1,1,3,7,3,1.0,0,3,3,0,1,0,3,0,3.5,3.5,0.0,561,561,56,613,0.866667,0,56,3,0.622222,28,25,0,0,23,0,0,0
1,1,3,7,3,1.0,0,3,3,0,1,0,3,0,3.5,3.5,0.0,561,561,56,613,0.866667,0,56,3,0.622222,28,25,0,0,23,0,0,0
3,3,7,20,7,1.0,0,1,1,0,1,0,1,0,3.5,3.5,0.0,561,561,56,613,0.866667,0,56,3,0.622222,28,25,0,0,23,0,0,0
2,1,3,10,3,1.0,0,1,1,0,1,0,1,0,3.5,3.5,0.0,561,561,56,613,0.866667,0,56,3,0.622222,28,25,0,0,23,0,0,0
6,17,14,80,18,0.666667,0,6,6,0,3,0,4,0,6.428571,3.375,1.0,188,248,45,1322,0.891667,0,54,1,0.209524,72,32,4,8,11,0,8,1
6,23,21,147,24,0.28571399999999997,0,7,7,0,3,0,2,0,8.333333,8.333333,1.0,393,393,75,3177,0.642857,0,75,3,1.0,133,124,3,0,13,0,0,1
7,28,18,164,30,0.684211,1,19,19,0,6,0,13,0,4.451613,4.451613,0.666667,1142,1142,138,5146,0.8111109999999999,4,138,1,0.40579699999999996,397,247,8,0,47,6,0,1
1,1,3,4,4,0.0,0,0,0,0,0,0,0,0,1.833333,1.833333,1.0,59,59,11,59,1.0,0,11,3,0.0,7,7,1,0,1,0,0,0
2,2,2,7,2,0.0,0,0,0,0,1,0,0,0,1.833333,1.833333,0.0,59,59,11,59,1.0,0,11,1,0.0,7,7,0,0,1,0,0,0
2,2,2,7,2,0.0,0,0,0,0,1,0,0,0,1.833333,1.833333,0.0,59,59,11,59,1.0,0,11,1,0.0,7,7,0,0,1,0,0,0
3,3,5,19,4,1.0,0,1,1,0,0,0,1,0,1.833333,1.833333,0.0,59,59,11,59,1.0,0,11,2,0.0,7,7,0,0,1,0,0,0
1,3,4,13,15,1.0,2,1,1,0,1,0,1,0,11.0,10.529411999999999,0.454545,616,695,165,1180,0.825893,6,179,4,0.722222,39,37,5,0,18,51,0,0
2,7,0,20,11,1.0,2,1,1,0,0,0,1,0,11.0,10.529411999999999,0.636364,616,695,165,1180,0.825893,4,179,0,0.722222,39,37,7,0,18,51,0,0
3,10,1,40,11,0.5,1,2,2,0,1,0,1,0,11.0,10.529411999999999,0.7,616,695,165,1180,0.825893,3,179,0,0.722222,39,37,7,0,18,51,0,0
5,43,15,108,54,0.230769,5,5,13,0,2,0,3,0,11.0,10.529411999999999,0.06451599999999999,616,695,165,1180,0.825893,29,179,2,0.722222,39,37,2,0,18,51,0,1
5,52,10,136,30,0.153846,3,8,13,0,3,0,2,0,11.0,10.529411999999999,0.227273,616,695,165,1180,0.825893,17,179,1,0.722222,39,37,5,0,18,51,0,1
4,24,13,120,28,0.294118,4,16,17,0,0,0,5,0,6.75,4.8333330000000005,0.0,134,147,27,5545,1.0,15,29,2,0.0,382,274,0,0,16,15,0,1
11,127,33,406,48,0.0,0,0,0,0,0,0,0,0,14.25,14.25,1.0,1011,1011,171,2107,0.9878790000000001,0,171,4,0.681818,68,68,15,0,0,0,10,1
1,1,1,4,3,0.0,0,0,0,0,0,0,0,0,5.9375,5.9375,1.0,590,590,95,1322,1.0,0,95,1,1.0,30,30,2,0,26,127,0,0
1,1,0,3,1,0.0,0,0,0,0,0,0,0,0,5.9375,5.9375,1.0,590,590,95,1322,1.0,0,95,0,1.0,30,30,1,0,26,127,0,0
2,3,4,20,6,0.0,0,0,0,0,2,0,0,0,5.9375,5.9375,1.0,590,590,95,1322,1.0,0,95,2,1.0,30,30,2,0,26,127,0,0
2,2,11,30,12,1.0,0,2,2,0,3,0,2,0,5.9375,5.9375,1.0,590,590,95,1322,1.0,0,95,2,1.0,30,30,1,0,26,127,0,0
7,22,31,143,99,0.19230799999999998,4,8,26,0,4,0,5,0,5.9375,5.9375,0.166667,590,590,95,1322,1.0,35,95,1,1.0,30,30,7,0,26,127,0,1
10,18,28,102,57,0.22222199999999998,4,7,18,0,0,0,4,0,5.9375,5.9375,0.076923,590,590,95,1322,1.0,12,95,1,1.0,30,30,1,0,26,127,0,1
8,87,39,374,72,0.363636,6,14,22,0,3,0,8,0,21.8,19.0,0.076923,495,523,109,5748,0.75,24,114,0,1.0,334,263,2,0,16,27,0,1
1,1,2,3,0,0.0,0,0,0,0,0,0,0,0,1.0,1.0,0.0,12,12,2,148,0.0,0,2,2,0.0,12,12,0,0,1,0,0,0
1,1,9,6,6,1.0,0,1,1,0,0,0,1,0,1.0,1.0,0.0,12,12,2,148,0.0,0,2,7,0.0,12,12,0,0,1,0,0,0
1,1,0,5,2,0.0,0,0,0,0,1,0,0,0,1.0,1.0,1.0,29,29,4,148,0.0,0,4,0,1.0,12,12,2,0,2,0,0,0
1,1,2,7,3,1.0,0,1,1,0,1,0,1,0,1.0,1.0,1.0,29,29,4,148,0.0,0,4,2,1.0,12,12,2,0,2,0,0,0
1,1,0,4,4,0.0,0,0,0,0,0,0,0,0,1.0,1.0,1.0,29,29,4,148,0.0,0,4,0,1.0,12,12,4,0,2,0,0,0
7,55,36,241,42,1.0,2,2,2,0,1,0,2,0,9.666667,7.8333330000000005,0.666667,356,372,87,1207,0.5,2,94,2,0.933333,95,89,4,0,9,1,0,1
2,3,14,38,27,0.277778,3,13,18,0,1,0,5,0,1.4,1.4,0.153846,74,74,7,1093,0.625,11,7,2,1.0,94,94,2,0,21,11,0,0
6,45,69,214,86,0.571429,2,5,7,0,5,0,4,0,8.538461999999999,8.538461999999999,0.5625,783,783,111,1683,0.9055559999999999,3,111,12,0.666667,37,37,9,0,24,25,0,1
6,22,37,102,60,0.4,2,14,15,0,1,0,6,0,7.714286,7.714286,0.6190479999999999,430,430,54,646,0.8703700000000001,5,54,5,1.0,28,27,13,0,47,5,0,1
1,1,1,3,2,0.0,0,0,0,0,0,0,0,0,1.75,1.75,1.0,290,290,21,2820,0.8636360000000001,0,21,1,0.8909090000000001,121,112,1,0,20,5,0,0
1,1,1,6,1,1.0,0,2,2,0,0,0,2,0,1.142857,1.333333,0.0,93,131,8,707,1.0,0,12,1,0.0,39,34,0,0,6,3,0,0
1,1,1,6,1,1.0,0,2,2,0,0,0,2,0,1.142857,1.333333,0.0,93,131,8,707,1.0,0,12,1,0.0,39,34,0,0,6,3,0,0
1,1,2,7,4,0.0,1,0,0,0,0,0,0,0,1.142857,1.333333,0.0,93,131,8,707,1.0,2,12,2,0.0,39,34,0,0,6,3,0,0
1,1,0,4,1,1.0,1,1,1,0,0,0,1,0,1.142857,1.333333,0.0,93,131,8,707,1.0,1,12,0,0.0,39,34,0,0,6,3,0,0
2,2,3,18,9,1.0,1,2,2,0,0,0,2,0,1.862069,1.806452,0.0,1127,1151,54,6459,1.0,6,56,3,0.0,443,432,0,0,29,14,0,0
1,1,4,20,11,1.0,1,1,1,0,0,0,1,0,2.0,2.0,0.0,307,307,26,6812,1.0,7,26,4,0.0,299,293,0,0,17,8,0,0
1,1,1,4,2,1.0,0,1,1,0,0,0,1,0,1.25,1.25,1.0,88,88,10,1578,0.14285699999999998,0,10,1,1.0,136,130,1,0,8,0,0,0
1,1,0,4,1,1.0,0,1,1,0,0,0,1,0,1.25,1.25,1.0,88,88,10,1578,0.14285699999999998,0,10,0,1.0,136,130,1,0,8,0,0,0
1,1,0,4,1,1.0,0,1,1,0,0,0,1,0,1.25,1.25,1.0,88,88,10,1578,0.14285699999999998,0,10,0,1.0,136,130,1,0,8,0,0,0
2,2,2,16,3,1.0,0,1,1,0,0,0,1,0,1.25,1.25,1.0,88,88,10,1578,0.14285699999999998,0,10,0,1.0,136,130,1,0,8,0,0,0
8,35,24,284,43,0.263158,0,11,19,0,4,0,5,0,10.0,10.0,0.466667,1566,1566,90,1627,0.895833,0,90,1,1.0,92,64,7,0,22,0,0,1
8,21,17,104,21,0.428571,3,7,7,0,1,0,3,0,4.565217,4.565217,0.5,776,776,105,2551,0.9444440000000001,3,105,1,0.11428599999999998,142,117,2,0,17,7,0,1
2,4,9,51,21,0.571429,3,7,7,0,0,0,4,0,2.25,2.25,0.166667,76,76,9,3957,1.0,10,9,2,0.333333,129,105,2,0,9,2,0,0
9,22,29,169,57,0.809524,9,16,21,2,0,2,17,2,6.076923000000001,5.62069,0.448276,1538,1583,158,1583,0.975914,16,163,4,0.809524,32,29,13,1,71,44,1,1
6,23,29,159,55,0.416667,6,27,36,0,0,0,15,0,7.75,7.75,0.52381,228,228,31,3757,0.733333,12,31,4,0.5,219,137,11,0,30,12,0,1
1,1,1,4,1,1.0,0,1,1,0,0,0,1,0,1.0,1.0,0.0,21,21,2,3130,0.0,0,2,1,1.0,157,143,0,0,2,0,0,0
1,1,0,3,1,1.0,0,1,1,0,0,0,1,0,1.0,1.0,1.0,21,21,2,3130,0.0,0,2,0,1.0,157,143,1,0,2,0,0,0
1,1,0,3,0,1.0,0,1,1,0,0,0,1,0,1.0,1.0,0.0,31,31,3,3130,1.0,0,3,0,0.0,157,143,0,0,1,1,0,0
7,22,14,114,30,1.0,1,1,1,0,0,0,1,0,8.333333,6.142857,0.875,255,356,25,1832,1.0,2,43,2,1.0,161,127,14,0,2,0,1,1
1,1,1,3,2,0.0,0,0,0,0,0,0,0,0,2.0,2.0,1.0,24,24,4,3219,0.0,0,4,1,1.0,549,471,1,0,1,0,0,0
2,3,5,15,6,1.0,0,1,1,0,0,0,1,0,2.0,2.0,1.0,24,24,4,3219,0.0,0,4,1,1.0,549,471,1,0,1,0,0,0
1,1,0,3,0,0.0,0,0,0,0,0,0,0,0,1.0,1.0,0.0,58,58,11,3219,0.0,0,11,0,0.0,549,471,0,0,0,0,0,0
3,7,1,19,8,0.8,3,3,5,2,0,3,4,2,3.125,3.0,0.14285699999999998,169,174,50,5633,0.875,7,51,1,0.14285699999999998,510,458,1,0,16,13,0,0
3,5,3,26,13,0.2,1,1,5,0,3,0,1,0,6.518325,6.4947919999999995,0.166667,2993,3001,1245,5347,0.7428739999999999,5,1247,1,0.950926,264,260,1,183,56,55,184,0
6,39,25,164,46,0.5,4,16,26,0,2,0,13,0,5.24,3.947368,0.22222199999999998,637,745,131,2074,0.926868,14,150,2,0.327635,207,145,4,0,49,21,0,1
1,1,11,124,46,0.0,0,0,0,0,2,0,0,0,1.660377,1.52809,1.0,1633,2078,88,12877,0.959583,0,136,2,0.11512599999999999,545,400,35,0,4,3,0,0
1,1,0,3,0,0.0,0,0,0,0,0,0,0,0,1.660377,1.52809,0.0,1633,2078,88,12877,0.959583,0,136,0,0.11512599999999999,545,400,0,0,4,3,0,0
3,9,32,722,98,1.0,1,3,3,0,8,0,3,0,1.660377,1.52809,0.984848,1633,2078,88,12877,0.959583,1,136,0,0.11512599999999999,545,400,65,0,4,3,0,0
1,1,1,4,33,1.0,1,0,1,0,0,0,1,0,1.507937,1.290909,0.032257999999999995,1312,1834,95,12877,0.9688629999999999,30,142,1,0.142318,545,400,1,0,11,33,0,0
2,2,1,29,12,0.44444399999999995,3,7,9,2,0,1,4,2,2.0,2.0,0.0,31,31,2,713,0.0,10,2,0,1.0,67,49,0,0,7,10,0,0
1,2,2,6,6,1.0,0,1,1,0,0,0,1,0,13.0,13.0,1.0,129,129,26,348,1.0,0,26,2,1.0,18,18,4,0,2,0,0,0
3,8,1,21,12,0.857143,3,4,7,0,1,0,6,0,2.75,2.363636,0.181818,320,353,22,935,0.78,9,26,1,0.428571,68,56,2,0,13,13,0,0
2,2,1,7,1,0.0,0,0,0,0,0,0,0,0,5.541494,5.460285,0.0,6929,6989,2671,10474,0.9796440000000001,0,2681,1,0.8633719999999999,596,583,0,112,10,6,112,0
1,1,0,3,0,0.0,0,0,0,0,1,0,0,0,5.541494,5.460285,0.0,6929,6989,2671,10474,0.9796440000000001,0,2681,0,0.8633719999999999,596,583,0,112,10,6,112,0
1,1,0,3,0,0.0,0,0,0,0,1,0,0,0,5.541494,5.460285,0.0,6929,6989,2671,10474,0.9796440000000001,0,2681,0,0.8633719999999999,596,583,0,112,10,6,112,0
1,1,1,4,2,0.0,0,0,0,0,1,0,0,0,4.263158,4.1,1.0,1100,1127,162,1238,0.9638690000000001,0,164,1,0.42674300000000004,49,46,1,0,34,14,0,0
2,1,2,49,4,1.0,0,1,1,0,1,0,1,0,4.263158,4.1,1.0,1100,1127,162,1238,0.9638690000000001,0,164,0,0.42674300000000004,49,46,2,0,34,14,0,0
3,2,3,24,6,1.0,0,1,1,0,0,0,1,0,4.263158,4.1,1.0,1100,1127,162,1238,0.9638690000000001,0,164,0,0.42674300000000004,49,46,4,0,34,14,0,0
4,41,59,244,84,0.466667,3,8,15,0,6,0,7,0,4.263158,4.1,0.578947,1100,1127,162,1238,0.9638690000000001,8,164,1,0.42674300000000004,49,46,11,0,34,14,0,1
8,41,14,176,21,0.227273,2,15,22,0,5,0,5,0,4.263158,4.1,0.14285699999999998,1100,1127,162,1238,0.9638690000000001,6,164,1,0.42674300000000004,49,46,1,0,34,14,0,1
8,16,22,163,56,0.290323,6,18,31,0,4,0,9,0,3.194915,2.770701,0.333333,3392,3877,377,12094,0.9896450000000001,18,435,2,0.24011,560,469,9,0,181,43,0,1
1,1,0,1,1,0.0,0,0,0,0,0,0,0,0,5.2,3.4444440000000003,1.0,161,177,26,1005,0.953571,0,31,0,0.535714,38,30,1,0,0,0,0,0
1,1,0,1,1,0.0,0,0,0,0,0,0,0,0,5.2,3.4444440000000003,1.0,161,177,26,1005,0.953571,0,31,0,0.535714,38,30,1,0,0,0,0,0
1,1,0,1,2,0.0,0,0,0,0,0,0,0,0,5.2,3.4444440000000003,1.0,161,177,26,1005,0.953571,0,31,0,0.535714,38,30,2,0,0,0,0,0
3,7,9,39,16,0.333333,2,4,6,0,0,0,2,0,5.6666669999999995,5.6666669999999995,0.0,142,142,17,1005,0.0,8,17,1,0.0,38,30,0,0,8,11,0,0
3,4,7,30,8,0.0,0,0,0,0,1,0,0,0,3.0,3.0,1.0,269,269,24,269,0.857143,0,24,1,1.0,8,8,1,2,1,0,3,0
4,7,11,58,11,0.0,0,0,0,0,3,0,0,0,3.0,3.0,1.0,269,269,24,269,0.857143,0,24,3,1.0,8,8,1,2,1,0,3,0
1,2,2,6,2,0.0,0,0,0,0,0,0,0,0,3.0,3.0,0.0,269,269,24,269,0.857143,0,24,1,1.0,8,8,0,2,1,0,3,0
2,3,7,18,6,0.0,0,0,0,0,0,0,0,0,4.555556,4.272727,0.0,337,382,41,382,1.0,0,47,3,0.0,11,9,0,0,0,0,0,0
7,48,37,210,62,0.428571,7,9,14,0,2,0,6,0,8.1,8.1,0.16,517,517,81,5337,0.730159,21,81,2,1.0,130,124,4,0,15,29,0,1
6,13,25,156,40,0.357143,3,9,14,0,3,0,5,0,4.0,4.0,0.214286,224,224,20,5337,1.0,11,20,2,1.0,130,124,3,0,10,13,0,1
1,1,0,3,0,0.0,0,0,0,0,0,0,0,0,3.3,3.090909,0.0,322,330,33,4505,0.85,0,34,0,0.6190479999999999,221,181,0,0,20,1,0,0
1,1,1,5,5,0.75,2,2,4,0,0,0,3,0,3.3,3.090909,0.666667,322,330,33,4505,0.85,2,34,1,0.6190479999999999,221,181,2,0,20,1,0,0
7,25,27,138,30,0.25,1,3,4,0,0,0,1,0,10.142857000000001,9.0,0.0,517,525,71,2496,0.9523809999999999,1,72,2,0.333333,76,46,0,0,8,5,0,1
1,1,0,2,0,0.0,0,0,0,0,0,0,0,0,1.2,1.4285709999999998,0.0,68,98,6,1207,0.666667,0,10,0,1.0,69,50,0,0,4,0,0,0
1,1,2,3,2,0.0,0,0,0,0,1,0,0,0,1.2,1.4285709999999998,0.0,68,98,6,1207,0.666667,0,10,2,1.0,69,50,0,0,4,0,0,0
1,1,3,3,3,1.0,0,1,1,0,0,0,1,0,1.2,1.4285709999999998,0.0,68,98,6,1207,0.666667,0,10,3,1.0,69,50,0,0,4,0,0,0
4,36,27,153,31,0.5,0,8,8,0,5,0,4,0,5.714286,5.714286,1.0,612,612,80,1393,0.967949,0,80,2,0.309091,65,50,2,0,15,0,0,1
3,5,6,20,12,0.125,1,1,8,0,1,0,1,0,2.923077,2.923077,0.0,280,280,38,2794,0.0,7,38,1,0.0,60,46,0,0,4,7,0,0
1,1,2,4,2,1.0,0,1,1,0,0,0,1,0,1.333333,1.2,0.0,15,26,4,87,0.75,0,6,2,0.2,17,12,0,0,1,1,0,0
1,2,2,6,3,0.0,0,0,0,0,0,0,0,0,1.333333,1.2,1.0,15,26,4,87,0.75,0,6,1,0.2,17,12,1,0,1,1,0,0
2,8,7,27,15,0.470588,4,14,17,0,1,0,8,0,4.6,4.6,0.28571399999999997,92,92,23,252,0.5,5,23,2,0.333333,19,17,2,0,26,7,0,0
1,1,0,1,0,0.0,0,0,0,0,0,0,0,0,1.0,1.0,0.0,6,6,1,2888,0.0,0,1,0,1.0,235,235,0,0,0,0,0,0
1,1,0,1,0,0.0,0,0,0,0,0,0,0,0,1.0,1.0,0.0,6,6,1,2888,0.0,0,1,0,1.0,235,235,0,0,0,0,0,0
1,1,0,1,0,0.0,0,0,0,0,0,0,0,0,1.0,1.0,0.0,6,6,1,2888,0.0,0,1,0,1.0,235,235,0,0,0,0,0,0
7,69,27,438,34,0.0,0,0,0,0,1,0,0,0,13.545454999999999,13.545454999999999,1.0,947,947,149,5531,0.7625,0,149,0,0.6,246,237,7,0,7,2,0,1
6,21,16,111,19,0.5,1,4,4,0,1,0,2,0,3.8484849999999997,3.771429,0.666667,724,754,127,1466,0.45588199999999995,1,132,4,0.8787879999999999,79,77,2,0,11,3,0,1
1,2,3,11,6,0.0,1,0,0,0,0,0,0,0,2.0,2.0,0.0,40,40,4,40,1.0,3,4,3,1.0,2,2,0,0,1,3,0,0
1,2,1,7,4,1.0,1,1,1,0,0,0,1,0,2.0,2.0,0.0,40,40,4,40,1.0,3,4,1,1.0,2,2,0,0,1,3,0,0
1,1,1,3,1,1.0,0,1,1,0,0,0,1,0,5.8,5.8,0.0,214,214,29,1004,0.0,0,29,1,1.0,41,41,0,0,27,25,0,0
2,2,3,22,2,1.0,0,1,1,0,0,0,1,0,3.428571,3.428571,0.0,151,151,24,473,0.0,0,24,2,0.0,32,32,0,0,16,3,0,0
1,1,1,3,0,1.0,0,1,1,0,0,0,1,0,3.428571,3.428571,0.0,151,151,24,473,0.0,0,24,1,0.0,32,32,0,0,16,3,0,0
1,1,2,3,1,1.0,0,1,1,0,0,0,1,0,3.428571,3.428571,0.0,151,151,24,473,0.0,0,24,2,0.0,32,32,0,0,16,3,0,0
2,2,3,10,21,1.0,1,0,2,0,0,0,2,0,1.818182,2.214286,0.17647100000000002,261,319,20,903,0.86014,11,31,1,1.0,52,44,3,0,15,12,0,0
11,39,18,171,31,0.294118,4,10,17,2,5,5,5,2,4.555556,3.7826089999999994,0.230769,405,430,82,1082,0.921488,10,87,0,0.385714,69,54,3,0,12,10,0,1
10,33,9,121,30,0.3125,2,7,16,2,1,2,5,2,6.225,5.953488,0.9444440000000001,1348,1400,249,3417,0.9444440000000001,8,256,1,0.340244,181,161,17,0,89,34,0,1
1,1,0,5,1,0.0,0,0,0,0,0,0,0,0,1.0,1.285714,1.0,45,79,3,467,0.777778,0,9,0,0.23809499999999997,20,16,1,0,0,0,0,0
1,3,1,9,3,0.0,0,0,0,0,0,0,0,0,1.0,1.285714,1.0,45,79,3,467,0.777778,0,9,1,0.23809499999999997,20,16,2,0,0,0,0,0
1,1,1,5,2,0.0,0,0,0,0,0,0,0,0,1.0,1.285714,1.0,45,79,3,467,0.777778,0,9,1,0.23809499999999997,20,16,1,0,0,0,0,0
4,7,15,137,17,0.666667,0,3,3,0,0,0,2,0,3.0,3.0,0.0,233,233,15,467,0.75,0,15,0,0.333333,20,16,0,0,5,0,0,0
8,25,24,235,32,0.333333,3,4,12,0,0,0,4,0,25.0,25.0,0.0,239,239,25,1875,0.0,10,25,0,1.0,65,40,0,0,4,10,0,1
9,21,19,177,20,0.44444399999999995,0,9,9,0,0,0,4,0,12.5,12.5,0.0,1405,1405,25,2029,1.0,0,25,1,0.0,54,39,0,0,18,2,0,1
4,7,7,77,22,0.388889,4,8,18,2,0,3,7,2,4.142857,3.4,0.090909,2297,2396,87,7792,0.9729059999999999,10,102,1,0.073892,230,163,1,0,46,15,0,0
6,12,14,120,15,0.666667,0,3,3,0,3,0,2,0,4.0625,4.0625,1.0,625,625,65,12350,0.933333,0,65,4,0.05714299999999999,880,591,1,0,11,2,0,1
7,21,26,193,27,0.4,0,10,10,0,0,0,4,0,12.0,12.0,1.0,1280,1280,24,1908,1.0,0,24,5,0.0,62,40,1,0,15,3,0,1
7,20,13,177,35,0.1,2,5,20,1,0,1,2,1,5.5,5.5,0.428571,305,305,33,4016,0.95,9,33,4,0.6,326,203,6,0,6,9,0,1
1,1,3,6,7,0.333333,1,1,3,0,0,0,1,0,1.0,1.0,0.0,14,14,2,608,0.0,2,2,2,0.0,50,40,0,0,2,3,0,0
1,1,2,3,3,1.0,1,1,1,0,0,0,1,0,1.0,1.0,0.0,14,14,2,608,0.0,1,2,2,0.0,50,40,0,0,2,3,0,0
1,1,7,22,7,0.0,0,0,0,0,0,0,0,0,3.0,3.0,0.0,60,60,6,608,0.0,0,6,1,0.0,50,40,0,0,0,0,0,0
3,13,10,47,27,0.333333,1,2,6,0,9,0,2,0,2.818182,2.666667,0.07142899999999999,176,181,31,181,0.363636,13,32,4,1.0,12,11,1,0,12,22,0,0
1,1,2,13,22,0.352941,3,6,17,2,0,1,6,2,1.818182,1.6,0.153846,145,181,20,1021,0.571429,11,24,1,0.8,69,55,2,0,18,20,0,0
8,47,50,363,91,0.30952399999999997,7,14,42,2,4,3,13,2,7.5,3.6,0.177778,531,600,60,1559,0.947368,32,72,4,0.161905,88,40,8,0,18,32,0,1
6,20,29,136,40,0.28571399999999997,2,8,14,0,3,0,4,0,6.1666669999999995,4.875,0.6,261,281,37,1559,0.9107139999999999,4,39,4,0.666667,88,40,6,0,9,4,0,1
7,23,21,127,66,0.363636,7,17,44,2,3,3,16,2,4.913793,4.026667,0.151515,1767,1890,285,2701,0.926126,28,302,4,0.40289899999999995,156,126,5,0,103,110,0,1
7,26,22,142,69,0.347826,7,18,46,2,3,2,16,2,4.913793,4.026667,0.171429,1767,1890,285,2701,0.926126,29,302,3,0.40289899999999995,156,126,6,0,103,110,0,1
6,15,23,157,112,0.077922,6,22,77,2,0,2,6,2,4.5,2.555556,0.103448,186,227,18,1616,0.895833,52,23,4,0.178571,84,51,6,0,22,52,0,1
7,17,21,139,47,0.533333,7,17,30,0,3,0,16,0,4.1666669999999995,2.266667,0.2,213,285,25,5595,0.887755,16,34,6,0.252747,278,171,4,0,24,23,0,1
7,26,17,160,44,0.21739099999999997,4,11,23,2,2,1,5,2,7.0,5.6666669999999995,0.153846,304,320,49,5595,0.875,22,51,4,0.666667,278,171,4,0,12,22,0,1
8,54,40,391,99,0.375,11,18,48,3,6,5,18,2,6.818182000000001,5.0,0.125,573,613,75,5595,0.922222,42,80,6,0.22222199999999998,278,171,6,0,28,54,0,1
1,1,1,4,2,0.0,0,0,0,0,0,0,0,0,1.666667,1.666667,1.0,31,31,5,2473,0.5,0,5,1,1.0,226,215,1,0,3,0,0,0
2,2,1,7,2,1.0,0,2,2,0,0,0,2,0,1.666667,1.666667,1.0,31,31,5,2473,0.5,0,5,1,1.0,226,215,1,0,3,0,0,0
2,2,1,7,2,1.0,0,2,2,0,0,0,2,0,1.666667,1.666667,1.0,31,31,5,2473,0.5,0,5,1,1.0,226,215,1,0,3,0,0,0
1,7,6,32,13,1.0,3,1,1,0,0,0,1,0,1.909091,1.909091,0.2,127,127,21,2473,0.9,8,21,5,0.027777999999999997,226,215,2,0,8,8,0,0
2,19,6,29,22,0.0,2,0,0,0,0,0,0,0,3.615385,3.615385,0.1,184,184,47,2473,0.541667,18,47,5,0.681818,226,215,2,0,11,31,0,0
6,36,24,241,33,0.5,0,4,4,0,5,0,2,0,6.9166669999999995,6.9166669999999995,1.0,713,713,83,713,0.977273,0,83,0,0.7,16,16,9,0,8,0,0,1
3,3,3,14,3,0.0,0,0,0,0,0,0,0,0,3.277778,3.277778,0.0,818,818,118,1401,0.985714,0,118,1,0.0017829999999999999,74,64,0,0,2,0,2,0
1,1,1,3,1,0.0,0,0,0,0,1,0,0,0,3.277778,3.277778,0.0,818,818,118,1401,0.985714,0,118,1,0.0017829999999999999,74,64,0,0,2,0,2,0
2,2,2,11,2,0.0,0,0,0,0,0,0,0,0,3.277778,3.277778,0.0,818,818,118,1401,0.985714,0,118,2,0.0017829999999999999,74,64,0,0,2,0,2,0
3,17,18,91,19,0.0,0,0,0,0,0,0,0,0,4.428571,4.428571,1.0,283,283,31,1401,1.0,0,31,8,1.0,74,64,1,0,0,0,0,1
4,6,4,46,23,0.294118,3,7,17,2,1,8,5,2,2.4,2.0,0.2,91,101,12,1185,0.916667,13,14,0,0.666667,109,47,3,0,11,13,0,0
6,15,21,95,54,0.266667,2,14,30,0,0,0,8,0,3.818182,3.818182,0.14285699999999998,434,434,42,1056,0.8,18,42,5,1.0,24,24,3,0,35,20,0,1
6,29,27,228,32,0.43333299999999997,2,27,30,0,2,0,13,0,5.857143,5.857143,0.4,787,787,82,4044,0.8846149999999999,3,82,4,0.857143,181,161,2,0,44,8,0,1
7,19,14,106,40,0.269231,5,6,26,0,3,0,7,0,5.25,5.25,0.05,267,267,42,516,1.0,19,42,4,1.0,56,14,1,0,15,23,0,1
1,1,0,2,0,0.0,0,0,0,0,0,0,0,0,4.142857,4.142857,0.0,230,230,29,9721,0.666667,0,29,0,1.0,166,165,0,0,24,11,0,0
2,2,5,16,7,0.833333,1,6,6,0,0,0,5,0,4.142857,4.142857,1.0,230,230,29,9721,0.666667,1,29,1,1.0,166,165,1,0,24,11,0,0
2,3,11,33,14,0.7,2,10,10,0,0,0,7,0,4.142857,4.142857,1.0,230,230,29,9721,0.666667,2,29,1,1.0,166,165,1,0,24,11,0,0
3,4,11,36,21,0.529412,4,14,17,0,0,0,9,0,4.142857,4.142857,0.2,230,230,29,9721,0.666667,7,29,1,1.0,166,165,1,0,24,11,0,0
2,7,10,43,17,0.6153850000000001,3,13,13,0,0,0,8,0,4.142857,4.142857,0.2,230,230,29,9721,0.666667,7,29,1,1.0,166,165,1,0,24,11,0,0
3,18,20,135,35,0.458333,4,20,24,0,0,0,11,0,5.555556,5.555556,0.125,429,429,50,9721,0.78125,13,50,3,0.642857,166,165,1,0,57,36,0,1
6,33,54,271,89,0.28571399999999997,5,32,49,0,0,0,14,0,11.6,11.6,0.178571,474,474,58,9721,0.7,31,58,2,0.833333,166,165,5,0,39,35,0,1
3,15,27,102,48,0.5,4,15,24,0,0,0,12,0,5.3333330000000005,5.3333330000000005,0.2,867,867,80,9721,0.704082,13,80,2,0.692308,166,165,3,0,66,33,0,1
6,20,22,115,67,0.235294,6,13,34,0,1,0,8,0,5.090909,5.090909,0.034483,323,323,56,6260,1.0,22,56,5,0.022222,600,492,1,0,26,37,0,1
1,1,3,7,7,1.0,1,3,4,0,0,0,4,0,1.454545,1.478261,1.0,276,293,32,5688,0.9494950000000001,1,34,2,0.380952,377,334,3,0,11,1,0,0
1,1,1,7,2,1.0,0,1,1,0,0,0,1,0,1.454545,1.478261,1.0,276,293,32,5688,0.9494950000000001,0,34,1,0.380952,377,334,1,0,11,1,0,0
3,6,1,31,6,1.0,1,1,1,0,3,0,1,0,1.454545,1.478261,0.75,276,293,32,5688,0.9494950000000001,1,34,0,0.380952,377,334,3,0,11,1,0,0
6,30,17,125,32,0.5,1,12,12,0,3,0,6,0,5.5,5.153846,0.9285709999999999,402,410,66,754,0.967593,1,67,2,0.666667,39,32,13,0,15,4,0,1
6,40,21,118,35,0.388889,1,16,18,0,1,0,7,0,7.090909,7.090909,0.923077,456,456,78,503,0.992308,1,78,6,0.054545,15,15,12,0,29,3,0,1
1,1,1,54,38,1.0,3,20,21,0,0,0,21,0,2.125,2.0,0.081081,598,604,17,7192,0.8875,34,18,1,0.464286,494,424,3,0,25,5,0,0
1,1,0,3,0,1.0,0,1,1,0,0,0,1,0,1.0,1.0,0.0,5,5,1,264,0.0,0,1,0,1.0,25,24,0,0,1,0,0,0
1,1,2,4,4,0.0,0,0,0,0,0,0,0,0,2.0,1.8,1.0,34,39,8,264,1.0,0,9,2,0.0,25,24,2,0,0,0,0,0
2,2,1,6,2,0.0,0,0,0,0,2,0,0,0,2.0,1.8,0.0,34,39,8,264,1.0,0,9,1,0.0,25,24,0,0,0,0,0,0
3,15,17,99,44,0.266667,1,6,15,0,1,0,4,0,3.692308,3.692308,0.214286,425,425,48,1144,0.9444440000000001,11,48,4,0.0,66,59,3,0,15,21,0,1
3,21,2,45,23,1.0,3,1,3,2,18,1,3,2,3.32,3.32,0.095238,474,474,83,2524,0.916667,19,83,1,0.213439,164,155,2,0,6,19,0,0
7,27,12,101,22,0.44444399999999995,2,17,18,0,0,0,8,0,27.0,27.0,0.8888889999999999,131,131,27,3878,0.0,2,27,2,1.0,507,372,8,0,17,2,0,1
1,1,0,3,0,1.0,0,1,1,0,0,0,1,0,1.111111,1.111111,0.0,82,82,10,921,0.0,0,10,0,0.0,95,79,0,0,3,1,0,0
1,1,0,3,0,0.0,0,0,0,0,0,0,0,0,1.111111,1.111111,0.0,82,82,10,921,0.0,0,10,0,0.0,95,79,0,0,3,1,0,0
1,1,0,3,0,0.0,0,0,0,0,0,0,0,0,1.111111,1.111111,0.0,82,82,10,921,0.0,0,10,0,0.0,95,79,0,0,3,1,0,0
4,7,10,41,14,0.6,2,4,5,0,1,0,3,0,3.5,3.5,0.666667,93,93,14,3705,0.0,2,14,1,0.0,271,240,2,0,11,2,0,0
1,1,0,37,0,1.0,0,1,1,0,0,0,1,0,1.0,1.0,0.0,44,44,2,75,0.0,0,2,0,0.0,6,6,0,0,1,0,0,0
4,12,14,51,22,0.636364,1,10,11,0,4,0,7,0,5.555556,5.555556,0.0,312,312,50,1295,1.0,6,50,1,0.6,78,74,0,0,28,10,0,0
1,4,1,16,10,0.5,1,2,2,0,0,0,1,0,2.5,1.6,0.333333,40,68,5,453,1.0,6,8,1,0.0,35,20,3,0,4,3,0,0
1,1,1,3,2,1.0,1,2,2,0,0,0,2,0,2.5,1.6,0.0,40,68,5,453,1.0,1,8,1,0.0,35,20,0,0,4,3,0,0
1,1,1,3,2,1.0,1,1,1,0,0,0,1,0,2.5,1.6,0.0,40,68,5,453,1.0,1,8,1,0.0,35,20,0,0,4,3,0,0
1,1,0,3,1,1.0,1,1,1,0,0,0,1,0,2.5,1.6,0.0,40,68,5,453,1.0,1,8,0,0.0,35,20,0,0,4,3,0,0
3,8,13,57,26,0.333333,3,9,18,0,9,0,6,0,4.363636,4.363636,0.090909,531,531,96,3513,1.0,10,96,4,0.175,212,154,1,0,29,26,0,0
8,16,21,103,30,0.428571,1,5,7,0,4,0,3,0,8.0,8.0,0.428571,442,442,80,608,1.0,2,80,1,1.0,24,21,3,0,9,2,0,1
3,12,8,33,20,0.6,4,5,5,0,0,0,3,0,7.1666669999999995,6.285714,0.083333,331,341,86,1328,0.9615379999999999,11,88,1,0.090909,72,62,1,0,15,34,0,0
6,11,21,150,44,1.0,0,1,1,0,7,0,1,0,7.785714,7.6666669999999995,1.0,1421,1458,109,11055,0.8401360000000001,0,115,5,1.0,293,277,13,0,1,0,0,1
8,23,24,217,45,1.0,0,1,1,0,5,0,1,0,7.785714,7.6666669999999995,1.0,1421,1458,109,11055,0.8401360000000001,0,115,5,1.0,293,277,11,0,1,0,0,1
6,101,74,345,149,0.207792,10,55,77,0,4,0,16,0,7.117647,5.171053,0.048780000000000004,2147,2345,363,73431,0.9610879999999999,35,393,5,0.405045,3557,2644,2,0,227,163,0,1
7,26,33,115,54,0.377778,4,40,45,0,9,0,17,0,2.44,2.194286,0.294118,2282,3107,305,73431,0.950944,12,384,8,0.610066,3557,2644,5,1,119,80,1,1
9,38,25,150,54,0.48571400000000003,6,27,35,0,2,0,17,0,8.28,7.216667,0.190476,2411,2573,414,73431,0.9678549999999999,15,433,4,0.624916,3557,2644,4,0,134,153,0,1
6,35,14,110,28,0.0,0,0,0,0,1,0,0,0,7.08,6.5,1.0,1109,1137,177,73431,0.9182629999999999,0,182,5,0.6,3557,2644,11,0,3,0,1,1
7,49,29,223,81,0.18918900000000002,6,15,37,3,4,2,7,3,8.0,6.529412000000001,0.146341,562,611,104,73431,0.859375,35,111,5,0.409524,3557,2644,6,0,29,48,0,1
6,29,16,103,28,0.545455,3,11,11,0,0,0,6,0,7.65,7.65,0.0,652,652,153,73431,0.8684209999999999,13,153,4,0.07619,3557,2644,0,0,52,30,0,1
1,1,3,26,8,1.0,0,4,4,0,0,0,4,0,1.0,1.0,1.0,136,144,4,1917,1.0,0,5,2,0.666667,105,96,5,0,4,0,0,0
1,1,1,6,4,1.0,0,0,1,0,0,0,1,0,1.0,1.0,1.0,136,144,4,1917,1.0,0,5,1,0.666667,105,96,2,0,4,0,0,0
1,1,1,5,3,0.0,0,0,0,0,0,0,0,0,1.0,1.0,1.0,136,144,4,1917,1.0,0,5,1,0.666667,105,96,2,0,4,0,0,0
3,5,4,35,11,0.666667,3,4,6,0,2,0,4,0,3.5,3.5,0.2,361,361,35,1917,0.777778,5,35,0,0.933333,105,96,1,0,11,6,0,0
6,24,11,167,33,1.0,7,3,4,0,3,0,4,0,3.88,3.7407410000000003,0.272727,763,789,97,16299,0.807692,8,101,1,0.504762,720,588,6,0,13,15,0,1
7,29,17,194,32,0.42307700000000004,7,23,26,0,3,0,11,0,3.7230769999999995,3.282353,0.428571,1901,2167,242,25957,0.977891,10,279,4,0.23843000000000003,1144,1029,6,0,105,47,0,1
7,37,27,197,33,0.14285699999999998,1,3,7,0,1,0,1,0,8.470588000000001,8.470588000000001,0.0,1089,1089,144,18774,0.859375,4,144,4,0.509091,943,850,0,0,7,5,0,1
1,1,0,5,1,1.0,0,1,1,0,0,0,1,0,1.4,1.222222,1.0,84,121,7,189,0.875,0,11,0,0.714286,27,14,1,0,11,1,0,0
1,1,0,3,1,0.0,0,0,0,0,0,0,0,0,1.4,1.222222,1.0,84,121,7,189,0.875,0,11,0,0.714286,27,14,1,0,11,1,0,0
2,1,1,15,7,0.8,1,4,5,0,1,0,4,0,1.4,1.222222,1.0,84,121,7,189,0.875,1,11,1,0.714286,27,14,4,0,11,1,0,0
1,1,1,3,3,1.0,0,0,1,0,0,0,1,0,1.4,1.222222,1.0,84,121,7,189,0.875,0,11,1,0.714286,27,14,1,0,11,1,0,0
1,1,1,151,0,0.0,0,0,0,0,0,0,0,0,1.6875,1.857143,0.0,438,567,27,1357,0.94375,0,39,1,0.110294,68,55,0,0,7,1,0,0
7,16,14,167,37,0.458333,6,16,24,0,2,0,11,0,3.666667,3.642857,0.4,412,464,44,464,0.813187,10,51,0,0.6190479999999999,14,12,6,0,23,11,0,1
7,18,20,160,25,0.333333,1,3,6,0,8,0,2,0,6.428571,6.428571,0.4,690,690,90,803,0.8205129999999999,3,90,4,0.0,22,19,2,0,7,3,0,1
6,37,27,265,42,0.6190479999999999,4,17,21,3,3,1,13,3,3.051282,2.869565,0.666667,997,1091,119,1589,0.959259,4,132,0,0.41538500000000006,79,67,4,0,80,14,0,1
1,1,0,2,0,0.0,0,0,0,0,0,0,0,0,1.0,1.0,0.0,13,13,2,658,0.0,0,2,0,1.0,59,59,0,0,1,0,0,0
1,1,2,4,1,1.0,0,1,1,0,0,0,1,0,1.0,1.0,0.0,13,13,2,658,0.0,0,2,2,1.0,59,59,0,0,1,0,0,0
1,1,1,4,3,0.0,0,0,0,0,0,0,0,0,1.2,1.2,1.0,36,36,6,658,0.5,0,6,1,1.0,59,59,2,0,4,0,0,0
1,1,2,4,3,0.0,0,0,0,0,0,0,0,0,1.2,1.2,1.0,36,36,6,658,0.5,0,6,2,1.0,59,59,2,0,4,0,0,0
2,7,5,56,12,1.0,3,1,1,0,2,0,1,0,5.64,5.64,0.0,643,643,141,2491,0.84375,9,141,2,1.0,72,72,0,0,2,12,0,0
1,1,1,3,2,0.0,0,0,0,0,1,0,0,0,5.64,5.64,1.0,643,643,141,2491,0.84375,0,141,1,1.0,72,72,1,0,2,12,0,0
5,89,17,441,29,0.125,3,14,16,0,0,0,2,0,5.978261,5.978261,0.090909,1837,1837,275,2491,0.9444440000000001,10,275,1,0.318182,72,72,1,0,48,18,0,1
10,29,14,223,15,0.5,0,11,12,0,1,0,6,0,6.538462,6.538462,1.0,681,681,85,13368,0.666667,0,85,4,0.818182,1173,972,1,0,35,0,0,1
1,1,1,14,9,1.0,1,5,5,0,0,0,5,0,1.851852,1.7222220000000001,0.875,404,470,50,3308,0.812245,1,62,1,0.24242399999999997,244,188,7,0,42,29,0,0
1,3,5,15,16,0.777778,4,7,9,0,0,0,7,0,1.851852,1.7222220000000001,0.583333,404,470,50,3308,0.812245,5,62,1,0.24242399999999997,244,188,7,0,42,29,0,0
1,1,2,14,10,1.0,0,3,3,0,1,0,3,0,1.851852,1.7222220000000001,1.0,404,470,50,3308,0.812245,0,62,1,0.24242399999999997,244,188,8,0,42,29,0,0
1,1,2,13,11,1.0,0,3,3,0,0,0,3,0,1.851852,1.7222220000000001,1.0,404,470,50,3308,0.812245,0,62,1,0.24242399999999997,244,188,9,0,42,29,0,0
3,25,16,105,32,0.571429,2,5,7,0,0,0,4,0,10.0,8.2,0.692308,164,173,40,3308,0.8214290000000001,4,41,1,1.0,244,188,9,0,8,4,0,1
6,51,32,346,47,1.0,0,2,2,0,0,0,2,0,11.469388,9.029411999999999,0.13333299999999998,3494,3803,562,16486,0.8843280000000001,0,614,11,0.512157,924,681,2,0,58,23,0,1
6,23,23,102,25,0.333333,1,3,3,0,1,0,1,0,6.53125,5.018519,0.5,1257,1614,209,16486,0.766038,1,271,5,0.44237600000000005,924,681,1,3,42,26,3,1
7,55,50,309,59,0.25,2,1,4,0,0,0,1,0,10.518519,9.896552,0.44444399999999995,1716,1741,284,3724,0.8901100000000001,5,287,11,0.580087,150,144,4,0,25,28,0,1
6,30,77,367,84,0.333333,2,0,3,0,0,0,1,0,10.518519,9.896552,0.28571399999999997,1716,1741,284,3724,0.8901100000000001,5,287,12,0.580087,150,144,2,0,25,28,0,1
6,23,42,135,76,0.32,7,16,25,0,3,0,8,0,9.45,8.347826,0.11538499999999999,1030,1054,189,10173,0.8272729999999999,23,192,13,0.49090900000000004,328,301,3,0,51,71,0,1
8,33,26,107,46,0.45,6,15,20,0,2,0,9,0,13.032258,13.0,0.181818,2410,2633,404,10173,0.692037,13,442,11,0.501894,328,301,4,0,140,119,0,1
8,11,19,165,31,0.571429,1,6,7,0,0,0,4,0,12.066667,11.575758,0.666667,3455,3563,362,3924,0.787716,5,382,4,0.577778,84,74,10,0,85,87,0,1
7,39,141,646,162,0.5,4,4,8,3,2,4,4,2,12.066667,11.575758,0.333333,3455,3563,362,3924,0.787716,12,382,24,0.577778,84,74,6,0,85,87,0,1
8,53,148,673,179,0.5,5,5,10,3,3,7,5,2,12.066667,11.575758,0.28,3455,3563,362,3924,0.787716,18,382,29,0.577778,84,74,7,0,85,87,0,1
8,55,120,576,152,0.384615,5,8,13,3,3,6,5,2,12.066667,11.575758,0.269231,3455,3563,362,3924,0.787716,19,382,26,0.577778,84,74,7,0,85,87,0,1
1,1,1,3,2,0.0,0,0,0,0,0,0,0,0,3.047619,2.6538459999999997,1.0,419,444,64,3186,0.901176,0,69,1,0.463158,172,112,1,0,23,22,0,0
1,1,2,12,6,1.0,0,1,1,0,1,0,1,0,3.047619,2.6538459999999997,1.0,419,444,64,3186,0.901176,0,69,1,0.463158,172,112,4,0,23,22,0,0
1,1,2,10,6,0.0,0,0,0,0,1,0,0,0,3.047619,2.6538459999999997,1.0,419,444,64,3186,0.901176,0,69,1,0.463158,172,112,4,0,23,22,0,0
1,1,2,6,2,0.0,0,0,0,0,1,0,0,0,3.047619,2.6538459999999997,0.0,419,444,64,3186,0.901176,0,69,1,0.463158,172,112,0,0,23,22,0,0
2,41,10,239,73,0.642857,3,14,14,0,2,0,9,0,3.157895,2.201923,0.35,1211,1512,180,3186,0.95083,39,229,4,0.389404,172,112,21,0,56,72,0,1
6,22,14,105,32,0.461538,5,9,13,0,0,0,6,0,14.636364000000002,14.636364000000002,0.06666699999999999,1147,1147,161,69768,0.0,14,161,5,0.0,2620,2196,1,0,90,89,0,1
7,26,13,103,29,0.578947,6,17,19,0,1,0,11,0,9.882353,9.882353,0.0,496,496,168,69768,0.53125,16,168,5,0.458333,2620,2196,0,0,38,45,0,1
6,25,19,145,40,0.6,8,17,20,0,1,0,12,0,9.0,9.0,0.0,1261,1261,198,69768,0.9523809999999999,21,198,7,0.073529,2620,2196,0,0,77,77,0,1
6,24,16,132,36,0.538462,6,10,13,0,3,0,7,0,6.830882000000001,6.830882000000001,0.17647100000000002,5428,5428,929,69768,0.8481479999999999,13,929,5,0.8285239999999999,2620,2196,3,0,165,408,0,1
6,26,13,143,26,0.666667,5,5,6,0,5,0,4,0,4.235294000000001,3.704918,0.153846,1544,1606,216,2931,0.960606,11,226,8,0.23502800000000001,188,168,2,0,43,25,0,1
7,97,34,429,65,0.5,2,6,6,0,12,0,3,0,14.083332999999998,13.230769,0.59375,5281,5377,1014,6397,0.9801049999999999,11,1032,4,0.218462,120,114,19,0,44,206,0,1
7,42,12,183,33,0.25,1,4,4,0,2,0,1,0,8.62069,8.366667,0.9047620000000001,1496,1505,250,2856,0.875332,2,251,6,0.8490030000000001,130,121,19,0,12,5,0,1
1,1,1,3,2,0.0,0,0,0,0,0,0,0,0,5.5,5.5,1.0,160,160,22,1993,1.0,0,22,1,1.0,168,133,1,0,6,0,0,0
6,53,6,129,77,0.225,1,10,40,0,2,0,9,0,9.222222,8.4,0.232558,317,327,83,486,0.966667,33,84,4,0.083333,17,16,10,0,10,33,0,1
1,2,2,10,9,1.0,0,1,1,0,0,0,1,0,5.0,5.0,1.0,199,199,20,17417,0.818182,0,20,1,1.0,425,360,7,0,9,28,0,0
2,2,2,18,20,0.5,3,1,6,0,0,0,3,0,5.0,5.0,0.266667,199,199,20,17417,0.818182,11,20,2,1.0,425,360,4,0,9,28,0,0
2,4,6,25,14,1.0,2,0,1,0,0,0,1,0,5.0,5.0,0.0,199,199,20,17417,0.818182,8,20,3,1.0,425,360,0,0,9,28,0,0
7,66,29,251,55,0.4,3,5,15,0,3,0,6,0,7.651163,6.903846000000001,0.4,2982,3148,329,17417,0.9707389999999999,8,359,4,0.283391,425,360,8,2,55,37,3,1
1,1,1,4,1,1.0,0,1,1,0,0,0,1,0,1.0,1.0,0.0,8,8,1,3051,0.0,0,1,1,1.0,292,282,0,0,1,0,0,0
1,1,2,13,7,0.4,0,3,5,0,1,0,2,0,1.75,1.75,1.0,57,57,7,3051,1.0,0,7,1,0.333333,292,282,4,0,8,1,0,0
1,1,0,4,0,1.0,0,1,1,0,0,0,1,0,1.75,1.75,0.0,57,57,7,3051,1.0,0,7,0,0.333333,292,282,0,0,8,1,0,0
3,7,1,39,12,0.5,2,6,8,0,0,0,4,0,3.566667,3.5483870000000004,0.22222199999999998,1866,1912,214,3051,0.9490940000000001,7,220,0,0.623164,292,282,2,0,96,18,0,0
6,31,8,117,18,0.363636,1,8,11,0,0,0,4,0,4.235294000000001,4.055556,0.8,498,503,72,3038,0.958824,1,73,4,0.515152,153,135,4,0,34,8,0,1
8,92,39,394,116,0.469388,13,35,49,3,7,2,23,3,8.117647,5.92,0.15872999999999998,712,796,138,6978,0.939103,52,148,0,0.301471,383,317,10,0,49,59,0,1
7,22,13,102,35,0.545455,4,22,22,0,4,0,12,0,3.071429,2.958333,0.65,879,962,129,6431,0.9376899999999999,7,142,0,0.39946,456,379,13,0,94,26,0,1
1,1,1,5,5,0.0,0,0,0,0,0,0,0,0,1.0,1.0,1.0,16,16,1,822,0.0,0,1,0,1.0,68,66,4,0,0,0,0,0
1,1,5,27,7,0.0,0,0,0,0,0,0,0,0,1.0,1.0,1.0,40,40,2,822,1.0,0,2,3,1.0,68,66,2,0,0,0,0,0
1,1,1,3,1,0.0,0,0,0,0,1,0,0,0,3.8,2.75,0.0,89,120,19,1815,0.28571399999999997,0,22,1,0.7,90,86,0,0,0,0,0,0
1,1,2,4,4,0.0,0,0,0,0,0,0,0,0,3.8,2.75,1.0,89,120,19,1815,0.28571399999999997,0,22,2,0.7,90,86,2,0,0,0,0,0
6,34,35,289,55,0.538462,11,39,52,2,5,3,28,2,7.6666669999999995,7.6666669999999995,0.272727,605,605,69,8738,0.9285709999999999,16,69,4,1.0,410,373,6,0,85,22,0,1
1,1,0,2,0,0.0,0,0,0,0,0,0,0,0,1.0,1.0,0.0,57,61,4,4694,1.0,0,5,0,0.0,492,455,0,1,4,0,1,0
1,1,0,1,0,0.0,0,0,0,0,0,0,0,0,1.0,1.0,0.0,57,61,4,4694,1.0,0,5,0,0.0,492,455,0,1,4,0,1,0
1,1,0,1,1,0.0,0,0,0,0,0,0,0,0,1.0,1.0,1.0,57,61,4,4694,1.0,0,5,0,0.0,492,455,1,1,4,0,1,0
5,13,4,54,24,0.0,3,0,0,0,0,0,0,0,1.666667,1.75,0.05,227,272,40,4694,0.89418,19,49,2,0.263333,492,455,1,0,16,20,0,0
6,8,9,124,6,1.0,2,2,2,0,0,0,2,0,2.25,2.0,0.5,344,367,18,33723,0.933333,2,22,9,0.428571,2606,2415,1,0,14,4,0,1
1,1,0,4,0,0.0,0,0,0,0,1,0,0,0,2.111111,1.8695650000000001,0.0,440,510,38,7166,0.779221,0,43,0,0.785714,371,299,0,0,9,8,0,0
1,1,1,5,1,0.0,0,0,0,0,1,0,0,0,2.111111,1.8695650000000001,0.0,440,510,38,7166,0.779221,0,43,1,0.785714,371,299,0,0,9,8,0,0
1,1,1,11,3,0.0,0,0,0,0,0,0,0,0,2.111111,1.8695650000000001,1.0,440,510,38,7166,0.779221,0,43,0,0.785714,371,299,2,0,9,8,0,0
3,6,23,141,37,0.692308,3,9,13,2,0,1,9,2,2.8823529999999997,2.684211,0.733333,664,678,49,27590,0.91358,4,51,4,0.333333,1151,961,11,0,23,9,0,0
6,27,22,152,33,0.533333,3,12,15,0,0,0,8,0,4.375,4.375,0.375,371,371,35,10542,1.0,5,35,9,0.47618999999999995,826,754,3,0,14,5,0,1
1,1,1,3,2,0.0,0,0,0,0,0,0,0,0,1.0,1.0,1.0,14,22,2,790,0.5,0,3,1,1.0,69,66,1,0,0,0,0,0
1,1,0,3,1,0.0,0,0,0,0,0,0,0,0,1.0,1.0,1.0,14,22,2,790,0.5,0,3,0,1.0,69,66,1,0,0,0,0,0
1,1,0,4,1,0.0,0,0,0,0,0,0,0,0,1.0,1.0,1.0,14,22,2,790,0.5,0,3,0,1.0,69,66,1,0,0,0,0,0
7,40,11,325,20,0.625,1,5,8,0,0,0,5,0,14.0,14.0,0.5,364,364,42,1333,1.0,3,42,1,1.0,95,95,3,0,5,3,0,1
9,43,33,192,52,0.318182,6,36,44,0,5,0,14,0,7.789474,6.863636,0.529412,776,791,148,4406,0.938776,8,151,4,0.404412,278,253,9,0,73,13,0,1
6,21,22,118,43,0.46875,8,22,32,2,1,2,15,2,5.25,5.25,0.277778,449,449,42,29751,0.97619,10,42,4,0.047619,1195,1168,5,0,36,16,0,1
1,1,0,3,0,0.0,0,0,0,0,0,0,0,0,1.090909,1.0714290000000002,0.0,174,214,12,214,0.9038459999999999,0,15,0,0.076923,14,11,0,0,5,0,0,0
1,1,0,4,1,0.0,0,0,0,0,0,0,0,0,1.090909,1.0714290000000002,1.0,174,214,12,214,0.9038459999999999,0,15,0,0.076923,14,11,1,0,5,0,0,0
1,1,0,4,1,0.0,0,0,0,0,0,0,0,0,1.090909,1.0714290000000002,1.0,174,214,12,214,0.9038459999999999,0,15,0,0.076923,14,11,1,0,5,0,0,0
3,1,4,250,32,0.461538,4,14,26,0,0,0,12,0,1.0,1.0,0.1875,333,379,5,2750,1.0,13,9,0,0.0,188,113,3,0,14,0,0,0
3,5,4,28,18,1.0,2,1,1,0,0,0,1,0,5.6666669999999995,5.6666669999999995,0.28571399999999997,109,109,17,3053,0.5,10,17,1,1.0,210,190,4,0,4,15,0,0
10,248,96,1134,153,0.38961,9,70,77,2,12,1,30,2,13.03125,7.898305000000001,0.660377,2345,2827,417,14767,0.9692120000000001,13,466,4,0.295238,554,386,35,0,99,25,0,1
7,46,12,166,33,0.363636,1,10,11,0,1,0,4,0,12.979167,9.80303,0.6875,3664,3909,623,14767,0.967983,3,647,4,0.138095,554,386,11,0,115,40,0,1
2,12,7,38,15,0.363636,3,5,11,0,0,0,4,0,8.0,8.0,0.0,53,53,16,1128,0.0,8,16,2,0.0,75,74,0,0,7,8,0,0
6,23,25,108,37,0.4,2,4,15,0,0,0,6,0,3.9047620000000003,3.7727269999999997,0.166667,609,614,82,3199,0.714286,5,83,1,0.642105,232,180,1,1,25,5,1,1
6,10,25,112,30,0.8888889999999999,0,9,9,0,7,0,8,0,2.5365849999999996,2.2352939999999997,1.0,1078,1541,104,33993,0.964791,0,152,8,0.12903199999999998,1556,1076,6,0,35,3,0,1
1,1,1,4,1,0.0,0,0,0,0,1,0,0,0,2.857143,2.857143,0.0,135,135,20,2768,0.0,0,20,1,0.0,165,129,0,0,9,7,6,0
5,23,22,183,34,0.464286,3,25,28,0,1,0,13,0,4.9,3.166667,0.454545,438,493,49,2768,0.931373,6,57,4,0.736264,165,129,5,6,32,6,6,1
8,20,21,125,32,0.363636,2,10,11,0,3,0,4,0,3.037736,2.963636,0.75,1302,1315,161,32688,0.899782,2,163,9,0.574879,2040,1771,9,7,82,10,8,1
9,26,30,175,48,0.529412,7,16,17,0,1,0,9,0,9.0,9.0,0.058824,294,294,45,32688,1.0,16,45,4,0.166667,2040,1771,1,0,25,22,0,1
1,1,0,6,1,0.0,0,0,0,0,0,0,0,0,1.0,1.0,1.0,54,54,2,4524,1.0,0,2,0,0.0,247,182,1,0,2,1,0,0
1,1,2,7,3,1.0,1,2,3,0,0,0,3,0,1.0,1.0,0.0,54,54,2,4524,1.0,1,2,2,0.0,247,182,0,0,2,1,0,0
1,1,0,21,18,1.0,0,1,1,0,0,0,1,0,3.5,1.7241380000000002,1.0,322,533,28,4524,0.96131,0,50,0,0.259259,247,182,18,0,16,5,0,0
6,40,50,248,62,0.5,3,3,4,0,2,0,2,0,15.666667000000002,15.666667000000002,0.0,314,314,47,425,0.0,14,47,4,1.0,8,7,0,0,3,14,0,1
1,1,1,3,2,0.0,0,0,0,0,0,0,0,0,1.3157889999999999,1.3157889999999999,1.0,94,94,25,94,1.0,0,25,1,0.006536,19,19,1,0,7,6,0,0
4,58,12,206,53,0.470588,11,24,34,2,1,2,16,2,16.272727,16.272727,0.365854,718,718,179,32189,1.0,26,179,1,0.13333299999999998,1188,1182,15,0,76,62,0,1
3,16,13,103,58,0.333333,8,21,39,2,2,2,13,2,4.466667,4.3333330000000005,0.487179,774,802,134,32189,0.9247690000000001,20,143,6,0.251232,1188,1182,19,0,76,59,0,1
6,150,29,381,77,0.25,6,10,24,3,1,1,6,3,8.064171,7.109649,0.229167,6373,6957,1508,85061,0.9876,41,1621,4,0.092497,4912,3633,11,0,194,243,0,1
7,35,18,126,34,0.5,6,17,24,0,0,0,12,0,8.0,4.888889,0.06666699999999999,164,184,40,7575,0.958333,15,44,5,0.28571399999999997,208,153,1,0,21,15,0,1
1,1,3,6,5,1.0,1,1,1,0,0,0,1,0,1.0,1.0,0.5,65,65,1,12585,0.0,1,1,1,1.0,454,428,1,0,1,1,0,0
1,1,2,5,4,0.0,0,0,0,0,0,0,0,0,1.0,1.0,1.0,16,22,2,12585,0.833333,0,3,2,1.0,454,428,2,0,0,1,0,0
1,1,1,4,2,0.0,0,0,0,0,0,0,0,0,1.0,1.0,1.0,16,22,2,12585,0.833333,0,3,1,1.0,454,428,1,0,0,1,0,0
6,15,7,128,31,0.666667,1,7,12,0,3,0,8,0,5.9565220000000005,5.56,0.818182,1163,1183,137,2515,0.975833,4,139,1,0.437229,81,75,18,0,61,62,0,1
7,21,23,157,48,0.4,4,16,25,2,4,1,10,2,5.9565220000000005,5.56,0.608696,1163,1183,137,2515,0.975833,9,139,5,0.437229,81,75,14,0,61,62,0,1
2,2,3,7,4,1.0,0,1,1,0,0,0,1,0,2.142857,2.142857,1.0,119,119,15,6452,0.666667,0,15,2,0.666667,240,203,1,0,4,0,0,0
1,1,3,4,4,1.0,0,1,1,0,0,0,1,0,2.142857,2.142857,1.0,119,119,15,6452,0.666667,0,15,3,0.666667,240,203,1,0,4,0,0,0
5,30,21,161,20,0.25,0,4,4,0,4,0,1,0,6.875,6.875,0.0,426,426,55,6452,0.828571,0,55,1,0.75,240,203,0,0,6,0,0,1
7,15,23,104,27,0.8,0,4,5,0,7,0,4,0,4.925,4.137255000000001,1.0,1851,2009,197,6452,0.955,0,211,12,0.511837,240,203,3,0,41,19,0,1
6,30,12,193,37,0.363636,1,11,11,0,2,0,4,0,20.375,16.5,0.84,832,852,163,10793,0.684211,4,165,6,0.8,426,254,21,0,47,12,0,1
1,1,0,5,0,1.0,0,1,1,0,0,0,1,0,1.333333,1.333333,0.0,31,31,4,277,0.0,0,4,0,0.0,18,17,0,0,4,1,0,0
2,2,0,5,2,0.75,1,2,4,0,0,0,3,0,1.333333,1.333333,1.0,31,31,4,277,0.0,1,4,0,0.0,18,17,1,0,4,1,0,0
1,1,1,5,2,0.75,1,3,4,0,0,0,3,0,1.333333,1.333333,1.0,31,31,4,277,0.0,1,4,1,0.0,18,17,1,0,4,1,0,0
6,15,10,147,13,0.857143,0,7,7,0,4,0,6,0,3.173913,3.192308,0.333333,528,586,73,12981,0.935,0,83,6,0.448529,1423,1237,1,0,11,2,0,1
7,78,23,388,23,0.6,0,5,5,0,2,0,3,0,21.75,21.75,0.0,441,441,87,1563,0.0,0,87,5,0.0,37,36,0,0,5,0,0,1
2,2,3,8,6,1.0,1,2,2,0,0,0,2,0,3.0,3.0,0.666667,25,25,6,912,1.0,1,6,3,1.0,80,79,2,0,5,0,0,0
3,4,2,11,3,0.666667,0,3,3,0,0,0,2,0,3.0,3.0,1.0,25,25,6,912,1.0,0,6,1,1.0,80,79,1,0,5,0,0,0
1,1,1,3,1,0.0,0,0,0,0,0,0,0,0,1.0,1.0,0.0,7,7,1,43,0.0,0,1,1,1.0,8,8,0,0,0,0,0,0
1,1,0,3,0,0.0,0,0,0,0,0,0,0,0,1.0,1.0,0.0,18,18,4,43,0.0,0,4,0,1.0,8,8,0,0,0,0,0,0
4,32,16,176,59,0.666667,14,9,24,0,0,0,16,0,7.8,7.8,0.348837,272,272,39,272,0.953125,28,39,1,1.0,5,5,15,0,17,28,0,1
6,19,22,108,29,0.454545,2,20,22,0,1,0,10,0,10.0,10.0,0.0,115,115,20,989,0.0,7,20,1,1.0,25,25,0,0,20,7,0,1
1,1,1,4,1,1.0,0,1,1,0,1,0,1,0,4.4545449999999995,4.4545449999999995,0.0,323,323,49,323,0.96,0,49,1,0.22222199999999998,16,16,0,0,29,8,0,0
1,1,0,8,0,0.0,0,0,0,0,1,0,0,0,4.4545449999999995,4.4545449999999995,0.0,323,323,49,323,0.96,0,49,0,0.22222199999999998,16,16,0,0,29,8,0,0
2,3,5,20,11,1.0,0,3,3,0,0,0,3,0,4.4545449999999995,4.4545449999999995,1.0,323,323,49,323,0.96,0,49,0,0.22222199999999998,16,16,6,0,29,8,0,0
2,2,3,21,10,0.8,1,3,5,0,0,0,4,0,4.4545449999999995,4.4545449999999995,0.666667,323,323,49,323,0.96,2,49,0,0.22222199999999998,16,16,4,0,29,8,0,0
6,39,44,339,59,0.35897399999999996,5,27,39,2,1,2,14,2,5.222222,4.4545449999999995,0.266667,394,404,47,2516,0.9,11,49,3,0.177778,212,168,4,0,31,14,0,1
2,2,2,13,5,1.0,1,2,3,0,1,0,3,0,3.333333,3.333333,0.666667,65,65,20,206,0.8,1,20,2,0.6,17,17,2,0,4,5,0,0
