NMCS_method,CYCLO_method,MAXNESTING_method,LOC_method,MaMCL_method,MeMCL_method,NOAV_method,NOLV_method,CDISP_method,AMWNAMM_type,LOCNAMM_type,AMW_type,CFNAMM_type,LOC_type,CFNAMM_method,LAA_method,CINT_method,ATFD_method,FANOUT_method,LCOM5_type,TCC_type,FDP_method,RFC_type,WMC_type,WMCNAMM_type,is_switch_statements
0,1,1,5,0,0,1.0,1,0.5,1.2,39,1.142857143,55,53,4,0.0,2,0.0,1,0.916666667,0.1,0.0,13,8,6,0
0,3,2,6,0,0,1.0,0,0.0,2.3181818180000002,310,2.0333333330000003,1214,377,1,1.0,0,0.0,0,0.943965517,0.057142857000000005,0.0,208,61,51,0
0,1,1,3,0,0,1.0,2,1.0,1.0,3,1.0,4,3,2,0.0,1,0.0,1,0.0,1.0,0.0,2,1,1,0
0,1,2,3,0,0,0.0,0,1.0,1.0,5,1.0,4,5,2,0.0,1,0.0,1,0.0,1.0,0.0,2,1,1,0
0,1,1,3,0,0,6.0,0,0.0,2.0,179,1.9375,640,197,0,0.0,0,0.0,0,0.855555556,0.305555556,0.0,41,31,28,0
0,1,1,3,0,0,2.0,1,0.0,2.0,44,2.0,77,66,0,1.0,0,0.0,0,0.75,0.5,0.0,18,10,8,0
0,2,1,5,0,0,1.0,0,0.0,2.472222222,834,2.085271318,11362,1243,0,1.0,0,0.0,0,0.9859730109999999,0.028635682000000003,0.0,207,269,178,0
0,1,1,3,0,0,2.0,2,0.0,1.0,9,1.0,3,9,1,0.0,0,0.0,0,0.0,1.0,0.0,6,1,1,0
0,1,0,1,0,0,0.0,0,0.0,1.0,202,1.0,0,225,0,0.0,0,0.0,0,1.014925373,0.0,0.0,68,68,64,0
0,2,2,8,0,0,1.0,2,0.0,2.61971831,1327,2.61971831,1192,1327,0,0.0,0,0.0,0,1.0,0.000426257,0.0,96,186,186,0
0,1,0,1,0,0,0.0,1,0.0,1.0,4,1.0,0,19,0,0.0,0,0.0,0,0.0,0.0,0.0,4,4,1,0
0,1,1,3,0,0,3.0,1,0.0,1.333333333,77,1.333333333,152,77,0,1.0,0,0.0,0,0.9375,0.166666667,0.0,30,12,12,0
0,1,0,1,0,0,0.0,0,0.0,1.0,6,1.0,0,6,0,0.0,0,0.0,0,0.0,0.0,0.0,2,2,2,0
0,1,1,3,0,0,1.0,0,0.0,1.8,74,1.6666666669999999,80,86,1,1.0,0,0.0,0,0.818181818,0.527272727,0.0,22,20,18,0
0,1,0,1,0,0,11.61722488,0,0.0,1.0,83,1.0,0,83,0,0.495910908,0,2.208133971,0,0.0,0.0,0.8923444979999999,11,11,11,0
0,1,0,1,0,0,0.0,0,0.0,1.0,6,1.0,0,6,0,0.0,0,0.0,0,0.0,0.0,0.0,3,3,3,0
0,1,1,4,0,0,2.0,1,0.0,1.0,17,1.0,6,27,0,1.0,0,0.0,0,1.0,0.0,0.0,6,5,3,0
0,1,2,18,0,0,2.0,0,1.0,1.857142857,114,1.857142857,108,271,4,1.0,2,0.0,2,0.934065934,0.0,0.0,16,26,13,0
0,4,3,18,0,0,6.0,2,0.5,1.8,227,1.6666666669999999,358,239,8,1.0,4,0.0,2,0.931818182,0.41666666700000005,0.0,37,20,18,0
0,2,5,23,0,0,3.0,3,1.0,4.0,51,4.0,30,51,2,1.0,1,0.0,1,0.0,1.0,0.0,12,8,8,0
0,4,4,14,0,0,6.0,2,0.75,1.636363636,77,1.642857143,140,95,8,1.0,4,0.0,3,0.846153846,0.0,0.0,41,23,18,0
1,4,4,41,2,2,22.0,8,0.5,2.0,179,1.9375,640,197,10,0.5,12,3.0,6,0.855555556,0.305555556,2.0,41,31,28,1
0,7,4,47,0,0,25.0,8,0.571428571,4.8571428569999995,314,6.0,897,530,8,0.666666667,7,2.0,4,0.942815249,0.169590643,2.0,108,138,68,0
0,5,4,25,0,0,7.0,6,1.0,2.035294118,1081,1.929292929,13341,1186,2,1.0,1,0.0,1,0.976530612,0.013955617,0.0,216,191,173,0
0,8,5,32,0,0,8.0,4,0.5,1.571428571,114,1.947368421,184,208,8,1.0,4,1.0,2,0.976851852,0.1,1.0,25,37,22,0
0,5,4,43,0,0,13.0,10,1.0,2.692307692,1063,2.395833333,1992,1116,4,0.333333333,2,2.0,2,0.994877857,0.054054054000000004,1.0,104,115,105,0
0,12,4,57,0,0,14.0,8,0.625,2.692307692,1063,2.395833333,1992,1116,14,0.166666667,8,6.0,5,0.994877857,0.054054054000000004,3.0,104,115,105,0
0,5,4,24,0,0,8.0,7,0.5,2.61971831,1327,2.61971831,1192,1327,4,0.0,2,1.0,1,1.0,0.000426257,1.0,96,186,186,0
0,4,4,14,0,0,8.0,4,0.0,4.0,615,4.0,292,615,0,0.0,0,0.0,0,1.0,0.003952569,0.0,30,100,100,0
0,9,4,53,0,0,17.0,15,0.5,2.666666667,158,2.666666667,346,158,20,1.0,10,0.0,5,0.6875,0.666666667,0.0,36,24,24,0
0,5,5,28,0,0,9.0,6,0.5,2.0,131,2.0,320,131,16,0.5,8,2.0,4,0.7142857140000001,0.14285714300000002,2.0,30,16,16,0
0,10,4,49,0,0,19.0,11,0.454545455,2.625,132,2.625,386,132,20,0.14285714300000002,11,6.0,5,0.7857142859999999,0.47619047600000003,2.0,45,21,21,1
0,8,5,44,0,0,18.0,10,0.75,3.882352941,647,3.722222222,1100,660,12,0.8,8,2.0,6,0.889705882,0.7142857140000001,2.0,67,67,66,0
0,6,4,40,0,0,13.0,6,0.545454545,2.0,117,1.9090909090000001,248,134,12,0.428571429,11,4.0,6,0.9,0.28571428600000004,3.0,38,21,18,0
0,4,4,14,0,0,6.0,3,1.0,1.8,74,1.6666666669999999,80,86,2,0.5,1,1.0,1,0.818181818,0.527272727,1.0,22,20,18,0
0,11,4,26,0,0,7.0,7,0.0,2.85915493,995,2.826530612,9678,1350,0,0.0,0,0.0,0,0.980277902,0.071103983,0.0,185,277,203,0
1,19,4,77,2,2,17.0,9,0.583333333,2.85915493,995,2.826530612,9678,1350,14,0.428571429,12,4.0,7,0.980277902,0.071103983,2.0,185,277,203,1
0,10,5,52,0,0,20.0,2,0.75,10.0,57,10.0,8,57,4,0.0,4,15.0,3,0.0,1.0,3.0,5,10,10,1
0,11,6,47,0,0,19.0,8,0.444444444,2.489361702,1669,2.219512195,51801,1957,17,0.0,9,3.0,4,0.9921068609999999,0.012612613,2.0,571,273,234,0
0,20,6,161,0,0,27.0,18,0.363636364,3.666666667,236,3.666666667,302,236,34,0.166666667,22,6.0,8,0.875,0.0,5.0,35,33,33,1
0,28,6,88,0,0,41.0,10,0.5,3.333333333,145,1.6666666669999999,1016,381,12,0.0,6,1.0,3,0.939837398,0.08502024300000001,1.0,62,70,40,1
0,5,6,183,0,0,30.0,13,0.692307692,2.692307692,1063,2.395833333,1992,1116,20,0.692307692,13,5.0,9,0.994877857,0.054054054000000004,2.0,104,115,105,1
0,12,6,73,0,0,10.0,10,0.0,2.61971831,1327,2.61971831,1192,1327,0,0.0,0,0.0,0,1.0,0.000426257,0.0,96,186,186,0
0,12,7,49,0,0,7.0,8,0.0,4.0,615,4.0,292,615,0,0.0,0,0.0,0,1.0,0.003952569,0.0,30,100,100,1
0,11,7,63,0,0,7.0,8,0.0,4.0,615,4.0,292,615,0,0.0,0,0.0,0,1.0,0.003952569,0.0,30,100,100,1
0,29,6,163,0,0,25.0,12,0.0,2.9156626510000003,2637,2.8,54,2829,0,1.0,0,0.0,0,0.971910112,0.042455535999999995,0.0,91,252,242,1
0,12,7,53,0,0,15.0,12,0.571428571,4.0,91,4.0,94,91,12,1.0,7,1.0,4,0.333333333,1.0,1.0,19,16,16,1
0,22,6,107,0,0,32.0,26,0.6,3.882352941,647,3.722222222,1100,660,12,0.666666667,10,1.0,6,0.889705882,0.7142857140000001,1.0,67,67,66,1
0,11,6,73,0,0,24.0,20,0.538461538,6.0,81,6.0,54,81,18,0.0,13,2.0,7,0.0,0.0,2.0,15,12,12,0
0,8,6,53,0,0,14.0,12,0.0,4.8,170,4.8,58,170,0,1.0,0,0.0,0,0.8125,0.666666667,0.0,10,24,24,1
0,15,6,50,0,0,13.0,10,0.666666667,2.85915493,995,2.826530612,9678,1350,6,1.0,3,0.0,2,0.980277902,0.071103983,0.0,185,277,203,1
0,6,6,31,0,0,14.0,10,0.5,2.3125,274,2.529411765,650,323,6,0.666666667,4,2.0,2,0.9464285709999999,0.022222222000000003,2.0,53,43,37,0
0,8,6,56,0,0,22.0,11,0.666666667,2.3125,274,2.529411765,650,323,18,0.7777777779999999,9,4.0,6,0.9464285709999999,0.022222222000000003,3.0,53,43,37,0
0,1,1,3,0,0,0.0,1,0.0,11.31034483,1371,11.31034483,4344,1371,0,0.0,0,0.0,0,0.7232142859999999,0.0,0.0,87,328,328,0
0,3,2,6,0,0,1.0,1,0.0,11.31034483,1371,11.31034483,4344,1371,0,0.0,0,0.0,0,0.7232142859999999,0.0,0.0,87,328,328,0
0,3,2,6,0,0,1.0,1,0.0,11.31034483,1371,11.31034483,4344,1371,0,0.0,0,0.0,0,0.7232142859999999,0.0,0.0,87,328,328,0
0,1,1,4,0,0,1.0,2,0.0,11.31034483,1371,11.31034483,4344,1371,0,0.0,0,0.0,0,0.7232142859999999,0.0,0.0,87,328,328,0
0,1,1,4,0,0,1.0,0,1.0,2.541666667,304,2.48,670,312,2,1.0,1,0.0,1,0.7013888890000001,0.833333333,0.0,41,62,61,0
0,2,2,16,0,0,6.0,3,1.0,2.541666667,304,2.48,670,312,4,1.0,2,0.0,2,0.7013888890000001,0.833333333,0.0,41,62,61,0
0,2,2,7,0,0,3.0,1,0.0,2.541666667,304,2.48,670,312,0,1.0,0,0.0,0,0.7013888890000001,0.833333333,0.0,41,62,61,0
0,4,2,9,0,0,2.0,1,0.0,6.916666667,550,5.4375,72,590,0,1.0,0,0.0,0,0.7771260999999999,0.19166666699999999,0.0,34,174,166,0
0,1,1,3,0,0,4.0,4,1.0,6.916666667,550,5.4375,72,590,2,0.0,1,0.0,1,0.7771260999999999,0.19166666699999999,0.0,34,174,166,0
0,3,2,11,0,0,5.0,5,0.0,10.45833333,669,10.45833333,0,669,0,0.0,0,0.0,0,1.0,0.0,0.0,24,251,251,0
0,1,1,12,0,0,18.0,9,0.0,1.0,76,1.0,8,76,1,0.8888888890000001,0,1.0,0,2.0,1.0,1.0,3,2,2,0
0,1,1,5,0,0,6.0,3,0.0,1.0,22,1.0,0,22,0,1.0,0,0.0,0,2.0,1.0,0.0,2,2,2,0
0,1,1,7,0,0,10.0,5,0.0,1.0,20,1.0,0,20,0,1.0,0,0.0,0,0.0,1.0,0.0,1,1,1,0
0,1,1,3,0,0,1.0,1,0.0,6.870967742,828,6.870967742,1106,828,0,0.0,0,1.0,0,0.666666667,0.0,1.0,44,213,213,0
0,3,2,12,0,0,11.0,3,0.0,6.870967742,828,6.870967742,1106,828,0,0.125,0,7.0,0,0.666666667,0.0,4.0,44,213,213,0
0,1,1,9,0,0,8.0,5,1.0,6.870967742,828,6.870967742,1106,828,4,0.333333333,2,2.0,2,0.666666667,0.0,1.0,44,213,213,0
0,3,3,10,0,0,4.0,1,0.0,4.333333333,569,4.333333333,764,569,0,1.0,0,0.0,0,0.9117647059999999,1.0,0.0,53,91,91,0
0,1,1,3,0,0,1.0,1,1.0,4.333333333,569,4.333333333,764,569,2,0.0,1,0.0,1,0.9117647059999999,1.0,0.0,53,91,91,0
0,1,1,4,0,0,1.0,1,1.0,4.333333333,569,4.333333333,764,569,2,0.0,1,0.0,1,0.9117647059999999,1.0,0.0,53,91,91,0
0,10,5,40,0,0,16.0,2,0.5,11.31034483,1371,11.31034483,4344,1371,14,0.583333333,8,5.0,4,0.7232142859999999,0.0,1.0,87,328,328,0
0,20,5,96,0,0,56.0,12,0.0,4.7,243,4.7,16,243,0,0.022727273,0,43.0,0,0.481481481,1.0,12.0,12,47,47,1
0,33,5,104,0,0,26.0,11,1.0,9.0,174,9.0,10,174,2,0.066666667,1,14.0,1,0.75,0.1,1.0,6,45,45,1
0,139,6,523,0,0,105.0,25,0.36842105299999994,11.31034483,1371,11.31034483,4344,1371,38,0.3,19,56.0,7,0.7232142859999999,0.0,2.0,87,328,328,1
0,75,6,257,0,0,101.0,16,0.6,6.870967742,828,6.870967742,1106,828,10,0.023529412000000003,5,83.0,3,0.666666667,0.0,8.0,44,213,213,1
0,43,10,103,0,0,65.0,17,1.0,6.870967742,828,6.870967742,1106,828,2,0.020833333,1,47.0,1,0.666666667,0.0,11.0,44,213,213,1
0,21,6,125,0,0,26.0,20,1.0,4.333333333,569,4.333333333,764,569,4,0.0,2,6.0,2,0.9117647059999999,1.0,3.0,53,91,91,1
0,1,1,4,0,0,2.0,0,1.0,1.141025641,792,1.080745342,19816,1585,2,0.0,1,0.0,1,0.986569149,0.13481953300000002,0.0,296,174,89,0
0,1,1,4,0,0,1.0,0,0.0,1.0,120,1.0,263,146,1,1.0,0,0.0,0,0.65625,0.46666666700000003,0.0,29,17,14,0
0,1,1,4,0,0,1.0,0,1.0,1.191011236,749,1.1578947370000001,26311,1536,2,0.0,1,0.0,1,0.993014706,0.00178215,0.0,285,198,106,0
0,2,2,16,0,0,4.0,4,0.6,1.2,55,1.2,58,55,10,0.0,5,1.0,3,1.0,0.0,1.0,13,6,6,0
0,1,1,4,0,0,1.0,0,0.0,1.606060606,427,1.2957746479999999,7564,766,0,1.0,0,0.0,0,0.9928571429999999,0.072727273,0.0,145,92,53,0
0,1,1,4,0,0,1.0,0,0.0,1.337078652,920,1.173913043,40917,1790,0,1.0,0,0.0,0,0.9938691190000001,0.101365611,0.0,299,216,119,0
0,1,1,4,0,0,3.0,1,1.0,1.17721519,791,1.109452736,30542,1849,0,1.0,1,0.0,1,0.99046875,0.08776204300000001,0.0,336,223,93,0
0,1,1,4,0,0,1.0,0,1.0,1.027027027,394,1.016129032,5347,619,4,1.0,2,0.0,2,0.945033751,1.0,0.0,100,63,38,0
0,1,1,5,0,0,5.0,3,1.0,1.0,29,1.0,12,29,2,1.0,1,0.0,1,1.333333333,0.0,0.0,5,3,3,0
0,1,1,3,0,0,0.0,0,0.0,2.0,30,2.0,24,30,0,0.0,0,0.0,0,0.0,1.0,0.0,6,4,4,0
0,1,1,6,0,0,5.0,2,0.0,1.454545455,709,1.317567568,16808,1702,0,1.0,0,0.0,0,0.989135953,0.162305149,0.0,312,195,80,0
0,5,3,38,0,0,9.0,4,1.0,2.363636364,486,2.923076923,199,560,3,1.0,1,0.0,1,1.052083333,0.018181818,0.0,72,38,26,0
0,1,0,1,0,0,0.0,0,0.0,1.0,62,1.0,0,62,0,0.0,0,0.0,0,0.0,0.0,0.0,9,9,9,0
0,1,1,4,0,0,1.0,0,0.0,1.1,178,1.0606060609999999,1443,295,1,1.0,0,0.0,0,1.0,0.0,0.0,99,35,22,0
0,5,3,38,0,0,11.0,11,0.0,7.909090909,610,7.909090909,418,610,0,0.0,0,0.0,0,0.9,0.177777778,0.0,129,87,87,0
0,1,1,4,0,0,1.0,0,0.0,1.0,30,1.0,23,36,0,1.0,0,0.0,0,1.0,0.0,0.0,28,3,2,0
0,2,2,7,0,0,1.0,0,1.0,4.666666667,234,3.176470588,154,335,2,1.0,1,0.0,1,0.8828125,0.24242424199999998,0.0,23,54,42,0
0,1,1,4,0,0,1.0,0,0.0,3.192982456,1230,2.3608247419999997,8741,1622,0,1.0,0,0.0,0,0.9697916670000001,0.104240766,0.0,247,229,182,0
0,3,2,20,0,0,5.0,3,0.75,1.75,340,1.75,288,340,6,0.5,4,1.0,3,0.333333333,1.0,1.0,35,7,7,0
0,8,5,81,0,0,14.0,1,0.41666666700000005,7.15,2131,6.906976744,11908,2199,27,0.7692307690000001,12,3.0,5,0.738095238,0.0,3.0,292,297,286,1
0,35,5,320,0,0,17.0,1,0.41666666700000005,7.15,2131,6.906976744,11908,2199,26,0.7333333329999999,12,4.0,5,0.738095238,0.0,4.0,292,297,286,1
0,9,5,38,0,0,8.0,4,0.5,2.363636364,875,2.369230769,7531,1179,4,0.75,2,1.0,1,0.966145833,0.069381599,1.0,159,154,104,0
0,8,5,31,0,0,12.0,3,1.0,5.461538462,1152,5.204545455,2852,1239,0,0.0,3,8.0,3,0.887596899,0.193675889,4.0,97,229,213,0
0,15,5,78,0,0,12.0,8,0.666666667,6.025641026000001,2003,6.05,20666,2043,6,1.0,3,0.0,2,0.98005698,0.036036036,0.0,225,242,235,1
0,8,5,31,0,0,13.0,10,0.5,2.8055555560000003,1748,2.515151515,13122,2099,4,0.333333333,4,2.0,2,0.989431487,0.10280112,1.0,274,249,202,0
0,7,5,33,0,0,7.0,7,0.0,7.875,369,7.875,0,369,0,0.0,0,0.0,0,1.0,0.0,0.0,8,63,63,0
0,6,5,22,0,0,7.0,6,0.6,3.342657343,3849,3.342657343,129220,3849,8,0.0,5,0.0,3,0.9859154929999999,0.003740065,0.0,685,478,478,0
0,9,5,32,0,0,6.0,4,0.8,7.032967032999999,3271,6.9673913039999995,23616,3277,8,0.5,5,1.0,4,0.981946625,0.029761905,1.0,313,641,640,0
0,8,5,25,0,0,6.0,6,0.0,5.857142857,434,5.857142857,0,434,0,1.0,0,0.0,0,0.975,0.00952381,0.0,21,123,123,0
0,23,5,119,0,0,15.0,12,1.0,6.0,228,6.0,171,228,7,0.666666667,4,1.0,4,1.0,0.0,1.0,25,36,36,1
0,7,5,80,0,0,21.0,9,0.7142857140000001,3.48,1212,2.9375,5099,1267,42,0.727272727,21,3.0,15,0.95818399,0.129032258,2.0,318,94,87,0
0,21,5,67,0,0,11.0,9,0.5,5.820512821,1812,5.106382979,4405,1913,2,0.0,2,2.0,1,0.959782609,0.154654655,1.0,279,240,227,1
0,6,5,22,0,0,10.0,5,0.428571429,3.965517241,1050,3.774193548,8825,1068,12,0.25,7,3.0,3,0.951515152,0.391625616,1.0,301,117,115,0
0,13,5,30,0,0,4.0,3,1.0,5.441176471,1524,5.3142857139999995,4783,1533,2,1.0,1,0.0,1,0.9485294120000001,0.358333333,0.0,214,186,185,1
0,5,5,24,0,0,10.0,7,0.666666667,4.789473684,683,5.148148148,3010,925,4,0.666666667,3,1.0,2,0.913461538,0.27450980399999997,1.0,93,139,91,0
0,13,5,68,0,0,27.0,13,0.571428571,4.789473684,683,5.148148148,3010,925,18,0.333333333,14,8.0,8,0.913461538,0.27450980399999997,3.0,93,139,91,0
0,6,5,43,0,0,11.0,9,0.833333333,3.333333333,66,3.333333333,38,66,10,0.5,6,1.0,5,0.5,1.0,1.0,10,10,10,0
0,11,5,51,0,0,16.0,7,0.428571429,3.192982456,1230,2.3608247419999997,8741,1622,4,0.428571429,7,4.0,3,0.9697916670000001,0.104240766,3.0,247,229,182,1
0,14,7,42,0,0,17.0,13,0.6,5.461538462,1152,5.204545455,2852,1239,2,0.0,5,4.0,3,0.887596899,0.193675889,3.0,97,229,213,0
0,21,9,116,0,0,21.0,6,0.5,7.15,2205,6.906976744,11359,2272,9,0.26666666699999997,4,11.0,2,0.933333333,0.0,3.0,289,297,286,1
0,11,6,97,0,0,37.0,14,1.0,5.1111111110000005,577,4.307692308,566,637,2,0.666666667,1,0.0,1,0.9027777779999999,0.363636364,0.0,36,56,46,1
0,12,6,59,0,0,10.0,5,0.6,2.583333333,215,3.307692308,263,279,6,0.6,5,0.0,3,0.944444444,0.04444444400000001,0.0,26,43,31,1
0,14,6,87,0,0,15.0,12,0.23076923100000002,3.342657343,3849,3.342657343,129220,3849,24,0.0,13,3.0,3,0.9859154929999999,0.003740065,3.0,685,478,478,0
0,46,6,282,0,0,44.0,16,0.428571429,6.052631579,815,6.052631579,322,815,12,0.851851852,7,4.0,3,0.969135802,0.054945055,2.0,36,115,115,1
0,1,6,199,0,0,1.0,2,1.0,2.363636364,486,2.923076923,199,560,2,0.0,1,0.0,1,1.052083333,0.018181818,0.0,72,38,26,0
0,23,6,85,0,0,17.0,12,0.5,5.820512821,1812,5.106382979,4405,1913,18,0.75,10,1.0,5,0.959782609,0.154654655,1.0,279,240,227,1
0,12,7,77,0,0,15.0,9,1.0,3.965517241,1050,3.774193548,8825,1068,2,1.0,1,0.0,1,0.951515152,0.391625616,0.0,301,117,115,0
0,45,6,360,0,0,47.0,28,0.516129032,6.461538462,1979,6.095238095,7535,2014,60,0.352941176,31,11.0,16,0.972482802,0.186344239,5.0,235,256,252,1
0,10,6,167,0,0,57.0,5,0.75,7.7,2459,7.485714286,9148,2656,16,0.39215686299999997,4,30.0,3,0.9616755790000001,0.258064516,2.0,275,262,231,1
0,13,6,87,0,0,19.0,2,1.0,6.95,2177,6.534883721,7741,2197,2,0.933333333,2,1.0,2,0.96577381,0.23076923100000002,1.0,260,281,278,1
0,12,6,59,0,0,16.0,7,0.625,6.95,2177,6.534883721,7741,2197,10,0.111111111,8,8.0,5,0.96577381,0.23076923100000002,3.0,260,281,278,1
0,9,6,79,0,0,14.0,4,0.5,3.793103448,826,3.5,2298,857,10,0.5,2,5.0,1,0.985454545,0.017045455,1.0,78,119,110,1
0,16,7,140,0,0,30.0,6,0.75,7.5,364,7.5,177,364,11,0.41666666700000005,4,14.0,3,0.7333333329999999,0.333333333,3.0,128,45,45,1
0,10,7,92,0,0,26.0,6,0.6,5.956521738999999,1163,5.56,2598,1183,12,0.55,5,9.0,3,0.975833333,0.18614718600000002,2.0,196,139,137,1
0,9,6,33,0,0,6.0,3,1.0,3.192982456,1230,2.3608247419999997,8741,1622,2,1.0,1,0.0,1,0.9697916670000001,0.104240766,0.0,247,229,182,0
0,18,7,162,0,0,26.0,15,0.428571429,9.5,187,9.5,45,187,13,0.444444444,7,5.0,3,1.25,0.0,2.0,11,19,19,1
0,20,6,85,0,0,22.0,17,0.615384615,3.014925373,1979,2.9864864860000004,4383,2120,26,0.8,13,1.0,8,0.969074305,0.208080808,1.0,140,221,202,1
0,1,1,4,0,0,2.0,1,0.0,2.0,52,1.6,20,71,0,1.0,0,0.0,0,0.75,0.5,0.0,15,8,6,0
0,1,1,5,0,0,0.0,0,1.0,1.0,85,1.0,150,85,2,0.0,1,0.0,1,0.0,0.0,0.0,37,11,11,0
0,1,1,3,0,0,2.0,1,0.0,1.346153846,297,1.333333333,856,306,0,0.0,0,1.0,0,1.038461538,0.0,1.0,44,36,35,0
0,1,1,3,0,0,2.0,1,0.0,1.0,58,1.0,0,112,0,1.0,0,0.0,0,0.848484848,0.194444444,0.0,12,12,6,0
0,1,1,6,0,0,5.0,5,1.0,2.266666667,193,2.1176470590000003,306,203,4,0.0,2,0.0,2,1.0625,0.0,0.0,31,36,34,0
0,3,2,20,0,0,15.0,7,0.5,2.266666667,193,2.1176470590000003,306,203,4,0.0,6,4.0,3,1.0625,0.0,1.0,31,36,34,0
0,1,1,4,0,0,1.0,0,0.0,3.0,113,2.0,0,151,0,1.0,0,0.0,0,0.9285714290000001,0.6,0.0,8,16,12,0
0,1,1,3,0,0,0.0,0,0.0,1.2,41,1.142857143,18,59,0,0.0,0,0.0,0,0.666666667,0.3,0.0,43,8,6,0
0,1,1,6,0,0,6.0,3,0.0,1.0,336,1.0,0,372,0,1.0,0,0.0,0,1.0,0.0,0.0,13,13,9,0
0,4,3,25,0,0,6.0,6,0.0,1.454545455,295,1.434782609,0,307,0,0.0,0,0.0,0,0.875,0.12857142900000001,0.0,23,33,32,0
0,1,1,4,0,0,2.0,0,0.0,1.454545455,295,1.434782609,0,307,0,1.0,0,0.0,0,0.875,0.12857142900000001,0.0,23,33,32,0
0,1,1,5,0,0,1.0,0,0.0,1.454545455,295,1.434782609,0,307,0,1.0,0,0.0,0,0.875,0.12857142900000001,0.0,23,33,32,0
0,1,1,5,0,0,2.0,2,0.0,1.5,75,1.214285714,24,151,0,0.0,0,0.0,0,0.923076923,0.072727273,0.0,16,17,9,0
0,1,1,7,0,0,6.0,3,0.0,1.5,75,1.214285714,24,151,0,1.0,0,0.0,0,0.923076923,0.072727273,0.0,16,17,9,0
0,3,1,8,0,0,2.0,1,0.0,3.75,157,1.9166666669999999,88,309,0,1.0,0,0.0,0,0.926086957,0.11904761900000001,0.0,26,46,30,0
0,2,2,15,0,0,6.0,4,0.5,1.2,54,1.333333333,10,68,2,0.5,2,1.0,1,0.4,1.0,1.0,8,8,6,0
0,1,1,4,0,0,1.0,0,0.0,1.6,80,1.428571429,78,100,0,0.0,0,1.0,0,1.166666667,0.0,1.0,30,10,8,0
0,1,1,4,0,0,1.0,1,0.0,1.0,23,1.0,0,23,0,0.0,0,0.0,0,0.0,1.0,0.0,4,4,4,0
0,1,1,5,0,0,1.0,1,0.0,1.0,15,1.0,0,15,0,0.0,0,0.0,0,0.0,0.0,0.0,21,2,2,0
0,11,5,68,0,0,14.0,13,0.375,2.266666667,193,2.1176470590000003,306,203,16,0.0,8,1.0,3,1.0625,0.0,1.0,31,36,34,1
0,23,5,176,0,0,32.0,18,0.428571429,2.5,538,2.5,104,538,6,0.1,7,9.0,3,1.0,0.0,2.0,31,45,45,1
0,8,5,44,0,0,9.0,7,0.0,1.454545455,295,1.434782609,0,307,0,1.0,0,0.0,0,0.875,0.12857142900000001,0.0,23,33,32,1
0,1,1,3,0,0,2.0,1,0.0,2.0526315790000003,409,1.870967742,144,583,0,1.0,0,0.0,0,0.9259259259999999,0.177248677,0.0,49,58,39,0
0,1,1,3,0,0,1.0,0,1.0,2.965517241,656,2.965517241,1236,656,2,1.0,1,0.0,1,0.865384615,0.6125356129999999,0.0,66,86,86,0
0,1,1,3,0,0,2.0,1,0.0,2.880952381,2372,2.649122807,8500,2870,0,1.0,0,0.0,0,0.9802586790000001,0.10013325699999999,0.0,157,302,242,0
0,1,1,7,0,0,4.0,3,1.0,2.277777778,1164,2.3428571430000003,2510,1495,4,1.0,2,0.0,2,0.957180501,0.084325397,0.0,110,164,123,0
0,1,0,1,0,0,0.0,0,0.0,1.0,868,1.0,0,1726,0,0.0,0,0.0,0,0.0,0.0,0.0,132,132,68,0
0,1,1,10,0,0,7.0,0,1.0,3.595238095,1404,3.052631579,6529,1660,2,1.0,1,0.0,1,0.947544643,0.05389610400000001,0.0,152,174,151,0
0,1,0,1,0,0,0.0,1,0.0,1.0,859,1.0,0,1644,0,0.0,0,0.0,0,0.0,0.0,0.0,134,134,71,0
0,1,1,3,0,0,3.0,1,0.0,3.15625,976,2.365384615,1688,1283,0,0.0,0,0.0,0,0.9411764709999999,0.072695035,0.0,379,123,101,0
0,1,1,3,0,0,1.0,2,0.0,2.730337079,2220,2.0732984290000003,3812,3951,0,0.0,0,0.0,0,0.9845112779999999,0.019057913,0.0,208,396,243,0
0,2,2,6,0,0,3.0,2,0.0,2.730337079,2220,2.0732984290000003,3812,3951,0,1.0,0,0.0,0,0.9845112779999999,0.019057913,0.0,208,396,243,0
0,1,1,3,0,0,1.0,0,0.0,1.526315789,337,1.526315789,4,337,0,1.0,0,0.0,0,0.907407407,0.516483516,0.0,37,29,29,0
0,3,2,10,0,0,3.0,2,0.0,2.15,867,2.095238095,1353,888,0,1.0,0,0.0,0,0.9467849220000001,0.165165165,0.0,78,88,86,0
0,1,1,5,0,0,2.0,0,1.0,4.48,943,3.676470588,2407,1083,3,1.0,1,0.0,1,0.920110193,0.21957672,0.0,232,125,112,0
0,1,1,3,0,0,1.0,0,0.0,3.096774194,1136,2.921052632,3345,1271,0,1.0,0,0.0,0,0.98034398,0.034920635,0.0,215,111,96,0
0,2,2,7,0,0,3.0,2,0.0,2.171428571,647,2.170731707,1689,765,0,1.0,0,0.0,0,0.910416667,0.115873016,0.0,127,89,76,0
0,1,1,3,0,0,2.0,1,0.0,2.5,496,2.026315789,215,682,0,1.0,0,0.0,0,0.8936936940000001,0.144537815,0.0,81,77,60,0
0,3,2,11,0,0,4.0,4,0.0,4.444444444,240,4.444444444,124,240,0,0.0,0,0.0,0,0.0,0.0,0.0,17,40,40,0
0,1,1,3,0,0,1.0,0,0.0,1.7777777780000001,206,1.9,98,229,0,1.0,0,0.0,0,0.9259259259999999,0.14285714300000002,0.0,21,19,16,0
0,1,0,1,0,0,0.0,1,0.0,1.0,12,1.0,0,12,0,0.0,0,0.0,0,0.0,1.0,0.0,1,1,1,0
0,8,5,30,0,0,13.0,10,0.25,2.121212121,542,2.027777778,1609,580,8,1.0,4,0.0,1,0.76,0.35416666700000005,0.0,93,73,70,0
0,8,5,27,0,0,7.0,7,0.0,2.5,143,2.5,0,143,0,0.0,0,0.0,0,0.7857142859999999,0.47619047600000003,0.0,8,20,20,0
0,26,5,138,0,0,33.0,25,0.46666666700000003,3.208333333,665,2.272727273,1128,988,40,0.7142857140000001,15,2.0,7,0.934883721,0.09059233400000001,1.0,375,100,77,1
0,33,5,206,0,0,35.0,30,0.5,4.6,363,4.0,494,395,50,0.5,16,2.0,8,0.696969697,0.535714286,1.0,385,48,46,1
0,14,5,77,0,0,24.0,20,0.625,2.9411764710000003,394,2.5,718,508,21,0.666666667,8,2.0,5,0.869565217,0.185714286,1.0,351,60,50,1
0,20,5,153,0,0,33.0,31,0.272727273,3.904761905,1460,3.303571429,5860,1678,44,0.0,22,2.0,6,0.932467532,0.07267645,1.0,141,185,164,1
0,7,5,49,0,0,13.0,10,0.666666667,2.833333333,236,2.933333333,124,319,8,1.0,3,0.0,2,0.87755102,0.1,0.0,228,44,34,0
0,8,5,47,0,0,23.0,17,0.25,2.045454545,391,2.0,686,420,24,0.5,12,3.0,3,0.836956522,0.261904762,1.0,72,48,45,0
0,16,5,98,0,0,26.0,21,0.571428571,3.756756757,1508,3.31372549,4853,1783,19,0.75,7,1.0,4,0.961666667,0.084163898,1.0,249,169,139,1
0,5,5,31,0,0,6.0,5,0.25,1.902439024,1519,1.9333333330000002,958,1585,8,1.0,4,0.0,1,0.9718614720000001,0.067073171,0.0,61,87,78,0
0,13,5,79,0,0,30.0,18,0.3,3.176470588,928,2.744680851,3933,1132,22,0.9090909090000001,10,1.0,3,0.904347826,0.17692307699999998,1.0,223,129,108,1
0,5,5,18,0,0,8.0,6,0.0,3.3,517,3.125,1351,584,0,1.0,0,0.0,0,0.836956522,0.359307359,0.0,373,75,66,0
0,7,5,24,0,0,9.0,6,0.0,3.0827586210000004,3636,2.704225352,34819,4827,0,1.0,0,0.0,0,0.9843300290000001,0.022381636,0.0,373,576,447,0
0,9,5,49,0,0,10.0,10,0.833333333,6.057692307999999,1968,6.057692307999999,6872,1968,12,0.0,6,0.0,5,0.0,0.0,0.0,108,315,315,1
0,8,5,44,0,0,9.0,9,0.6,6.057692307999999,1968,6.057692307999999,6872,1968,10,0.0,5,0.0,3,0.0,0.0,0.0,108,315,315,1
0,9,5,48,0,0,10.0,10,0.833333333,6.057692307999999,1968,6.057692307999999,6872,1968,12,0.0,6,0.0,5,0.0,0.0,0.0,108,315,315,1
0,8,5,35,0,0,13.0,13,0.5,6.057692307999999,1968,6.057692307999999,6872,1968,8,0.0,4,0.0,2,0.0,0.0,0.0,108,315,315,0
0,8,5,30,0,0,7.0,6,0.0,2.5,166,2.5,0,166,0,1.0,0,0.0,0,0.7142857140000001,0.7142857140000001,0.0,8,20,20,0
0,10,5,37,0,0,8.0,8,0.0,2.75,149,2.75,0,149,0,0.0,0,0.0,0,0.7857142859999999,0.47619047600000003,0.0,8,22,22,1
0,8,6,42,0,0,14.0,12,1.0,2.230769231,264,2.230769231,54,264,2,1.0,1,0.0,1,0.75,0.444444444,0.0,37,29,29,0
0,14,7,91,0,0,22.0,7,0.4,2.965517241,656,2.965517241,1236,656,6,1.0,5,0.0,2,0.865384615,0.6125356129999999,0.0,66,86,86,1
0,8,6,34,0,0,8.0,8,0.0,4.307692308,431,4.307692308,0,431,0,0.0,0,0.0,0,0.0,0.0,0.0,13,56,56,1
0,14,6,94,0,0,33.0,23,0.625,2.384615385,364,2.263157895,368,469,18,0.9,8,1.0,5,0.8833333329999999,0.274725275,1.0,350,43,31,1
0,40,6,198,0,0,52.0,42,0.4,3.56,800,2.891891892,1135,997,37,0.333333333,15,3.0,6,0.956790123,0.131182796,2.0,368,107,89,1
0,7,6,49,0,0,7.0,7,1.0,2.44,562,2.44,116,562,2,0.0,1,0.0,1,0.875,0.55,0.0,46,61,61,1
0,12,8,70,0,0,19.0,19,0.375,6.333333333,305,6.333333333,274,305,16,0.0,8,0.0,3,0.0,0.0,0.0,29,38,38,1
0,12,8,68,0,0,16.0,16,0.333333333,6.333333333,305,6.333333333,274,305,12,0.0,6,0.0,2,0.0,0.0,0.0,29,38,38,1
0,37,6,138,0,0,20.0,18,0.666666667,6.227272727000001,901,5.1071428569999995,559,977,8,1.0,3,0.0,2,0.8962962959999999,0.16239316199999998,0.0,231,143,137,1
0,29,10,179,0,0,21.0,18,0.666666667,6.227272727000001,901,5.1071428569999995,559,977,9,1.0,3,0.0,2,0.8962962959999999,0.16239316199999998,0.0,231,143,137,1
0,43,6,361,0,0,17.0,17,0.0,8.3,877,7.083333333,551,910,0,0.0,0,0.0,0,0.8787878790000001,0.321428571,0.0,287,85,83,1
0,17,6,122,0,0,46.0,37,0.583333333,2.666666667,383,2.285714286,573,480,35,0.857142857,12,1.0,7,0.85,0.258333333,1.0,295,48,40,1
0,7,7,25,0,0,10.0,8,0.75,3.0827586210000004,3636,2.704225352,34819,4827,8,1.0,4,0.0,3,0.9843300290000001,0.022381636,0.0,373,576,447,0
0,13,7,60,0,0,22.0,18,0.571428571,3.0827586210000004,3636,2.704225352,34819,4827,12,0.666666667,7,1.0,4,0.9843300290000001,0.022381636,1.0,373,576,447,1
0,16,6,83,0,0,21.0,20,0.583333333,3.546052632,4111,3.072072072,44777,5381,24,0.0,12,1.0,7,0.9833600929999999,0.022038687,1.0,384,682,539,1
0,20,6,99,0,0,19.0,17,0.5555555560000001,3.546052632,4111,3.072072072,44777,5381,16,1.0,9,0.0,5,0.9833600929999999,0.022038687,0.0,384,682,539,1
0,51,7,190,0,0,22.0,18,0.0,3.789473684,474,3.65,31,485,1,1.0,0,0.0,0,0.885964912,0.175,0.0,41,73,72,1
0,28,7,110,0,0,19.0,15,0.0,5.666666667,215,5.0,9,226,3,1.0,0,0.0,0,0.944444444,0.5,0.0,65,35,34,1
0,14,6,46,0,0,13.0,13,0.5,6.057692307999999,1968,6.057692307999999,6872,1968,12,0.0,6,0.0,3,0.0,0.0,0.0,108,315,315,0
0,1,1,3,0,0,0.0,0,0.0,4.925925926000001,1616,4.067567568,7157,1770,0,0.0,0,0.0,0,0.96803653,0.072077922,0.0,189,301,266,0
0,1,1,3,0,0,1.0,0,0.0,2.2592592590000002,420,2.0,1266,603,0,1.0,0,0.0,0,0.9523809520000001,0.057040997999999996,0.0,73,86,61,0
0,1,1,1,0,0,0.0,1,0.0,2.3809523809999997,315,2.3809523809999997,188,315,0,0.0,0,0.0,0,0.995,0.040935673,0.0,26,50,50,0
0,1,1,3,0,0,0.0,1,0.0,1.0,5,1.0,0,5,0,0.0,0,0.0,0,0.0,1.0,0.0,1,1,1,0
0,1,1,1,0,0,3.0,0,0.0,1.0,17,1.0,0,29,0,1.0,0,0.0,0,0.8909090909999999,0.17857142899999998,0.0,12,12,8,0
0,2,1,3,0,0,1.0,0,1.0,2.9512195119999998,666,2.8936170210000003,2944,734,2,1.0,1,0.0,1,0.93115942,0.108527132,0.0,78,136,121,0
0,2,1,4,0,0,2.0,1,0.0,2.9629629630000003,1060,2.822580645,9160,1140,0,0.0,0,1.0,0,1.016393443,0.0,1.0,114,175,160,0
0,1,1,3,0,0,2.0,1,0.0,3.0,281,1.473684211,14,362,0,1.0,0,0.0,0,0.936507937,0.176470588,0.0,22,28,12,0
0,4,2,9,0,0,2.0,2,0.0,2.538461538,341,2.4666666669999997,742,374,0,0.0,0,0.0,0,0.8551724140000001,0.283333333,0.0,43,74,66,0
0,1,1,14,0,0,16.0,7,0.0,6.538461538,1413,3.666666667,542,1469,0,1.0,0,0.0,0,0.9514170040000001,0.09047619,0.0,103,99,85,0
0,1,1,3,0,0,1.0,0,0.0,2.125,549,1.95,1815,593,0,0.0,0,1.0,0,1.025641026,0.0,1.0,75,78,68,0
0,1,1,3,0,0,1.0,0,1.0,3.458333333,362,3.034482759,2324,387,2,1.0,1,0.0,1,0.792857143,0.621693122,0.0,277,88,83,0
0,3,1,7,0,0,3.0,3,1.0,3.550458716,3856,3.550458716,35562,3856,2,0.0,1,0.0,1,0.9912023459999999,0.00041406,0.0,314,774,774,0
0,1,2,36,0,0,0.0,0,1.0,1.0,248,1.0,18,258,2,0.0,1,0.0,1,0.5,0.26744186,0.0,48,45,43,0
0,1,1,3,0,0,3.0,1,0.0,2.666666667,41,2.0,0,51,0,1.0,0,0.0,0,0.583333333,0.833333333,0.0,5,10,8,0
0,1,1,2,0,0,1.0,0,0.0,3.5,130,1.8333333330000001,34,178,0,1.0,0,0.0,0,0.598039216,0.025,0.0,69,33,21,0
0,1,1,5,0,0,3.0,1,0.0,1.0,32,1.0,0,32,0,1.0,0,0.0,0,1.333333333,1.0,0.0,2,2,2,0
0,1,1,3,0,0,2.0,1,0.0,4.24137931,868,3.0888888889999997,728,948,0,1.0,0,0.0,0,0.972570533,0.047311828,0.0,72,139,123,0
0,1,1,3,0,0,1.0,0,0.0,3.291666667,499,2.6176470590000003,704,585,0,1.0,0,0.0,0,0.886868687,0.302955665,0.0,52,89,79,0
0,39,5,145,0,0,36.0,18,0.40625,6.166666667,329,6.166666667,785,329,48,0.222222222,32,14.0,13,0.818181818,0.047619048,7.0,89,74,74,1
0,7,5,30,0,0,7.0,2,0.4,5.333333333,80,4.25,66,85,10,0.8,5,1.0,2,0.7333333329999999,0.333333333,1.0,12,17,16,0
0,13,5,65,0,0,24.0,18,0.6,2.2592592590000002,420,2.0,1266,603,10,1.0,5,0.0,3,0.9523809520000001,0.057040997999999996,0.0,73,86,61,1
0,9,5,44,0,0,21.0,7,0.583333333,5.0,55,5.0,32,55,16,0.222222222,12,7.0,7,0.5,1.0,4.0,14,10,10,1
0,7,5,25,0,0,15.0,6,0.5555555560000001,4.466666667,327,3.842105263,609,356,12,0.666666667,9,3.0,5,0.740740741,0.31868131899999996,2.0,67,73,67,0
0,19,5,55,0,0,15.0,8,0.571428571,3.217391304,924,2.857142857,4231,979,28,0.0,14,7.0,8,1.018181818,0.0,2.0,116,160,148,1
0,7,5,42,0,0,13.0,7,0.5,7.5,77,7.5,36,77,8,0.666666667,6,2.0,3,2.0,0.0,1.0,11,15,15,0
0,4,5,20,0,0,7.0,3,0.75,3.666666667,44,3.666666667,32,44,8,0.0,4,4.0,3,1.5,0.0,1.0,9,11,11,0
0,8,5,21,0,0,10.0,10,0.0,4.090909091,339,4.090909091,62,339,0,0.0,0,0.0,0,1.1,0.0,0.0,16,45,45,0
0,15,5,75,0,0,21.0,7,0.0,3.550458716,3856,3.550458716,35562,3856,0,1.0,0,0.0,0,0.9912023459999999,0.00041406,0.0,314,774,774,1
0,14,5,76,0,0,15.0,15,0.0,4.095238095,787,4.095238095,162,787,0,0.0,0,0.0,0,0.97,0.035087718999999996,0.0,25,86,86,1
0,12,5,58,0,0,19.0,11,0.5,5.0,82,5.0,76,82,24,0.444444444,12,5.0,6,0.833333333,1.0,3.0,17,15,15,1
0,8,5,42,0,0,21.0,9,0.4,5.0,174,5.0,60,174,9,0.454545455,10,6.0,4,0.8,0.833333333,2.0,63,25,25,1
0,7,5,30,0,0,7.0,2,0.571428571,4.0,53,4.0,28,53,14,0.4,7,3.0,4,1.0,1.0,2.0,9,8,8,0
0,25,5,108,0,0,34.0,16,0.307692308,5.0,829,3.7317073169999997,2032,931,19,0.444444444,13,6.0,4,0.913235294,0.102272727,3.0,136,153,130,1
0,8,5,38,0,0,13.0,9,0.571428571,5.8888888889999995,1485,5.8888888889999995,2294,1485,10,0.0,7,2.0,4,0.914285714,0.033846153999999996,2.0,90,212,212,0
0,8,5,39,0,0,11.0,11,0.5,5.8888888889999995,1485,5.8888888889999995,2294,1485,4,0.0,2,0.0,1,0.914285714,0.033846153999999996,0.0,90,212,212,0
0,8,5,33,0,0,12.0,4,1.0,3.291666667,499,2.6176470590000003,704,585,2,0.875,2,1.0,2,0.886868687,0.302955665,1.0,52,89,79,0
0,9,5,42,0,0,11.0,7,0.5,2.9,552,2.857142857,686,568,4,1.0,2,0.0,1,0.895833333,0.703296703,0.0,40,60,58,0
0,14,7,42,0,0,16.0,10,0.666666667,3.217391304,924,2.857142857,4231,979,18,0.0,9,6.0,6,1.018181818,0.0,1.0,116,160,148,1
0,19,6,82,0,0,29.0,13,0.428571429,16.33333333,184,16.33333333,40,184,12,0.176470588,7,14.0,3,1.0,1.0,3.0,11,49,49,1
0,9,6,23,0,0,9.0,9,0.0,3.550458716,3856,3.550458716,35562,3856,0,0.0,0,0.0,0,0.9912023459999999,0.00041406,0.0,314,774,774,0
0,21,8,113,0,0,20.0,20,0.0,3.550458716,3856,3.550458716,35562,3856,0,0.0,0,0.0,0,0.9912023459999999,0.00041406,0.0,314,774,774,1
0,10,6,58,0,0,12.0,10,0.0,4.095238095,787,4.095238095,162,787,0,1.0,0,0.0,0,0.97,0.035087718999999996,0.0,25,86,86,0
0,12,6,40,0,0,14.0,6,1.0,3.777777778,166,3.5,130,169,4,0.7777777779999999,2,2.0,2,0.8888888890000001,0.533333333,1.0,34,35,34,0
0,8,7,33,0,0,17.0,10,0.75,6.2,2981,6.2,141,2981,8,0.428571429,4,0.0,3,0.8125,0.6,0.0,134,31,31,0
0,10,6,42,0,0,21.0,9,0.23076923100000002,5.0,174,5.0,60,174,15,0.363636364,13,6.0,3,0.8,0.833333333,2.0,63,25,25,1
0,14,6,50,0,0,13.0,4,0.6,4.625,173,4.0,246,189,15,0.444444444,10,5.0,6,0.666666667,1.0,3.0,75,40,37,1
0,10,6,48,0,0,25.0,12,0.615384615,4.0,220,4.0,380,220,18,0.363636364,13,7.0,8,0.9,0.127272727,4.0,126,44,44,0
0,9,7,46,0,0,19.0,7,0.75,3.25,102,3.25,31,102,3,0.692307692,4,4.0,3,0.791666667,0.333333333,2.0,53,13,13,0
0,19,7,93,0,0,30.0,10,0.571428571,4.0,506,3.068965517,591,541,7,0.6190476189999999,7,8.0,4,0.90922619,0.147619048,2.0,93,89,80,1
1,23,8,89,2,2,33.0,18,0.38888888899999996,5.8888888889999995,1485,5.8888888889999995,2294,1485,32,0.25,18,3.0,7,0.914285714,0.033846153999999996,3.0,90,212,212,1
0,7,6,19,0,0,10.0,8,0.75,5.8888888889999995,1485,5.8888888889999995,2294,1485,6,0.5,4,1.0,3,0.914285714,0.033846153999999996,1.0,90,212,212,0
0,10,6,41,0,0,21.0,14,0.6,4.0476190480000005,863,3.6938775510000004,1717,919,10,1.0,5,0.0,3,0.94212963,0.081949059,0.0,120,181,170,0
0,7,8,33,0,0,10.0,6,0.75,4.0476190480000005,863,3.6938775510000004,1717,919,7,0.666666667,4,1.0,3,0.94212963,0.081949059,1.0,120,181,170,1
0,12,8,59,0,0,27.0,15,0.5,4.0476190480000005,863,3.6938775510000004,1717,919,11,0.666666667,8,3.0,4,0.94212963,0.081949059,1.0,120,181,170,1
0,7,7,32,0,0,14.0,8,0.5,4.0476190480000005,863,3.6938775510000004,1717,919,9,0.6,6,2.0,3,0.94212963,0.081949059,1.0,120,181,170,0
0,1,1,3,0,0,1.0,1,0.0,1.0,26,1.0,0,42,0,0.0,0,0.0,0,0.666666667,0.3,0.0,7,7,4,0
0,1,1,3,0,0,0.0,0,1.0,1.0,103,1.0,10,111,2,0.0,1,0.0,1,0.0,1.0,0.0,9,2,1,0
0,2,1,5,0,0,1.0,0,1.0,1.4,238,1.363636364,266,246,2,1.0,1,0.0,1,0.791666667,1.0,0.0,27,15,14,0
0,1,1,9,0,0,6.0,1,0.0,1.6666666669999999,319,1.625,80,324,0,1.0,0,0.0,0,0.954545455,0.24175824199999998,0.0,21,26,25,0
0,1,1,4,0,0,2.0,0,0.0,1.6666666669999999,319,1.625,80,324,0,1.0,0,0.0,0,0.954545455,0.24175824199999998,0.0,21,26,25,0
0,1,1,4,0,0,8.0,1,1.0,1.5,24,1.2,4,45,0,0.4,2,3.0,2,0.75,1.0,2.0,11,6,3,0
0,4,2,10,0,0,8.0,4,1.0,2.555555556,787,2.393939394,2464,853,0,0.5,2,2.0,2,0.907094595,0.25,2.0,114,79,69,0
0,1,1,1,0,0,1.0,0,0.0,2.363636364,84,1.454545455,14,150,0,1.0,0,0.0,0,0.86875,0.173789174,0.0,35,48,26,0
0,1,1,1,0,0,2.0,1,0.0,2.363636364,84,1.454545455,14,150,0,1.0,0,0.0,0,0.86875,0.173789174,0.0,35,48,26,0
0,2,2,13,0,0,7.0,1,1.0,2.193548387,1015,2.121212121,1530,1043,2,1.0,1,0.0,1,0.9418402779999999,0.1,0.0,104,70,68,0
0,1,1,8,0,0,7.0,1,0.0,1.5,266,1.333333333,44,279,0,1.0,0,0.0,0,0.875,1.0,0.0,14,4,3,0
0,1,1,3,0,0,2.0,1,0.0,1.6666666669999999,187,1.5,40,235,0,1.0,0,0.0,0,0.904761905,0.2,0.0,15,12,5,0
0,1,2,71,0,0,19.0,0,1.0,1.5,91,1.333333333,16,97,8,0.5,4,9.0,4,0.8888888890000001,1.0,1.0,7,4,3,0
0,4,1,8,0,0,4.0,1,0.0,1.0,45,1.75,44,96,0,1.0,0,0.0,0,0.636363636,0.27777777800000003,0.0,39,21,7,0
0,1,1,3,0,0,1.0,0,0.0,1.210526316,156,1.45,350,347,0,1.0,0,0.0,0,0.965309201,0.14285714300000002,0.0,50,58,23,0
0,1,1,3,0,0,1.0,1,1.0,1.6,117,1.631578947,68,161,2,0.0,1,0.0,1,0.851851852,0.095588235,0.0,28,31,24,0
0,1,1,4,0,0,1.0,1,1.0,1.0,20,1.0,4,20,2,0.0,1,0.0,1,0.0,0.0,0.0,4,3,3,0
0,10,2,29,0,0,5.0,3,1.0,4.5,122,4.285714286,112,133,16,0.0,8,0.0,8,0.833333333,0.0,0.0,16,30,27,1
0,1,1,5,0,0,2.0,2,1.0,1.0,7,1.0,7,7,3,0.0,1,0.0,1,0.0,1.0,0.0,14,1,1,0
0,13,5,66,0,0,21.0,10,0.307692308,5.181818182,603,5.181818182,892,603,6,0.076923077,13,12.0,4,0.9642857140000001,0.333333333,2.0,69,114,114,1
0,33,5,163,0,0,40.0,28,0.28571428600000004,6.857142857,301,6.857142857,86,301,4,0.25,7,6.0,2,1.0555555559999998,0.0,1.0,23,48,48,1
0,20,6,41,0,0,22.0,13,0.4,5.181818182,603,5.181818182,892,603,2,0.0,10,9.0,4,0.9642857140000001,0.333333333,4.0,69,114,114,1
0,2,2,9,0,0,3.0,3,1.0,2.9,358,2.9,260,358,2,0.0,1,0.0,1,0.7894736840000001,0.065359477,0.0,26,58,58,0
0,1,1,3,0,0,2.0,1,0.0,1.75,54,1.5,4,86,0,0.0,0,1.0,0,0.935064935,0.13888888900000002,1.0,13,18,14,0
0,9,2,23,0,0,9.0,1,1.0,3.566666667,558,3.4,5422,1088,6,1.0,3,0.0,3,0.9010989009999999,0.544807966,0.0,166,170,107,0
0,1,1,4,0,0,1.0,0,0.5,1.0,185,1.257142857,1078,379,4,1.0,2,0.0,1,0.8954248370000001,0.9411764709999999,0.0,70,44,20,0
0,1,1,4,0,0,1.0,0,0.0,2.161764706,1163,2.3586956519999998,11416,1616,0,1.0,0,0.0,0,0.957142857,0.497297297,0.0,265,217,147,0
0,1,1,4,0,0,1.0,0,0.0,1.736842105,195,1.739130435,421,227,0,1.0,0,0.0,0,0.772727273,0.36842105299999994,0.0,36,40,33,0
0,1,1,3,0,0,0.0,0,0.0,1.0,44,1.0,48,68,0,0.0,0,0.0,0,0.8125,0.28571428600000004,0.0,27,9,6,0
0,1,1,3,0,0,2.0,2,0.0,1.2,42,1.166666667,74,47,1,0.0,0,0.0,0,1.066666667,0.0,0.0,51,7,6,0
0,1,1,3,0,0,2.0,0,1.0,2.05,210,2.0,562,231,2,1.0,1,0.0,1,0.9090909090000001,0.294736842,0.0,51,46,41,0
0,1,1,4,0,0,4.0,2,0.0,1.0,9,1.0,15,19,0,1.0,0,0.0,0,0.666666667,1.0,0.0,6,4,2,0
0,1,1,8,0,0,14.0,1,0.28571428600000004,2.633333333,434,2.515151515,1197,458,2,0.333333333,7,6.0,2,0.880208333,0.20652173899999998,2.0,89,83,79,0
0,1,1,3,0,0,2.0,0,1.0,1.153846154,82,1.153846154,328,82,3,1.0,1,0.0,1,0.291666667,0.681818182,0.0,28,15,15,0
0,1,1,4,0,0,3.0,2,0.0,1.375,98,1.333333333,85,106,0,1.0,0,0.0,0,0.375,0.7142857140000001,0.0,22,12,11,0
0,1,1,4,0,0,1.0,0,0.0,1.5,88,1.333333333,114,100,0,1.0,0,0.0,0,1.0,0.0,0.0,51,8,6,0
0,8,2,26,0,0,8.0,3,1.0,4.5,182,4.5,492,182,0,0.0,4,5.0,4,0.523809524,0.9,5.0,41,36,36,0
0,4,3,21,0,0,10.0,6,1.0,1.6666666669999999,266,1.6875,296,322,0,0.666666667,2,1.0,2,0.8,0.104761905,1.0,25,27,20,0
0,1,1,4,0,0,1.0,0,0.0,1.085714286,395,1.211538462,3864,638,1,0.0,0,1.0,0,1.019607843,0.0,1.0,140,63,38,0
0,6,2,26,0,0,6.0,3,1.0,1.7,180,1.7,40,180,2,1.0,1,0.0,1,0.703703704,0.75,0.0,14,17,17,0
0,2,1,8,0,0,2.0,1,1.0,2.0,144,1.571428571,85,182,2,1.0,1,0.0,1,0.9375,0.666666667,0.0,16,11,8,0
0,2,5,59,0,0,1.0,0,0.0,3.06122449,2017,3.06122449,1990,2017,0,1.0,0,0.0,0,0.960069444,0.111111111,0.0,63,150,150,0
0,11,5,69,0,0,5.0,4,1.0,3.06122449,2017,3.06122449,1990,2017,2,1.0,1,0.0,1,0.960069444,0.111111111,0.0,63,150,150,1
0,2,5,58,0,0,1.0,0,0.0,3.06122449,2017,3.06122449,1990,2017,0,1.0,0,0.0,0,0.960069444,0.111111111,0.0,63,150,150,0
0,23,5,103,0,0,48.0,25,0.413793103,1.925531915,1243,1.7664233580000002,18092,1806,34,0.3125,29,9.0,12,0.916666667,0.437320335,6.0,337,242,181,1
0,5,5,25,0,0,7.0,6,1.0,2.161764706,1163,2.3586956519999998,11416,1616,4,0.0,3,1.0,3,0.957142857,0.497297297,1.0,265,217,147,0
0,5,5,22,0,0,8.0,6,1.0,2.161764706,1163,2.3586956519999998,11416,1616,2,0.5,2,1.0,2,0.957142857,0.497297297,1.0,265,217,147,0
0,15,5,74,0,0,10.0,9,0.5,15.0,88,15.0,8,88,4,1.0,2,0.0,1,0.0,1.0,0.0,3,15,15,1
0,16,5,100,0,0,33.0,11,0.428571429,2.8181818180000002,541,2.5,694,694,28,1.0,14,0.0,6,0.8857142859999999,0.39310344799999997,0.0,88,90,62,1
0,5,5,38,0,0,9.0,5,0.6,2.75,73,2.4,150,83,10,1.0,5,0.0,3,0.9375,0.166666667,0.0,19,12,11,1
0,6,5,37,0,0,15.0,9,0.666666667,3.888888889,798,3.476190476,1009,819,12,0.5,9,3.0,6,1.044575472,0.23636363600000002,2.0,135,73,70,0
0,7,5,37,0,0,11.0,8,0.5,2.208333333,296,2.208333333,264,296,4,1.0,2,0.0,1,0.8826086959999999,0.307189542,0.0,37,53,53,0
0,9,5,46,0,0,14.0,12,0.333333333,23.25,615,23.25,2320,615,16,0.0,9,1.0,3,0.9523809520000001,0.0,1.0,175,186,186,0
0,6,5,26,0,0,7.0,3,0.333333333,5.0,52,5.0,43,52,12,0.75,6,1.0,2,1.333333333,1.0,1.0,18,10,10,0
0,11,5,50,0,0,12.0,8,0.7142857140000001,3.021978022,1997,2.906542056,17110,2218,12,0.5,7,2.0,5,0.950471698,0.220120724,2.0,310,311,275,0
0,7,5,61,0,0,17.0,6,0.25,2.5,117,2.285714286,64,123,6,0.25,12,6.0,3,0.583333333,0.666666667,3.0,25,16,15,0
1,28,5,107,2,2,16.0,10,0.5,5.3018867919999995,1511,5.3018867919999995,4746,1511,10,0.5,8,0.0,4,0.905769231,1.0,0.0,121,281,281,1
0,10,5,49,0,0,11.0,9,0.0,5.6,128,5.6,0,128,0,1.0,0,0.0,0,0.666666667,1.0,0.0,5,28,28,0
0,12,5,95,0,0,20.0,16,1.0,5.0,307,4.083333333,162,380,10,0.25,5,3.0,5,0.727272727,0.5,3.0,24,49,40,0
0,6,5,48,0,0,9.0,9,0.25,5.0,98,5.0,24,98,8,0.0,4,0.0,1,1.0,1.0,0.0,6,10,10,0
0,13,6,81,0,0,15.0,3,0.166666667,3.06122449,2017,3.06122449,1990,2017,6,0.5,6,0.0,1,0.960069444,0.111111111,0.0,63,150,150,1
0,9,6,46,0,0,14.0,13,0.666666667,3.5,108,3.5,62,108,12,0.0,6,1.0,4,1.333333333,0.0,1.0,14,14,14,0
1,11,7,46,2,2,38.0,13,0.41176470600000004,3.566666667,558,3.4,5422,1088,4,0.052631579000000005,17,18.0,7,0.9010989009999999,0.544807966,7.0,166,170,107,1
2,23,8,119,2,2,29.0,20,0.5,19.5,225,19.5,96,225,20,0.0,18,6.0,9,0.0,0.0,4.0,26,39,39,0
0,22,7,146,0,0,46.0,33,0.35,1.925531915,1243,1.7664233580000002,18092,1806,26,0.181818182,20,9.0,7,0.916666667,0.437320335,4.0,337,242,181,1
0,7,6,32,0,0,5.0,4,0.0,3.5,221,3.333333333,0,245,0,1.0,0,0.0,0,0.75,0.666666667,0.0,9,30,28,0
0,62,6,355,0,0,22.0,22,0.333333333,8.444444444,883,8.444444444,222,883,12,0.0,6,0.0,2,0.0,0.0,0.0,21,76,76,1
0,12,6,50,0,0,17.0,10,0.7777777779999999,3.021978022,1997,2.906542056,17110,2218,18,0.571428571,9,3.0,7,0.950471698,0.220120724,3.0,310,311,275,0
0,25,6,127,0,0,33.0,22,0.5,4.08,517,3.851851852,1574,527,18,0.0,14,11.0,7,0.905982906,0.2,9.0,115,104,102,1
0,13,6,66,0,0,16.0,9,0.5,4.5,182,4.5,492,182,34,0.5,18,3.0,9,0.523809524,0.9,3.0,41,36,36,1
0,10,6,35,0,0,6.0,6,0.5,4.0,86,4.0,28,86,8,0.0,4,0.0,2,1.0,1.0,0.0,10,16,16,1
0,28,7,116,0,0,36.0,16,0.307692308,6.285714286,318,4.083333333,311,362,36,0.3,26,14.0,8,0.924242424,0.17857142899999998,7.0,62,49,44,1
0,2,2,10,0,0,5.0,3,0.0,1.98245614,674,1.98245614,0,674,0,1.0,0,0.0,0,0.017857143,1.0,0.0,57,113,113,0
0,2,2,10,0,0,5.0,3,0.0,1.98245614,674,1.98245614,0,674,0,1.0,0,0.0,0,0.017857143,1.0,0.0,57,113,113,0
0,2,2,10,0,0,5.0,3,0.0,1.98245614,674,1.98245614,0,674,0,1.0,0,0.0,0,0.017857143,1.0,0.0,57,113,113,0
0,1,1,3,0,0,0.0,0,0.0,2.4,688,2.4,772,688,0,0.0,0,0.0,0,1.041666667,0.0,0.0,31,60,60,0
0,1,1,3,0,0,1.0,1,0.5,2.4,688,2.4,772,688,4,0.0,2,0.0,1,1.041666667,0.0,0.0,31,60,60,0
0,1,1,3,0,0,1.0,1,1.0,2.4,688,2.4,772,688,2,0.0,1,0.0,1,1.041666667,0.0,0.0,31,60,60,0
0,3,2,11,0,0,4.0,3,1.0,2.4,688,2.4,772,688,4,0.0,2,1.0,2,1.041666667,0.0,1.0,31,60,60,0
0,1,1,3,0,0,1.0,0,0.0,2.5,170,2.636363636,150,197,0,0.0,0,1.0,0,1.1,0.0,1.0,18,29,25,0
0,1,1,3,0,0,0.0,0,0.0,1.875,375,1.875,1021,375,1,0.0,0,0.0,0,1.043478261,0.0,0.0,71,45,45,0
0,3,3,14,0,0,4.0,4,1.0,1.875,375,1.875,1021,375,3,0.0,1,0.0,1,1.043478261,0.0,0.0,71,45,45,0
0,4,2,17,0,0,5.0,5,0.5,1.571428571,84,1.571428571,154,84,4,0.0,2,0.0,1,0.0,0.0,0.0,17,22,22,0
0,1,1,4,0,0,3.0,2,0.0,2.631578947,339,2.631578947,377,339,1,0.0,0,1.0,0,1.0555555559999998,0.0,1.0,30,50,50,0
0,1,1,3,0,0,1.0,0,0.0,2.631578947,339,2.631578947,377,339,0,0.0,0,1.0,0,1.0555555559999998,0.0,1.0,30,50,50,0
0,1,1,5,0,0,6.0,3,0.0,2.0,42,1.75,8,52,0,0.0,0,3.0,0,1.142857143,0.0,1.0,8,14,12,0
0,1,1,3,0,0,2.0,1,0.0,0.0,0,1.0,0,40,0,1.0,0,0.0,0,0.0,0.166666667,0.0,4,4,0,0
0,1,0,1,0,0,11.61722488,0,0.0,1.6818181819999998,347,1.6666666669999999,218,373,0,0.495910908,0,2.208133971,0,0.904347826,0.21637426899999998,0.8923444979999999,26,40,37,0
0,1,1,3,0,0,1.0,0,0.0,1.0,67,1.0,0,107,0,1.0,0,0.0,0,0.8,0.23636363600000002,0.0,11,11,7,0
0,1,0,1,0,0,0.0,0,0.0,1.0,5,1.0,0,5,0,0.0,0,0.0,0,0.0,0.0,0.0,3,3,3,0
0,1,3,27,0,0,0.0,0,1.0,1.8181818180000002,423,1.8181818180000002,306,423,2,0.0,1,0.0,1,0.8666666670000001,0.2,0.0,33,20,20,0
0,16,5,63,0,0,13.0,9,0.0,2.631578947,339,2.631578947,377,339,2,0.0,0,4.0,0,1.0555555559999998,0.0,1.0,30,50,50,0
0,14,5,118,0,0,38.0,34,0.0,4.555555556,429,4.555555556,2,429,0,0.333333333,0,0.0,0,0.875,1.0,0.0,10,41,41,0
0,1,1,4,0,0,0.0,1,0.0,1.0,60,1.0,6,71,0,0.0,0,0.0,0,1.0,0.166666667,0.0,11,5,4,0
0,1,1,3,0,0,2.0,1,0.0,2.166666667,191,1.875,270,225,0,1.0,0,0.0,0,0.922222222,0.21666666699999998,0.0,108,30,26,0
0,1,1,3,0,0,2.0,1,0.0,2.534883721,716,2.263157895,976,882,0,1.0,0,0.0,0,0.963010204,0.091764706,0.0,83,129,109,0
0,1,1,4,0,0,2.0,1,0.0,1.692307692,222,1.692307692,46,222,0,1.0,0,0.0,0,0.7777777779999999,0.545454545,0.0,15,22,22,0
0,1,1,4,0,0,2.0,1,0.0,2.90625,643,2.5714285709999998,414,741,0,1.0,0,0.0,0,0.864915572,0.24182076800000002,0.0,51,108,93,0
0,1,1,4,0,0,0.0,2,0.0,1.475247525,899,1.4363636359999998,3796,957,0,0.0,0,0.0,0,0.9731827809999999,0.016139993000000002,0.0,220,158,149,0
0,2,2,9,0,0,2.0,1,1.0,1.939130435,1190,1.9338842980000002,24104,1247,3,1.0,1,0.0,1,0.861904762,0.884542952,0.0,421,234,223,0
0,6,3,17,0,0,14.0,0,0.25,3.112676056,1779,3.0533333330000003,10273,1828,7,0.5,4,6.0,1,0.9902143520000001,0.011538462,1.0,395,229,221,0
0,1,1,207,0,0,0.0,0,0.0,2.0,392,2.0,0,392,0,0.0,0,0.0,0,1.5,0.0,0.0,3,6,6,0
0,1,1,207,0,0,0.0,0,0.0,2.0,392,2.0,0,392,0,0.0,0,0.0,0,1.5,0.0,0.0,3,6,6,0
0,2,1,5,0,0,3.0,2,0.0,2.489130435,1531,2.458333333,8625,1583,1,1.0,0,0.0,0,0.9263157890000001,0.8023335620000001,0.0,210,236,229,0
0,1,1,3,0,0,1.0,1,0.0,1.111111111,88,1.111111111,2,88,0,0.0,0,0.0,0,1.0,0.0,0.0,10,10,10,0
0,1,1,5,0,0,2.0,1,0.0,1.382352941,668,1.519230769,1762,985,0,0.0,0,1.0,0,0.9441930620000001,0.069380204,1.0,80,79,47,0
0,13,3,74,0,0,24.0,10,0.333333333,5.0,296,4.444444444,485,340,16,0.071428571,6,13.0,2,0.78125,0.571428571,4.0,180,40,35,1
0,2,1,6,0,0,4.0,1,1.0,1.7222222219999999,264,1.7222222219999999,468,264,4,0.666666667,3,0.0,3,0.882352941,0.164835165,0.0,119,31,31,0
0,1,1,3,0,0,0.0,2,0.0,1.5287356319999998,1643,1.418181818,438,1929,0,0.0,0,0.0,0,0.9908256879999999,0.000849473,0.0,111,156,133,0
0,3,2,7,0,0,4.0,4,0.0,5.0,178,5.0,0,178,0,0.0,0,0.0,0,0.9285714290000001,0.333333333,0.0,8,40,40,0
0,3,3,15,0,0,4.0,2,0.0,2.7037037039999996,657,2.6,0,709,0,1.0,0,0.0,0,0.606896552,0.920634921,0.0,30,78,73,0
0,1,1,7,0,0,5.0,2,0.0,3.736842105,578,2.540540541,292,799,0,1.0,0,0.0,0,0.963541667,0.1,0.0,42,94,71,0
0,12,5,94,0,0,19.0,10,0.428571429,2.293103448,1155,2.0,888,1601,4,0.28571428600000004,7,5.0,3,0.960153257,0.058823529000000006,2.0,196,176,133,1
0,7,5,26,0,0,11.0,7,0.666666667,2.293103448,1155,2.0,888,1601,0,0.25,3,3.0,2,0.960153257,0.058823529000000006,2.0,196,176,133,0
0,9,5,51,0,0,15.0,9,0.3,6.25,780,5.947368421,826,880,14,0.0,10,5.0,3,0.875,0.194444444,3.0,55,113,100,0
0,9,5,53,0,0,8.0,10,0.0,5.8,612,5.8,162,612,0,0.0,0,0.0,0,1.0,0.0,0.0,20,58,58,1
0,8,5,38,0,0,14.0,8,0.8,5.96,1014,5.666666667,1689,1032,8,0.75,5,2.0,4,0.9540942929999999,0.30952381,2.0,162,153,149,0
0,12,5,36,0,0,10.0,4,0.5,6.5,60,6.5,19,60,9,0.5,4,3.0,2,1.0,1.0,2.0,31,13,13,0
0,9,5,51,0,0,18.0,7,0.625,5.5,95,5.5,26,95,10,0.727272727,8,3.0,5,1.0,1.0,1.0,11,11,11,1
0,6,5,55,0,0,13.0,8,1.0,4.5,310,4.0,42,319,2,0.6,1,0.0,1,0.75,1.0,0.0,8,28,27,0
0,9,5,37,0,0,4.0,3,0.0,9.571428571,467,8.5,48,478,0,1.0,0,0.0,0,0.8,1.0,0.0,13,68,67,0
0,7,5,55,0,0,5.0,5,0.25,5.8,612,5.8,162,612,8,0.0,4,0.0,1,1.0,0.0,0.0,20,58,58,0
0,6,5,36,0,0,12.0,6,0.5,3.0,118,3.0,35,118,6,1.0,2,0.0,1,0.833333333,1.0,0.0,175,12,12,0
0,16,5,127,0,0,14.0,13,0.0,5.708333333,1269,5.52,178,1283,0,0.0,0,0.0,0,0.99537037,0.003952569,0.0,35,138,137,1
0,20,5,106,0,0,12.0,12,0.0,5.708333333,1269,5.52,178,1283,0,0.0,0,0.0,0,0.99537037,0.003952569,0.0,35,138,137,1
0,8,5,38,0,0,3.0,3,0.0,6.8888888889999995,443,5.818181817999999,50,465,0,0.0,0,0.0,0,0.825,0.7142857140000001,0.0,17,64,62,0
0,8,5,21,0,0,5.0,5,0.5,3.266666667,391,3.266666667,48,391,4,0.0,2,0.0,1,0.935714286,0.342857143,0.0,17,49,49,0
0,20,5,162,0,0,39.0,21,0.7,2.964705882,2687,2.4379562040000002,29122,3578,18,0.25,20,6.0,14,0.979309166,0.046379829000000004,4.0,330,334,252,1
0,5,5,32,0,0,5.0,3,1.0,2.964705882,2687,2.4379562040000002,29122,3578,2,0.0,1,0.0,1,0.979309166,0.046379829000000004,0.0,330,334,252,0
0,14,5,60,0,0,9.0,4,0.0,10.53333333,2082,10.53333333,1782,2082,0,1.0,0,0.0,0,0.952060555,0.420634921,0.0,63,316,316,1
0,9,5,53,0,0,8.0,10,0.0,5.8,612,5.8,162,612,0,0.0,0,0.0,0,1.0,0.0,0.0,20,58,58,1
0,10,6,85,0,0,30.0,11,0.333333333,3.222222222,279,2.75,334,330,24,0.14285714300000002,21,12.0,7,0.8863636359999999,0.151515152,6.0,276,33,29,1
0,19,7,120,0,0,14.0,16,0.2,5.8,612,5.8,162,612,10,1.0,5,0.0,1,1.0,0.0,0.0,20,58,58,1
0,39,7,245,0,0,34.0,20,0.7692307690000001,5.25,770,5.117647058999999,672,787,22,0.666666667,13,3.0,10,0.9285714290000001,0.141666667,3.0,69,87,84,1
0,15,6,54,0,0,10.0,3,0.666666667,8.0,77,8.0,15,77,7,0.571428571,3,3.0,2,1.0,1.0,2.0,30,16,16,1
0,8,6,28,0,0,9.0,2,0.0,2.785714286,204,2.875,0,232,0,1.0,0,0.0,0,0.8615384620000001,0.705128205,0.0,16,46,39,0
0,16,6,66,0,0,15.0,6,0.0,7.25,227,7.25,52,227,0,0.8888888890000001,0,1.0,0,0.7333333329999999,1.0,1.0,10,29,29,0
0,15,6,130,0,0,21.0,18,0.0,5.125,452,4.666666667,0,464,0,1.0,0,0.0,0,0.75,0.428571429,0.0,9,42,41,1
0,33,8,169,0,0,22.0,19,0.666666667,4.536585366000001,2060,4.476190476,1192,2069,6,0.666666667,3,1.0,2,0.999322493,0.008403361,1.0,70,188,186,1
0,11,6,85,0,0,16.0,8,0.272727273,3.0,537,2.807692308,519,614,20,0.625,11,3.0,3,0.91,0.221343874,2.0,55,73,63,1
0,35,10,197,0,0,37.0,22,1.0,5.708333333,1269,5.52,178,1283,2,0.571428571,1,6.0,1,0.99537037,0.003952569,2.0,35,138,137,1
0,19,7,120,0,0,14.0,16,0.2,5.8,612,5.8,162,612,10,1.0,5,0.0,1,1.0,0.0,0.0,20,58,58,1
0,10,7,46,0,0,9.0,4,0.571428571,3.0,226,2.666666667,277,346,6,0.333333333,7,2.0,4,0.857142857,0.295238095,2.0,81,40,24,0
0,38,7,200,0,0,27.0,21,0.571428571,3.5588235289999997,1157,3.133333333,1768,1404,10,0.4,7,4.0,4,0.913636364,0.18466899,3.0,69,141,121,1
0,7,7,48,0,0,23.0,13,0.7142857140000001,2.0,128,2.625,160,216,18,0.222222222,14,7.0,10,0.892857143,0.166666667,5.0,36,21,10,0
0,16,6,54,0,0,8.0,7,0.333333333,10.53333333,2082,10.53333333,1782,2082,12,1.0,6,0.0,2,0.952060555,0.420634921,0.0,63,316,316,1
0,16,6,99,0,0,28.0,7,0.28571428600000004,10.53333333,2082,10.53333333,1782,2082,0,0.384615385,7,8.0,2,0.952060555,0.420634921,2.0,63,316,316,1
0,15,6,72,0,0,20.0,5,0.5,5.0,118,5.0,47,118,11,0.666666667,6,5.0,3,1.0,0.0,4.0,26,20,20,1
0,25,8,152,0,0,29.0,16,0.571428571,7.0,231,4.428571429,168,264,46,0.083333333,28,11.0,16,0.9,0.133333333,4.0,40,31,28,1
